Timestamp (Current Time),X,Y
13:58:32.8773,0.06753729348925885,1.0000000000000002
13:58:32.9008,0.09328131478582272,0.8290631673540301
13:58:32.9348,0.10488836671742852,0.731951619410097
13:58:32.9595,0.1125723765070736,0.6721959177209517
13:58:32.9903,0.11670964335834635,0.6420651266479047
13:58:33.0221,0.12606396597645306,0.6286863509518367
13:58:33.0515,0.12903698248644976,0.691440225898709
13:58:33.0799,0.12770704090856508,0.6801234467462461
13:58:33.1113,0.12715405211540534,0.6686330349246787
13:58:33.1426,0.1253479324639408,0.6489171011982455
13:58:33.1720,0.11722260851553949,0.5794407005029453
13:58:33.2020,0.1075162941648367,0.519691576749084
13:58:33.2334,0.10403385270823014,0.482103020519621
13:58:33.2618,0.10175626785766517,0.4525281270340792
13:58:33.2915,0.10036627848200007,0.4318540487719151
13:58:33.3233,0.04316822678282861,0.43699675304426544
13:58:33.3533,-0.01157448890678478,0.44456088217310663
13:58:33.3824,-0.05004741882481062,0.4507342123813002
13:58:33.4137,-0.07974183619169137,0.4552321548838161
13:58:33.4432,-0.10134358891686968,0.45829064656697877
13:58:33.4752,-0.1185339775660757,0.4620353534234648
13:58:33.5049,-0.13146438687638512,0.46456972018766485
13:58:33.5351,-0.14256272486601707,0.4662760117779794
13:58:33.5632,-0.13914965573673976,0.4621523910267283
13:58:33.5943,-0.11560577409827402,0.4532654763458379
13:58:33.6245,-0.09336246312743543,0.445402733777493
13:58:33.6551,-0.06683752173902857,0.4372082398692506
13:58:33.6860,-0.04040822034922434,0.4286822428450837
13:58:33.7159,-0.023609871756242018,0.42530217700491596
13:58:33.7450,-0.026694718432906356,0.4263331752767186
13:58:33.7764,-0.030125093612524523,0.42791473432060706
13:58:33.8054,-0.031180293617758315,0.43057122727951685
13:58:33.8364,-0.03292329185765153,0.43199677755638277
13:58:33.8657,-0.03466774666954206,0.4332478263802386
13:58:33.8979,-0.0354145484139228,0.434343859332964
13:58:33.9274,-0.035322265937212216,0.43545826085969036
13:58:33.9571,-0.036012853877561396,0.43726371792721325
13:58:33.9881,-0.03695989724008006,0.4385142703031231
13:58:34.0173,-0.037846332394914306,0.44175806118212085
13:58:34.0478,-0.03917642950506309,0.44527117507180974
13:58:34.0790,-0.04037407731410109,0.448874890711639
13:58:34.1083,-0.044811091869822545,0.45120546559401653
13:58:34.1387,-0.05018868162088824,0.45473620338578746
13:58:34.1690,-0.055099378327665344,0.45854557258723666
13:58:34.2004,-0.059606579903528134,0.46166140400815947
13:58:34.2298,-0.06457479886036827,0.46391068553938364
13:58:34.2594,-0.06796350126826695,0.4650072149400549
13:58:34.2882,-0.07016840564493251,0.46345047829346525
13:58:34.3200,-0.07307594554050123,0.4619030500458626
13:58:34.3503,-0.07462176343221696,0.46064753319049295
13:58:34.3795,-0.07603644046885336,0.45981424531317466
13:58:34.4095,-0.076897570771192,0.4593405098607285
13:58:34.4395,-0.07668831815679955,0.4584986582563421
13:58:34.4714,-0.07647657208864903,0.45636132573693516
13:58:34.5010,-0.0764514153621193,0.45349843454448646
13:58:34.5307,-0.07684106071522878,0.4506732733959318
13:58:34.5606,-0.07653616810223365,0.4501762048900248
13:58:34.5927,-0.07638490680346272,0.449099409295206
13:58:34.6220,-0.07604189644192796,0.4487849095214311
13:58:34.6517,-0.0761147250417932,0.4485952664060688
13:58:34.6816,-0.07657855681612133,0.448133693928299
13:58:34.7131,-0.07666051985054592,0.44693514447472993
13:58:34.7434,-0.07632353327828814,0.44633320134023585
13:58:34.7716,-0.07654500628486138,0.44580808352538126
13:58:34.8027,-0.07708267885315453,0.4452986038208248
13:58:34.8320,-0.07747086763426672,0.44436118598683844
13:58:34.8635,-0.07783315905902002,0.44328054292043834
13:58:34.8939,-0.07795573329574235,0.44303194661149153
13:58:34.9228,-0.09119745401089943,0.44445700044041153
13:58:34.9529,-0.11667549044815889,0.44794591249273413
13:58:34.9845,-0.14635228082510615,0.4522249214510753
13:58:35.0142,-0.1781709726679203,0.46077065228109465
13:58:35.0443,-0.20497140366510552,0.46422692288096945
13:58:35.0753,-0.21898140438968838,0.46497010545609335
13:58:35.1059,-0.2104108360069042,0.46210224978418485
13:58:35.1359,-0.20344792810656875,0.45827364322482916
13:58:35.1656,-0.1991749877456624,0.45691883678026457
13:58:35.1951,-0.19616630250309436,0.4565075296570247
13:58:35.2251,-0.19440064099042953,0.45595585187706045
13:58:35.2567,-0.19362865783185806,0.4557614925062114
13:58:35.2859,-0.19277940229444662,0.45548397810441166
13:58:35.3160,-0.1914489842447052,0.45486192882810556
13:58:35.3507,-0.19001166862295815,0.45383899783542503
13:58:35.3778,-0.18879061691131938,0.45288842413087027
13:58:35.4073,-0.18774756323528347,0.4522260384589537
13:58:35.4371,-0.1855197487092366,0.4512168838967739
13:58:35.4674,-0.1837493965409872,0.45084392737736056
13:58:35.4975,-0.18211211086537293,0.44940609001383175
13:58:35.5271,-0.1808320556440129,0.4484750018911565
13:58:35.5585,-0.17848870286462049,0.44770451467900396
13:58:35.5890,-0.17601104920954436,0.44568769489848237
13:58:35.6185,-0.17455126781631353,0.4443958132310701
13:58:35.6488,-0.17259847383348648,0.44404097706168477
13:58:35.6786,-0.1714109973407687,0.444681643135965
13:58:35.7094,-0.16941845622377794,0.4450876134437856
13:58:35.7400,-0.16781820203962056,0.44505857123894615
13:58:35.7697,-0.1664682807377118,0.44442857879550446
13:58:35.7998,-0.16553607465943687,0.44467183828903195
13:58:35.8311,-0.16416837824162883,0.4446336117971919
13:58:35.8603,-0.15748295965061043,0.44493743794012836
13:58:35.8894,-0.14948045434677504,0.44469119975892496
13:58:35.9195,-0.14067856258069017,0.445421102351494
13:58:35.9502,-0.13251188433139588,0.4463360559159251
13:58:35.9802,-0.12452740102006954,0.4459758829311206
13:58:36.0113,-0.11609631792177302,0.44787951257996
13:58:36.0410,-0.10904687976973335,0.45239483076058506
13:58:36.0719,-0.10198825780781232,0.45706715060412456
13:58:36.1011,-0.09529454416270758,0.4613315143480594
13:58:36.1319,-0.09127206012235459,0.4633384051696615
13:58:36.1616,-0.08774634119606542,0.46508490904359995
13:58:36.1918,-0.08519771051569691,0.4659180728089317
13:58:36.2233,-0.08186504909820302,0.4649535985618897
13:58:36.2534,-0.07857833141777665,0.46486448615558723
13:58:36.2834,-0.07651733141691261,0.4655631125275599
13:58:36.3149,-0.07553819409513127,0.4668299235737005
13:58:36.3451,-0.07448990663496943,0.4678908328342481
13:58:36.3734,-0.07671335144502442,0.4691370412906307
13:58:36.4031,-0.07886922612700106,0.47035457987813334
13:58:36.4338,-0.08093316395952069,0.4705880345247278
13:58:36.4634,-0.08228473933471453,0.470788723606888
13:58:36.4946,-0.08333243429101306,0.471355170713245
13:58:36.5257,-0.08506703872617605,0.4722385998331067
13:58:36.5541,-0.08636622688478882,0.472184611118982
13:58:36.5848,-0.0872554517453128,0.472174558048076
13:58:36.6157,-0.08827431151359685,0.47245008665809185
13:58:36.6463,-0.09008544769777077,0.4729495132917423
13:58:36.6756,-0.09140655849932602,0.4729924560390691
13:58:36.7059,-0.09296074550811104,0.4730700260306276
13:58:36.7375,-0.0944116640310532,0.47298178240823063
13:58:36.7656,-0.09546834529594525,0.47295931813867526
13:58:36.7962,-0.09608003147183031,0.47277401894284027
13:58:36.8258,-0.09644849481182641,0.4725527272709221
13:58:36.8574,-0.09659432482518368,0.4717517085100921
13:58:36.8873,-0.096301948856301,0.4704041005607443
13:58:36.9170,-0.0963403381691113,0.46889266478922476
13:58:36.9475,-0.09696029471142167,0.4673169390087015
13:58:36.9792,-0.09721131884817752,0.4655808605416285
13:58:37.0094,-0.0965344325596674,0.46484140132609947
13:58:37.0388,-0.09544553389720783,0.46473987772114767
13:58:37.0682,-0.09475245250310055,0.4637066454335881
13:58:37.0980,-0.09426509338786679,0.46280819876336066
13:58:37.1291,-0.0937583050834487,0.46221854271552937
13:58:37.1594,-0.0935361161347073,0.4603989368815462
13:58:37.1894,-0.09415133264611122,0.4581428291910649
13:58:37.2185,-0.095125779312308,0.45655158941222995
13:58:37.2501,-0.0955423589035371,0.45549415528730414
13:58:37.2798,-0.0954746653371539,0.454276989035761
13:58:37.3097,-0.09546965374197675,0.4539557872147155
13:58:37.3405,-0.09874963169095796,0.45411750513311677
13:58:37.3703,-0.10191525639432031,0.45448835174875973
13:58:37.4010,-0.10489372393985943,0.4563379926834744
13:58:37.4292,-0.10785881077315218,0.4564876717391857
13:58:37.4603,-0.10990712131627706,0.45566878085230067
13:58:37.4910,-0.11108682119578892,0.4548817867459446
13:58:37.5209,-0.11279730578618297,0.4537372260065002
13:58:37.5517,-0.11423239951844255,0.45313292474426276
13:58:37.5820,-0.11591387610719539,0.45264739865309955
13:58:37.6123,-0.11726330365588472,0.4523201153447159
13:58:37.6426,-0.11857495908328797,0.4518185788072951
13:58:37.6729,-0.1196083845715451,0.4515920744319442
13:58:37.7028,-0.12049960913260777,0.45169310158895004
13:58:37.7329,-0.12114222894768978,0.45292714707065623
13:58:37.7637,-0.12149353436331084,0.4558645054550011
13:58:37.7936,-0.12122394510550466,0.4590167016879666
13:58:37.8251,-0.12211097276420219,0.46151594475998897
13:58:37.8537,-0.12236969945118104,0.4630857131651604
13:58:37.8838,-0.12298343470292666,0.4640624744988654
13:58:37.9142,-0.12341843128924035,0.46444672520904967
13:58:37.9453,-0.12339176861539136,0.46425782676560634
13:58:37.9751,-0.12328511791999552,0.464986115902351
13:58:38.0049,-0.12398698812140857,0.4652118756057829
13:58:38.0351,-0.12419732699288377,0.464449331560766
13:58:38.0648,-0.12347842230540051,0.4632942213024697
13:58:38.0960,-0.12222404225145056,0.46196882939870426
13:58:38.1254,-0.12080993303101656,0.4603584763739493
13:58:38.1552,-0.11890997064266806,0.45845521906106934
13:58:38.1854,-0.11676263789138747,0.45553312645106314
13:58:38.2174,-0.11561589603927222,0.45265236313255935
13:58:38.2452,-0.11396478527351406,0.45042566998287703
13:58:38.2771,-0.11231258825067314,0.45085124998456366
13:58:38.3072,-0.11121645610354902,0.44969862196599725
13:58:38.3381,-0.10994449843498755,0.44834878000089246
13:58:38.3671,-0.10798521159732508,0.4460833639114241
13:58:38.3971,-0.10638024206992219,0.44434318974879683
13:58:38.4276,-0.10536696171301763,0.44264868879719915
13:58:38.4583,-0.10270442216492773,0.4406995100493166
13:58:38.4883,-0.09495126223690212,0.4354952462316654
13:58:38.5185,-0.08712302713186293,0.4298641612924626
13:58:38.5478,-0.07899725633679805,0.42575009716417156
13:58:38.5784,-0.07184857378765386,0.42151527207302214
13:58:38.6075,-0.0665165821464021,0.4174580512345451
13:58:38.6393,-0.061435343077635485,0.4125489257207758
13:58:38.6700,-0.056087921648276695,0.40660321689581164
13:58:38.7003,-0.05068547142261298,0.4006817099082137
13:58:38.7295,-0.04628156302025396,0.3970922671468312
13:58:38.7593,-0.04186854487099656,0.3950558376724436
13:58:38.7912,-0.038407137301537525,0.3935674867304119
13:58:38.8213,-0.03677686292163909,0.3912854396347534
13:58:38.8504,-0.03387063147210184,0.3877245426302645
13:58:38.8807,-0.03143149056814096,0.3858076329988703
13:58:38.9106,-0.029107097912374452,0.38485395649465315
13:58:38.9422,-0.02865800467164617,0.3836846974698966
13:58:38.9717,-0.028931543955207806,0.38203177403377436
13:58:39.0006,-0.02871582317364088,0.3812106491311324
13:58:39.0323,-0.02742900353317468,0.3800953788205006
13:58:39.0625,-0.026986970963484208,0.37981786441870086
13:58:39.0921,-0.026179116633521515,0.3796444799735692
13:58:39.1228,-0.02531255504576918,0.3790957808812808
13:58:39.1529,-0.024011293123634786,0.37911625935905224
13:58:39.1840,-0.022957278126127606,0.37864326857852504
13:58:39.2143,-0.02201801137681489,0.37803288582894934
13:58:39.2446,-0.021502829267666557,0.3775497178655296
13:58:39.2733,-0.020581238883609243,0.37618572713396453
13:58:39.3026,-0.02028619664734166,0.3746124835931712
13:58:39.3329,-0.01963698522678034,0.37241334330449044
13:58:39.3644,-0.019123580629221926,0.3701411010557649
13:58:39.3938,-0.01826965912388684,0.36831677896629494
13:58:39.4252,-0.02386679624396995,0.36837684916775787
13:58:39.4542,-0.033969826493884386,0.36773171506196395
13:58:39.4850,-0.045660446157877926,0.36679615890777495
13:58:39.5155,-0.0724127362161692,0.3358053958803137
13:58:39.6336,-0.00976100739481861,0.10727007680484123
13:58:39.6661,-0.07263904800429277,0.1433279723160768
13:58:39.6962,-0.08519492081000715,0.17743452953086483
13:58:39.7272,-0.10400464720530131,0.21285410468436497
13:58:39.7572,-0.12395711605163334,0.24920787076020276
13:58:39.7876,-0.13703515757455098,0.277349767249689
13:58:39.8183,-0.14180234490810212,0.29997935397104686
13:58:39.8473,-0.14377217337699927,0.31729868523828797
13:58:39.8776,-0.14137623587973808,0.32913685884601057
13:58:39.9088,-0.1387862533672427,0.3358153248392332
13:58:39.9385,-0.1366981710022932,0.3400240864132189
13:58:39.9687,-0.13445579075627323,0.3442396741464618
13:58:39.9983,-0.13228599223350884,0.3489088911903389
13:58:40.0291,-0.13131601403394783,0.35104845772550275
13:58:40.0578,-0.13061290944948623,0.3538955866956668
13:58:40.0892,-0.1292634819007969,0.3563312844306044
13:58:40.1192,-0.12735487883110846,0.35838037332761435
13:58:40.1507,-0.12304169758281885,0.35843163157803626
13:58:40.1792,-0.09844414657409956,0.3469145356793727
13:58:40.2103,-0.05514203860582367,0.32686896051681236
13:58:40.2410,-0.003849250723317682,0.3042115727104799
13:58:40.2711,0.04268234892725316,0.28433801676119974
13:58:40.3001,0.0817659528270642,0.26843790605951334
13:58:40.3314,0.11375899386918961,0.2560794550044095
13:58:40.3607,0.1391788488958381,0.24908760624529042
13:58:40.3906,0.15825331342355758,0.2417443964524079
13:58:40.4219,0.17043319315267963,0.23941518680188179
13:58:40.4527,0.17555017995453265,0.2370139921991894
13:58:40.4813,0.17824244344643192,0.23714803314460253
13:58:40.5134,0.1828179310925412,0.23547177665501945
13:58:40.5417,0.18792931379535374,0.23308237269104398
13:58:40.5725,0.19009538448131152,0.2311638496038253
13:58:40.6033,0.17574089213553565,0.23304786955879872
13:58:40.6330,0.16164070738542477,0.23669477616992776
13:58:40.6637,0.13510691670494274,0.24523591485644688
13:58:40.6928,0.10334284507764445,0.25854965587159234
13:58:40.7229,0.0713450936298057,0.2702725294438624
13:58:40.7538,0.042590955206337516,0.28052815111180457
13:58:40.7826,0.015828370393421234,0.2917986364933053
13:58:40.8143,-0.005814882289849749,0.30350438261143914
13:58:40.8439,-0.021603036483548915,0.3145412892343588
13:58:40.8752,-0.03260896855816536,0.32158054877231845
13:58:40.9048,-0.039800632325060564,0.32704271729790346
13:58:40.9350,-0.004162389015077234,0.35781342977331143
13:58:40.9644,0.05458735623912114,0.4050763912379669
13:58:40.9962,0.11140430204711309,0.448288833911416
13:58:41.0257,0.15527410771695538,0.486804630791973
13:58:41.0561,0.18877190366430302,0.5158190345465095
13:58:41.0858,0.20955918576637833,0.5296317057473594
13:58:41.1165,0.21995767794279686,0.5401042751676925
13:58:41.1469,0.22972167254459291,0.5478581715238824
13:58:41.1770,0.2359334583598776,0.553018003250369
13:58:41.2055,0.24059429124996456,0.5582133310049926
13:58:41.2377,0.2442365359360381,0.5595337584292984
13:58:41.2674,0.24020874404857634,0.5593807283499517
13:58:41.2973,0.21656147048596291,0.5501644204569073
13:58:41.3275,0.19354074507113925,0.5388174820917264
13:58:41.3591,0.15890928926322503,0.5210296280754718
13:58:41.3883,0.12101554421541555,0.5009845493608575
13:58:41.4187,0.08467450491673274,0.4826667371622751
13:58:41.4485,0.05323770650148309,0.4645565643170966
13:58:41.4772,0.02708048782324317,0.45314397071106066
13:58:41.5093,0.007010703211975694,0.445257150417336
13:58:41.5397,-0.008544671026425393,0.44149159274711897
13:58:41.5701,-0.020108889866246038,0.4410369705405928
13:58:41.5997,-0.028582065426498576,0.44541961300765615
13:58:41.6303,-0.035510632790422964,0.44630093222374745
13:58:41.6592,-0.040749897577066624,0.44709847584895557
13:58:41.6900,-0.04537996964158339,0.4483732300622317
13:58:41.7205,-0.04828926236108108,0.44941974233234605
13:58:41.7504,-0.05063528140785839,0.45233649812693305
13:58:41.7802,-0.05259106259766294,0.454364736210212
13:58:41.8124,-0.05547724766649151,0.45716557140941394
13:58:41.8420,-0.05819377912912557,0.4596380062923537
13:58:41.8703,-0.06096904253721025,0.4613802903587514
13:58:41.9027,-0.06356077787363457,0.4636834364921138
13:58:41.9325,-0.06502786681451295,0.46611392152361875
13:58:41.9621,-0.06595019782839934,0.4687547763722303
13:58:41.9933,-0.06641946088814116,0.47146414103738643
13:58:42.0227,-0.0666559439925849,0.4738206553249411
13:58:42.0530,-0.05696551862048321,0.47542914666989866
13:58:42.0833,-0.03378205214453697,0.4746098834470542
13:58:42.1116,-0.0020677150446483383,0.4738364175472258
13:58:42.1449,0.0328303675017555,0.47185794837053074
13:58:42.1739,0.06306583964648248,0.4699376877155012
13:58:42.2036,0.09098738670369477,0.46920716456299966
13:58:42.2351,0.11620609654381377,0.47100393379146804
13:58:42.2627,0.13608222620489044,0.47082781888263353
13:58:42.2931,0.1525615460302055,0.4713176888933239
13:58:42.3238,0.16637214698588954,0.47284190819945227
13:58:42.3544,0.18430679455039622,0.5004708498487603
13:58:42.3852,0.20592222423975265,0.573555061879444
13:58:42.4153,0.2251821054451968,0.6425847835353536
13:58:42.4459,0.24008426886195922,0.7019882554068302
13:58:42.4757,0.2551318179141814,0.744105409799473
13:58:42.5048,0.26508533968925385,0.7686397431775487
13:58:42.5364,0.26933324676193543,0.7820218698972521
13:58:42.5663,0.27232862535523994,0.7938992628927067
13:58:42.5970,0.2767790453108687,0.7994208810598221
13:58:42.6258,0.2803259462502713,0.801405059387896
13:58:42.6569,0.2836200455413281,0.8035539343220468
13:58:42.6855,0.28491143239907396,0.8031217763850759
13:58:42.7158,0.2860798006422,0.803659057174607
13:58:42.7480,0.2856901552890906,0.8025375812646504
13:58:42.7775,0.2850812341312343,0.8021800146315622
13:58:42.8082,0.2837836753582456,0.8021168416304371
13:58:42.8383,0.28282865788123324,0.8024421391470368
13:58:42.8684,0.282217983899448,0.8024039126551967
13:58:42.8981,0.28173005696801195,0.8030075933575017
13:58:42.9281,0.2786078084849761,0.8014082862995447
13:58:42.9584,0.2492525748921796,0.7824005355680442
13:58:42.9891,0.19161807003469716,0.7427770392080316
13:58:43.0195,0.12911305751373273,0.6973720341811859
13:58:43.0502,0.07516876793635709,0.6615946441706245
13:58:43.0797,0.038292265615038054,0.6343227727064588
13:58:43.1095,0.014592901087775292,0.6144956346401271
13:58:43.1403,-0.0022780045408015703,0.5980677997718699
13:58:43.1704,-0.016770945289304284,0.5847185627285872
13:58:43.2006,-0.02676330075508454,0.5761198360803351
13:58:43.2309,-0.03215530810015743,0.568221845707826
13:58:43.2608,-0.03907328445752514,0.5599641787984584
13:58:43.2908,-0.04214104727279738,0.552819920519925
13:58:43.3212,-0.04405871071406228,0.5462069856555711
13:58:43.3525,-0.045753000198859195,0.5390671954085515
13:58:43.3816,-0.04588838733162562,0.5341115278998472
13:58:43.4124,-0.04496573537814655,0.5280269377619966
13:58:43.4417,-0.04558833350018088,0.5220010525937576
13:58:43.4718,-0.045510048927240976,0.5165259764215773
13:58:43.5031,-0.046583221549661824,0.5132465654024558
13:58:43.5329,-0.048098871119670705,0.5118068663591296
13:58:43.5628,-0.05037954192785707,0.5125187727136571
13:58:43.5935,-0.05158469478583033,0.5147098457232159
13:58:43.6240,-0.051593088590560554,0.5165229977339014
13:58:43.6544,-0.05171934128876757,0.5176242433900594
13:58:43.6850,-0.05185206215414909,0.5184660949944457
13:58:43.7137,-0.05119754288647896,0.5202054003731675
13:58:43.7441,-0.05052448318541933,0.5224718093585279
13:58:43.7743,-0.04964819465924433,0.5253401614783824
13:58:43.8044,-0.04895261981137897,0.5275761630270518
13:58:43.8360,-0.048070751873824424,0.5296108549336285
13:58:43.8655,-0.0469237137697775,0.5314211523686246
13:58:43.8960,-0.04582760631031435,0.5321733951187626
13:58:43.9245,-0.04435360482436407,0.5325462275261894
13:58:43.9557,-0.04333797913966719,0.5311443826387439
13:58:43.9856,-0.04344744422841379,0.529639400690522
13:58:44.0165,-0.043193901950238894,0.5296360496668866
13:58:44.0474,-0.042856495687744606,0.5313837946606901
13:58:44.0775,-0.042753943144069995,0.5311562973894473
13:58:44.1071,-0.04231778623769067,0.53167794006868
13:58:44.1371,-0.04134674646870792,0.532331886125515
13:58:44.1656,-0.04044705403993215,0.5346901379808805
13:58:44.1974,-0.03907812323907553,0.536482687401808
13:58:44.2271,-0.037095580624778135,0.5406336127900879
13:58:44.2578,-0.035627899180036476,0.5454822957664347
13:58:44.2871,-0.030832888852570683,0.546442550205936
13:58:44.3186,-0.014157410748242366,0.5474231590112223
13:58:44.3480,0.002715840208126763,0.5436974412886697
13:58:44.3792,0.019276076311041224,0.5364100818897094
13:58:44.4080,0.037289008448487815,0.5273960765346495
13:58:44.4382,0.05547026105843647,0.5222428227434472
13:58:44.4690,0.07154580431350209,0.5208954630180722
13:58:44.4998,0.08598003780421515,0.5170818740090823
13:58:44.5294,0.09898189320537544,0.5116780381171493
13:58:44.5598,0.10952872859903809,0.5081754737463123
13:58:44.5896,0.11944884056251813,0.506026474700175
13:58:44.6195,0.1284510307283612,0.5061982456894822
13:58:44.6492,0.13604632293953994,0.5076296292297133
13:58:44.6808,0.14239201462793277,0.5083597800462554
13:58:44.7094,0.14778947547731422,0.507451776753068
13:58:44.7400,0.15214746729903278,0.5067929903287598
13:58:44.7724,0.1558824264958839,0.5062866134238657
13:58:44.8021,0.1597754311607409,0.5068621207052366
13:58:44.8317,0.16259246609118896,0.5072409104880153
13:58:44.8621,0.1655957941113262,0.507274544836355
13:58:44.8925,0.1685140731394174,0.508280720710859
13:58:44.9218,0.1705314994186672,0.5100395116714602
13:58:44.9534,0.172133086736517,0.5111815901711747
13:58:44.9830,0.17414313140513638,0.5116027021413476
13:58:45.0131,0.17631418899861034,0.5125093402026837
13:58:45.0428,0.17862060903718976,0.5141251541548444
13:58:45.0726,0.1817531522748506,0.5154056175194992
13:58:45.1022,0.19772597017261478,0.5108108676675183
13:58:45.1331,0.21710709248108884,0.5034465588369318
13:58:45.1647,0.23640551112530916,0.49639600510820125
13:58:45.1945,0.25647588824043993,0.4882650565370436
13:58:45.2236,0.2772602078231987,0.48113370590510574
13:58:45.2547,0.3134399749765867,0.4692991315449914
13:58:45.2853,0.35803258104681346,0.4535912703103837
13:58:45.3152,0.395817638667197,0.44025245867396656
13:58:45.3450,0.4240393383064979,0.42887995323956807
13:58:45.3761,0.44297107112231204,0.4181544435907609
13:58:45.4054,0.45577532648505836,0.4100587428237675
13:58:45.4362,0.46735161759109395,0.4022380742188439
13:58:45.4655,0.47422713117159104,0.39596930189303675
13:58:45.4951,0.48190227809094743,0.39222087167695596
13:58:45.5270,0.4881418375248249,0.389644306837348
13:58:45.5562,0.49237453699834816,0.3879263487203031
13:58:45.5855,0.4937842024398073,0.3865032806831671
13:58:45.6176,0.4944031221003569,0.38339948812493424
13:58:45.6487,0.49421623650680446,0.3780819100636143
13:58:45.6774,0.49435053738248813,0.3738928822954811
13:58:45.7074,0.4947173960245211,0.3691350492932475
13:58:45.7376,0.4937098925802838,0.36421413314076123
13:58:45.7680,0.4922957833598498,0.35884802729272236
13:58:45.7981,0.48908589368036604,0.3523461726562802
13:58:45.8285,0.4850852582199726,0.3448810848926609
13:58:45.8584,0.47760415631585035,0.3354526696146988
13:58:45.8880,0.4690851851444961,0.3288434581099396
13:58:45.9185,0.4599112503275743,0.3238694220272341
13:58:45.9514,0.4501630805164608,0.31797608846057024
13:58:45.9847,0.43968859971957275,0.3108894181437701
13:58:46.0110,0.37089112457603557,0.2589808209126713
13:58:46.0403,0.24790734424585542,0.14659920435528825
13:58:46.0700,0.14423580271250727,0.051664306366963585
13:58:46.0993,0.07315988358780336,-0.015758064533144336
13:58:46.1316,0.02798294527004773,-0.05682775099337678
13:58:46.1604,-0.0016751318598832998,-0.08196833419187796
13:58:46.1918,-0.022410594561579955,-0.09483787840736266
13:58:46.2207,-0.03661910876803273,-0.10236514627621526
13:58:46.2519,-0.044741497353544546,-0.10619896553900374
13:58:46.2806,-0.0481368160545835,-0.10844228969487624
13:58:46.3120,-0.04856531978606177,-0.10860624162903432
13:58:46.3418,-0.04938657951593184,-0.10891317057163308
13:58:46.3720,-0.048503970948548164,-0.11004258964872518
13:58:46.4020,-0.04718431671899018,-0.11012934392728421
13:58:46.4328,-0.04605201714854312,-0.1102981362289156
13:58:46.4634,-0.045951661806694966,-0.11137952396723463
13:58:46.4932,-0.04605804093782015,-0.11261195599311646
13:58:46.5239,-0.046102034349670945,-0.11297957569711059
13:58:46.5528,-0.04105980178523891,-0.10568228733923071
13:58:46.5825,-0.02822890843630463,-0.08497035492118604
13:58:46.6142,-0.007521095914895803,-0.05533225120092304
13:58:46.6453,0.012815759812758815,-0.024406076051233128
13:58:46.6733,0.031537943762248846,0.002814772975285207
13:58:46.7041,0.048627779568318874,0.024347557249601488
13:58:46.7340,0.06274490005385604,0.04263173758208385
13:58:46.7654,0.0752180691953167,0.05682816180405219
13:58:46.7954,0.08222403237638601,0.06919817885517746
13:58:46.8255,0.08508360414668756,0.07876304285109069
13:58:46.8548,0.08704099003445524,0.08735907626923595
13:58:46.8855,0.08825688202495098,0.09423641930961596
13:58:46.9170,0.08911080353028605,0.10128223196046246
13:58:46.9466,0.08999074583028482,0.10818117048649237
13:58:46.9759,0.08970380114681581,0.11456505667977233
13:58:47.0055,0.08962420812784447,0.11846461806180647
13:58:47.0363,0.09001664318664368,0.12232747952943444
13:58:47.0656,0.09116059533306917,0.1267086698862558
13:58:47.0972,0.09168268998728946,0.13122448451482677
13:58:47.1268,0.09149286656208142,0.13627360834936092
13:58:47.1576,0.09119236835273918,0.1404946321876122
13:58:47.1884,0.08837298809449884,0.14503175684426417
13:58:47.2193,0.04571377150557568,0.1546040923817643
13:58:47.2490,-0.018842511609064055,0.16741959823832972
13:58:47.2781,-0.08174997991041597,0.17943124316957446
13:58:47.3099,-0.13938813854172216,0.19160911128433014
13:58:47.3387,-0.18469962461177114,0.1998903594711316
13:58:47.3690,-0.21617960174605955,0.2049248380912595
13:58:47.4002,-0.23514293476791687,0.21066079765904944
13:58:47.4287,-0.24896703740538617,0.21745506013567062
13:58:47.4593,-0.2584984495531719,0.22235202267476356
13:58:47.4900,-0.2660891646720066,0.22603727988971914
13:58:47.5193,-0.27116988529989283,0.2255558494941103
13:58:47.5500,-0.27706258309712395,0.22680367140631735
13:58:47.5812,-0.27907882436864706,0.2290746725351779
13:58:47.6115,-0.27980439472459256,0.23258083615362315
13:58:47.6404,-0.2745209884001322,0.2289717836983747
13:58:47.6717,-0.2480274250288198,0.20638538794831662
13:58:47.7015,-0.18377556546161672,0.1514428607961822
13:58:47.7301,-0.11133226592116521,0.08907522235127807
13:58:47.7621,-0.051249633851128296,0.038051851381605384
13:58:47.7910,-0.00590126441558822,0.0035585264655469753
13:58:47.8220,0.020738474596335044,-0.016360243480412803
13:58:47.8519,0.039499640362498714,-0.029073840984868274
13:58:47.8826,0.05134742167623531,-0.038796277558833844
13:58:47.9133,0.05849094450423649,-0.04464412408244779
13:58:47.9426,0.06477072013783605,-0.04866444642734023
13:58:47.9732,0.06869284883634083,-0.05015906502468985
13:58:48.0040,0.07346507245273012,-0.051433682714780854
13:58:48.0328,0.09787475036145812,-0.03514450575783426
13:58:48.0639,0.1300852773529099,-0.004238747029922538
13:58:48.0931,0.16283497298490968,0.030090504322231017
13:58:48.1242,0.19384623018799768,0.06071367246809537
13:58:48.1550,0.22003097560822055,0.08861609487964214
13:58:48.1846,0.24012900290363914,0.11116412761467505
13:58:48.2138,0.25674340373472454,0.128477588384955
13:58:48.2440,0.2687325959705046,0.14120395701282068
13:58:48.2742,0.27896126172710173,0.15207909607254452
13:58:48.3056,0.28845243298750434,0.1603123501541689
13:58:48.3358,0.2942033495477775,0.16712410000968703
13:58:48.3647,0.29949221184531244,0.17152568196588927
13:58:48.3957,0.305325239565976,0.175412372934924
13:58:48.4255,0.30984157557639813,0.17724649987132698
13:58:48.4573,0.31486114486805855,0.1799849067413226
13:58:48.4857,0.3198713081608888,0.18181158695853594
13:58:48.5177,0.32299617353598764,0.1825031389472785
13:58:48.5463,0.32671319714714314,0.1822685672928055
13:58:48.5774,0.3306479906157262,0.182883418073895
13:58:48.6081,0.3345136092582678,0.1834508580761439
13:58:48.6372,0.3487945076866883,0.1827483842325899
13:58:48.6681,0.3664895861891298,0.18219323131700388
13:58:48.6982,0.3840658182916557,0.18126400487412603
13:58:48.7280,0.399485237581088,0.17996678639129451
13:58:48.7586,0.4123294869546078,0.17989132630350638
13:58:48.7896,0.42433238084222685,0.181644408112729
13:58:48.8197,0.43327301726297024,0.18313896465408538
13:58:48.8496,0.439976210969888,0.18484029176494016
13:58:48.8787,0.4439343836534108,0.18622488508626317
13:58:48.9096,0.4462342861494938,0.18687063975198956
13:58:48.9414,0.44840556593191644,0.18720065352407617
13:58:48.9696,0.4496056331317297,0.18739451644697921
13:58:49.0008,0.4492042117643369,0.18820310603898527
13:58:49.0306,0.44854159494386814,0.18806124603842303
13:58:49.0605,0.4479935288703061,0.18769958370978057
13:58:49.0912,0.44733560270542194,0.18780023853082692
13:58:49.1212,0.4474671879383987,0.18793961629165928
13:58:49.1527,0.4478278746651889,0.18824443533048765
13:58:49.1809,0.4481618987181301,0.1890021390080313
13:58:49.2113,0.44840038152311257,0.19079791534060775
13:58:49.2417,0.449281484143177,0.19423494858257603
13:58:49.2719,0.45022554029871814,0.1986870937620758
13:58:49.3011,0.4516628559204651,0.20369898400066186
13:58:49.3327,0.4534556738601983,0.20795093654594735
13:58:49.3626,0.4556378162134484,0.2111140546337242
13:58:49.3939,0.456620138243495,0.21299459945307578
13:58:49.4228,0.4572822613107443,0.21480253876032862
13:58:49.4536,0.4577873708542164,0.21638608359600092
13:58:49.4831,0.4573906401424082,0.21745803882334647
13:58:49.5136,0.45647620918003257,0.21865336136526667
13:58:49.5440,0.4288494821701391,0.2192965096792767
13:58:49.5733,0.3778171737985409,0.21849164344686547
13:58:49.6036,0.3220299972362163,0.2193574486646451
13:58:49.6338,0.2699783600307755,0.22031460030448402
13:58:49.6648,0.22683133994872118,0.22004689074961725
13:58:49.6940,0.1925507204908696,0.21934950549750948
13:58:49.7254,0.16839959645549366,0.21882711814635777
13:58:49.7554,0.15014652250224741,0.21960393506982145
13:58:49.7845,0.13641360867810773,0.22142850538326442
13:58:49.8156,0.12621302760463146,0.222489911091758
13:58:49.8457,0.1193062520390464,0.22340722278393246
13:58:49.8765,0.11391997716885104,0.22425391475579207
13:58:49.9070,0.10969088703136175,0.2245712691052563
13:58:49.9355,0.1069082864504364,0.22440458670739533
13:58:49.9677,0.1041315664703544,0.22396001757177514
13:58:49.9973,0.10209883384130243,0.22473162179180606
13:58:50.0262,0.10012833880555902,0.2271181711800922
13:58:50.0571,0.09802749291988733,0.2302296586814877
13:58:50.0875,0.09616898111430958,0.23337068483566867
13:58:50.1171,0.09389403784346853,0.23553085396059045
13:58:50.1494,0.09225539434650085,0.23735418315416845
13:58:50.1786,0.09078240505465036,0.23900114921493903
13:58:50.2089,0.09036863985677197,0.23934233306581001
13:58:50.2389,0.08957137653336596,0.238991344368006
13:58:50.2677,0.08847452844407365,0.2385992746026726
13:58:50.2995,0.08817933808184024,0.23766756592006488
13:58:50.3302,0.08811354546535183,0.2371500189363864
13:58:50.3601,0.0877840886296903,0.23640063076193785
13:58:50.3889,0.08778761896520919,0.23622885977263064
13:58:50.4193,0.08811929769035812,0.23638275863588276
13:58:50.4514,0.08813887500550834,0.23640075487392434
13:58:50.4802,0.08756925660391836,0.23571193334888466
13:58:50.5103,0.08710999204686992,0.2347375301429231
13:58:50.5408,0.08600314545488424,0.23380582146031537
13:58:50.5701,0.08484904667979959,0.23323056240291737
13:58:50.6022,0.08333544618565136,0.2327634048857553
13:58:50.6316,0.08198093297880196,0.23282856367866445
13:58:50.6605,0.08049545173050002,0.23262452357286895
13:58:50.6920,0.07867802019277845,0.23137372297298606
13:58:50.7228,0.07649753191281344,0.23094640540348849
13:58:50.7534,0.07503942928052863,0.23043357467529677
13:58:50.7831,0.07318094216261185,0.23008494410523614
13:58:50.8125,0.07156876383820537,0.23038318520878034
13:58:50.8443,0.06970509231148461,0.22995450240743132
13:58:50.8735,0.06182449467752536,0.21624112079577634
13:58:50.9029,0.049554825925450824,0.1887020362246897
13:58:50.9348,0.03741540927266067,0.1609441049878188
13:58:50.9646,0.02835229736583883,0.13644878000709804
13:58:50.9933,0.019380258240339968,0.11513818101100266
13:58:51.0254,0.013469686576565679,0.09711044334725319
13:58:51.0540,0.008276044587396891,0.08256547419249491
13:58:51.0849,0.003707173234427874,0.07286845575336323
13:58:51.1151,0.0009044077720212207,0.06874041661539297
13:58:51.1452,-0.000956745613280463,0.06682752821236114
13:58:51.1748,-0.003465357595214519,0.06666788296413437
13:58:51.2044,-0.006208798608307253,0.06703525444415553
13:58:51.2357,-0.0077783166545553895,0.06465184508912768
13:58:51.2652,-0.008940488294777671,0.06167639673612787
13:58:51.2958,-0.009628286529437091,0.05972564176601682
13:58:51.3261,-0.011620975772393682,0.05867217426017937
13:58:51.3560,-0.013613393451079564,0.05886307090660524
13:58:51.3868,-0.014431246283735627,0.06026592606562092
13:58:51.4164,-0.014478054088937126,0.062057333656272785
13:58:51.4461,-0.014674049429387992,0.0645381088647049
13:58:51.4789,-0.014290575991521365,0.06723483892963594
13:58:51.5083,-0.013794378693659903,0.06996013957385783
13:58:51.5381,-0.013177829048563544,0.07263867482156891
13:58:51.5672,-0.012372764424290611,0.07667098638435664
13:58:51.5974,-0.010592858131245386,0.08163714135591979
13:58:51.6279,-0.00854672010228602,0.08714780043462783
13:58:51.6589,-0.006175988706876467,0.09361453137889231
13:58:51.6880,-0.0028478945066622297,0.10006680327673026
13:58:51.7193,0.0004117654973396223,0.10500576531205266
13:58:51.7486,0.003375494509278959,0.11026612774759897
13:58:51.7791,0.0059016347305026196,0.11314347798647423
13:58:51.8080,0.008625967494003572,0.11711143748426499
13:58:51.8384,0.027333857287791252,0.1297288730215852
13:58:51.8683,0.051204381368567795,0.14432428128765448
13:58:51.8990,0.07489920336621185,0.1597323748412841
13:58:51.9305,0.09871556271881744,0.17594841260459002
13:58:51.9601,0.11896574747510023,0.19037196300296158
13:58:51.9896,0.1344759378626385,0.19951430015205587
13:58:52.0208,0.14610696200680062,0.20694103731184862
13:58:52.0507,0.15470022328754957,0.21258043775414653
13:58:52.0813,0.1985832738875029,0.23353265097804288
13:58:52.1110,0.2655076468178283,0.26321254320415827
13:58:52.1411,0.32363304112606334,0.2880813583858344
13:58:52.1725,0.368280700680256,0.30627158346230127
13:58:52.2014,0.39893371523499,0.3225408032118197
13:58:52.2329,0.41574304983710453,0.332161343844874
13:58:52.2620,0.4275827582857035,0.33658606027535865
13:58:52.2936,0.4350371975159768,0.3417686044953735
13:58:52.3242,0.4391667025666402,0.34450936949311245
13:58:52.3520,0.4436907164396244,0.3449986189438704
13:58:52.3840,0.44520431693377266,0.3457512340299678
13:58:52.4141,0.4151604210381827,0.33924329790618746
13:58:52.4433,0.340059099791599,0.31625664099968737
13:58:52.4746,0.21852562079283672,0.2762601881202614
13:58:52.5039,0.11108660394437218,0.2394716577557364
13:58:52.5336,0.029350863876804523,0.2114925961925298
13:58:52.5635,-0.03028931593330536,0.1896754465347593
13:58:52.5939,-0.07250015522366843,0.17335658199064338
13:58:52.6258,-0.10078177181614661,0.16400869056951833
13:58:52.6552,-0.12117111351102616,0.16112168441809388
13:58:52.6853,-0.13536651856950316,0.15935897151871936
13:58:52.7160,-0.1458866715391881,0.15837741946233577
13:58:52.7459,-0.1509923267046553,0.15717488601400026
13:58:52.7753,-0.18199311633949145,0.15336865684580936
13:58:52.8058,-0.34270904863259377,0.12362391610675103
13:58:52.8362,-0.5146144163843119,0.0885918682198786
13:58:52.8674,-0.6397811043852322,0.06386447864681204
13:58:52.8961,-0.7202922574681101,0.046552344137219766
13:58:52.9285,-0.7736356271585503,0.037473355483599625
13:58:52.9570,-0.8092416530709661,0.03453042198882142
13:58:52.9884,-0.8309072974627381,0.035770859237832076
13:58:53.0174,-0.8453722917790213,0.04236335037577082
13:58:53.0473,-0.8209606388574155,0.032559240667973256
13:58:53.0798,-0.7846263269463475,0.014063191245587338
13:58:53.1094,-0.7539096922892905,0.0009885892060178259
13:58:53.1381,-0.7275010544717192,-0.009857110490509753
13:58:53.1680,-0.7048790100939205,-0.019027683116531358
13:58:53.1992,-0.6847541226233652,-0.02637562157609931
13:58:53.2292,-0.6681770989109903,-0.034628882509946446
13:58:53.2596,-0.6543507743840336,-0.040687409130633345
13:58:53.2881,-0.6425937695996884,-0.044528563411823555
13:58:53.3196,-0.6342700778266169,-0.04610870757906596
13:58:53.3502,-0.626649490638007,-0.048163182936289725
13:58:53.3806,-0.6195396911548926,-0.03334213907877499
13:58:53.4096,-0.6039015391892548,0.030238458221330086
13:58:53.4394,-0.5808454857315812,0.12259801883759326
13:58:53.4702,-0.5545504111544778,0.21122302495786563
13:58:53.5001,-0.5377282389686582,0.2797136041444468
13:58:53.5299,-0.5304552540465237,0.3297570464425193
13:58:53.5602,-0.529389734599004,0.3653702362949495
13:58:53.5919,-0.5247153728707047,0.38457184994935306
13:58:53.6218,-0.4693962496727343,0.41400029129083243
13:58:53.6526,-0.29897609160504734,0.4970371676304274
13:58:53.6828,-0.15781303367779626,0.5619334636881529
13:58:53.7113,-0.062154469954067454,0.601225208708268
13:58:53.7426,-0.003082032283313718,0.6231951402214122
13:58:53.7729,0.032508687279299925,0.6315192070435539
13:58:53.8038,0.05215056066295248,0.6390818468285573
13:58:53.8332,0.06329422519812765,0.6477345621909342
13:58:53.8624,0.06867857936829944,0.648137305587106
13:58:53.8938,0.07023602514833263,0.6479472901357842
13:58:53.9251,0.033910304543282505,0.6217970186935614
13:58:53.9546,-0.19522372760721152,0.4161243438276845
13:58:53.9857,-0.5054153001531994,0.13743144907136007
13:58:54.0156,-0.708590059291121,-0.034299687876970714
13:58:54.0453,-0.8165479663354118,-0.12796870441793368
13:58:54.0762,-0.8697362975149523,-0.1727790889174884
13:58:54.1059,-0.8952556857843388,-0.19493320261858912
13:58:54.1320,-0.981154920874195,-0.4445543042378224
13:58:54.2542,-1.0,-0.6019131614494021
13:58:54.2859,-0.9680349103276262,-0.5985317303773829
13:58:54.3172,-0.938865945136858,-0.5520136890556623
13:58:54.3457,-0.9239155914058796,-0.5219870279392836
13:58:54.3774,-0.8958995399824694,-0.4571252350138034
13:58:54.4085,-0.8614748186475285,-0.38990456967302506
13:58:54.4373,-0.8343912201790029,-0.33604877948582756
13:58:54.4665,-0.8109260921790353,-0.2974837101466327
13:58:54.4953,-0.6922011555553471,-0.28813187196433715
13:58:54.6159,-0.8731431947289869,-0.7309423407359307
13:58:54.6474,-0.8814444207305747,-0.5613798001164046
13:58:54.6782,-0.8581180373852656,-0.5097086291154682
13:58:54.7085,-0.8210445769047179,-0.4206818600837172
13:58:54.7398,-0.7875458897328091,-0.3474076326017118
13:58:54.7698,-0.7640777992135251,-0.3006843100543306
13:58:54.8000,-0.7473995560911681,-0.2636856580966719
13:58:54.8293,-0.737247249269955,-0.2338537286871018
13:58:54.8588,-0.7326548505760805,-0.21961882850820058
13:58:54.8914,-0.7315656309740282,-0.20885633348741833
13:58:54.9210,-0.7300631399273171,-0.20104919308902258
13:58:54.9512,-0.7301900345047094,-0.19407273421622873
13:58:54.9805,-0.7303867951626504,-0.1890111991830452
13:58:55.0120,-0.7303951889673806,-0.18511569626296942
13:58:55.0420,-0.7296111088549332,-0.18212261159668888
13:58:55.0714,-0.7287265499623328,-0.18130521005364178
13:58:55.1013,-0.7305131959868232,-0.1794812603001313
13:58:55.1330,-0.7311442126012487,-0.1775143335381801
13:58:55.1610,-0.7315379807937404,-0.1746065138066207
13:58:55.1928,-0.7315962436736326,-0.17066781991524513
13:58:55.2231,-0.7315471152282997,-0.16699944193045269
13:58:55.2537,-0.7311861816248999,-0.16387504678246187
13:58:55.2844,-0.7306558906672371,-0.16039519490515328
13:58:55.3137,-0.730144856085132,-0.158985655074545
13:58:55.3436,-0.7307872290236043,-0.15711330164630202
13:58:55.3743,-0.7313167793514379,-0.15565026954951505
13:58:55.4037,-0.7311785284499989,-0.1542476799901504
13:58:55.4336,-0.730449008068298,-0.15191077539646172
13:58:55.4633,-0.7291531527439163,-0.1497369539530257
13:58:55.4951,-0.7282048996860101,-0.1478174379699151
13:58:55.5256,-0.7268073311984268,-0.14474405284837316
13:58:55.5556,-0.7262849402922747,-0.14294517371613435
13:58:55.5855,-0.7268038749258908,-0.14021396534135538
13:58:55.6154,-0.7276185677379425,-0.13860187474878954
13:58:55.6465,-0.7276272084192824,-0.13682471521418713
13:58:55.6761,-0.7276669555534461,-0.13526624099978654
13:58:55.7050,-0.728206627822278,-0.13524228738639327
13:58:55.7365,-0.7278768006717019,-0.136144333304229
13:58:55.7671,-0.7275642548838057,-0.136944359169167
13:58:55.7961,-0.7219201618325551,-0.1356785410189184
13:58:55.8264,-0.6590409362153544,-0.10860785508485876
13:58:55.8574,-0.5533305938258876,-0.06431239880606746
13:58:55.8873,-0.4494103537334472,-0.021827984634191347
13:58:55.9170,-0.37069424047978994,0.008573991129344045
13:58:55.9472,-0.31786857103991717,0.03332889632981625
13:58:55.9779,-0.27820339991060605,0.053042562530256236
13:58:56.0084,-0.24998861281637708,0.06684616983273248
13:58:56.0394,-0.231243271840896,0.07604589636438144
13:58:56.0688,-0.21719698025468542,0.08330713019018493
13:58:56.0979,-0.21008742764818067,0.08586419703671469
13:58:56.1296,-0.20574980561552947,0.08750089903620223
13:58:56.1593,-0.20375208008973478,0.0896373379493064
13:58:56.1887,-0.20159684728694338,0.09029021664305753
13:58:56.2189,-0.20132898616540518,0.09021623348790866
13:58:56.2484,-0.20186051150611656,0.0906503275718688
13:58:56.2801,-0.20142205864726687,0.09116806072352703
13:58:56.3100,-0.20098113702232007,0.09277538541581153
13:58:56.3398,-0.20131540795187097,0.09549949458496307
13:58:56.3712,-0.20154623758195228,0.09676345105541427
13:58:56.4007,-0.2020891192467104,0.09728169306621709
13:58:56.4318,-0.20240215878782603,0.09791053126818441
13:58:56.4613,-0.2030181159290591,0.09853238196531214
13:58:56.4924,-0.2033272054444193,0.09839419567955011
13:58:56.5212,-0.20292874659634308,0.09814345223323702
13:58:56.5519,-0.20291763714890604,0.09847290750138438
13:58:56.5807,-0.19493438822062825,0.0994428799094281
13:58:56.6122,-0.17645740211990485,0.10299508907486249
13:58:56.6410,-0.15276835703492808,0.10942453677838428
13:58:56.6714,-0.1296426843733155,0.11573339727582885
13:58:56.7017,-0.10610667809869961,0.12099239447952373
13:58:56.7332,-0.08511972219468869,0.12318154375329175
13:58:56.7632,-0.067913632193105,0.12486328599267783
13:58:56.7945,-0.05430683034750483,0.1258482014838954
13:58:56.8240,-0.04402427142700738,0.12752603419570693
13:58:56.8539,-0.03610481541467933,0.12872500563003006
13:58:56.8852,-0.02995822971201975,0.12885250587375496
13:58:56.9133,-0.025663934524373155,0.1283114769022319
13:58:56.9440,-0.022269035513570706,0.12881718360239888
13:58:56.9748,-0.02032078406036239,0.1294236444132014
13:58:57.0040,-0.025250885268662926,0.1199785733066518
13:58:57.0338,-0.031067717883729362,0.10872175265486406
13:58:57.0659,-0.03872276904705513,0.09417793774158018
13:58:57.0949,-0.04583481510731799,0.07762115051935597
13:58:57.1263,-0.051055391334606404,0.062322809195382675
13:58:57.1641,-0.056211829018691484,0.04911651813254409
13:58:57.1865,-0.06019752844419729,0.04097111299719966
13:58:57.2153,-0.06483863589316816,0.03151617871108343
13:58:57.2456,-0.06725190412843124,0.024199752284886217
13:58:57.2772,-0.07090343137503,0.01963851266925856
13:58:57.3073,-0.07394458089177516,0.016285155728584272
13:58:57.3359,-0.07591843344941071,0.013725718343112488
13:58:57.3672,-0.07799385104428194,0.012828972007100009
13:58:57.3981,-0.07940559024926275,0.010114915908854452
13:58:57.4279,-0.0814998445294551,0.008262097707285539
13:58:57.4583,-0.08360673889206477,0.005699706456535204
13:58:57.4872,-0.08617655158554657,0.0026752462800690574
13:58:57.5181,-0.08792557361471681,0.00041926270157421897
13:58:57.5495,-0.08877448352487471,-0.002447327028072023
13:58:57.5802,-0.0893238086691463,-0.004124228899984851
13:58:57.6093,-0.08931378547879196,-0.004625492391035359
13:58:57.6394,-0.06762152778849298,-0.012287980269172778
13:58:57.6685,-0.0043143909436772765,-0.03557326302637516
13:58:57.7005,0.07272594857091144,-0.061686971077377015
13:58:57.7305,0.13847517896394024,-0.08476420491162012
13:58:57.7602,0.18695637307647622,-0.10353204717322845
13:58:57.7907,0.2229477733766535,-0.11913106219568123
13:58:57.8210,0.25114374847322235,-0.12817969479497285
13:58:57.8501,0.27218089439198784,-0.13591571902510774
13:58:57.8819,0.2865203766398932,-0.13898041630759514
13:58:57.9116,0.2996105398043477,-0.14118973377916838
13:58:57.9412,0.33000463017081505,-0.13908144346460097
13:58:57.9725,0.35487651046824703,-0.13582362793112948
13:58:58.0023,0.3735657363903404,-0.1328230965456593
13:58:58.0324,0.3883012334078858,-0.13034147737571902
13:58:58.0620,0.39901790015890204,-0.1275744006368434
13:58:58.0928,0.4080340808222175,-0.12564557625474576
13:58:58.1232,0.4155435735364567,-0.12239235286477454
13:58:58.1530,0.42230231448055977,-0.12059769354007654
13:58:58.1826,0.4277311311281408,-0.1198845460656841
13:58:58.2140,0.43218972269955114,-0.11908389964081367
13:58:58.2440,0.43668188948988246,-0.1171301287494308
13:58:58.2736,0.4426832129953871,-0.11444583470554642
13:58:58.3042,0.44751730389017036,-0.1116883145896308
13:58:58.3342,0.4509745639325862,-0.10927086131670774
13:58:58.3642,0.45383709822220436,-0.10715475194699123
13:58:58.3943,0.4576965202618421,-0.10485222637356126
13:58:58.4252,0.4604353693699942,-0.10297776304154788
13:58:58.4547,0.4617085120462823,-0.10170635985190704
13:58:58.4846,0.46232891296649015,-0.09905905117999778
13:58:58.5157,0.46287944780614937,-0.09412224869324037
13:58:58.5451,0.46203809232024873,-0.08850667775234924
13:58:58.5763,0.4610705828867849,-0.08352010635900789
13:58:58.6054,0.4603889565673683,-0.07876835484411249
13:58:58.6349,0.46113526455852955,-0.07485671736579254
13:58:58.6665,0.4610387358041319,-0.07052761680970258
13:58:58.6969,0.4603215592529167,-0.0664571283998694
13:58:58.7271,0.45902372891565735,-0.06167380279561002
13:58:58.7559,0.4584981286135791,-0.05659206233102536
13:58:58.7872,0.4582998866959798,-0.05461437505984519
13:58:58.8172,0.4572111608471471,-0.05276925180143889
13:58:58.8472,0.45656582538935825,-0.0499288497009428
13:58:58.8773,0.45659767247201116,-0.04637531253725294
13:58:58.9072,0.45624760143943865,-0.045291566671190484
13:58:58.9371,0.4554995653120093,-0.04398024906669332
13:58:58.9686,0.45489619887787164,-0.04235824192640664
13:58:58.9984,0.45419235366358085,-0.03949639327464445
13:58:59.0277,0.43134145466857854,-0.03676296329530723
13:58:59.0600,0.39158567982350284,-0.03356717893268525
13:58:59.0895,0.34771029967981326,-0.028812709365285655
13:58:59.1200,0.3071599030910555,-0.024183555670648685
13:58:59.1501,0.2727085684575877,-0.019122368151027358
13:58:59.1785,0.24308994220988872,-0.014417319976649516
13:58:59.2115,0.2207137375600418,-0.014547215581713756
13:58:59.2406,0.20012245079841737,-0.012100223656005202
13:58:59.2704,0.1769024959595556,-0.00624380099412454
13:58:59.3006,0.1212136083818558,0.03575443673977924
13:58:59.3308,0.06679932992750583,0.08047689286138268
13:58:59.3620,0.021118837388919315,0.12120606567547118
13:58:59.3919,-0.013358246474941576,0.15539382936302198
13:58:59.4211,-0.03817964050568731,0.18086957698104922
13:58:59.4524,-0.05628599075224916,0.19874766041148467
13:58:59.4820,-0.06731547485543221,0.20877789471195446
13:58:59.5129,-0.07248366386613964,0.2151346624361856
13:58:59.5427,-0.0772130543907438,0.21744624818462957
13:58:59.5726,-0.08103263054557394,0.22184787978562642
13:58:59.6013,-0.08373299159027184,0.2239268796713813
13:58:59.6335,-0.08539577961966938,0.22488949223862598
13:58:59.6625,-0.08693952374786351,0.2265193308452604
13:58:59.6937,-0.08714628290849785,0.22682551511594023
13:58:59.7241,-0.08735111643157642,0.22512207810131504
13:58:59.7544,-0.08761878005182688,0.22391099333711012
13:58:59.7835,-0.08812865431386643,0.22230498423188247
13:58:59.8133,-0.08826902835414902,0.22188225880588514
13:58:59.8452,-0.08810376915160736,0.2210479780326749
13:58:59.8747,-0.08828653190577765,0.21920392213735246
13:58:59.9051,-0.08838673912166004,0.21701756538328054
13:58:59.9342,-0.08882761137128486,0.21477349655548908
13:58:59.9649,-0.10357908130547863,0.2104819522865121
13:58:59.9958,-0.127576080273411,0.2024417295774813
13:59:00.0256,-0.15334777643792363,0.19592398860676796
13:59:00.0546,-0.17613522814422983,0.19003859820723967
13:59:00.0863,-0.1958374628589571,0.18317297133838464
13:59:00.1164,-0.21236609875582835,0.1762828944081904
13:59:00.1472,-0.22619538580210152,0.16946387159026371
13:59:00.1774,-0.23738704315020487,0.16500334885167564
13:59:00.2062,-0.24619214431221603,0.1651864016205551
13:59:00.2374,-0.2515335666399588,0.1663819723864483
13:59:00.2684,-0.2569443612950308,0.1667144559870661
13:59:00.2971,-0.2601095663081566,0.16748452121846452
13:59:00.3275,-0.2617952397992746,0.1659130400678794
13:59:00.3571,-0.2637546994505638,0.16546099939067227
13:59:00.3888,-0.2647303558121482,0.16623194581717482
13:59:00.4186,-0.26555689870146615,0.16821310822397678
13:59:00.4490,-0.26647898283874283,0.1702785302584093
13:59:00.4793,-0.2671751748781325,0.17312325145603535
13:59:00.5088,-0.2679753019702112,0.17600252543070125
13:59:00.5400,-0.2692765885800065,0.17897761385894023
13:59:00.5684,-0.26300098516111114,0.17641730768956299
13:59:00.5989,-0.2503655933994083,0.16773976992988734
13:59:00.6308,-0.22849331328530686,0.15347754029156024
13:59:00.6602,-0.2020165375234549,0.14042942374990847
13:59:00.6899,-0.17716272859385385,0.12388136160033478
13:59:00.7201,-0.15569507924307147,0.11042765949802046
13:59:00.7503,-0.13633550926262533,0.09962413305450342
13:59:00.7806,-0.12319031730186586,0.08916385072083319
13:59:00.8107,-0.11399246014146283,0.07951420582694613
13:59:00.8416,-0.1061327235810243,0.07586051029015589
13:59:00.8715,-0.09879641480849852,0.07553309045858703
13:59:00.9004,-0.09323181602557551,0.07549087997198055
13:59:00.9315,-0.09034928473057066,0.07582444334688085
13:59:00.9616,-0.08621054649470403,0.07522693101030453
13:59:00.9925,-0.08317117448954875,0.07479291139353628
13:59:01.0229,-0.08060810152751208,0.07489022760214593
13:59:01.0525,-0.07780299073731312,0.07623094733624346
13:59:01.0835,-0.07660326916475357,0.07882729562649846
13:59:01.1129,-0.07463618102622419,0.07909826932661
13:59:01.1425,-0.07272071478678574,0.07733740569583422
13:59:01.1738,-0.07054511466369304,0.07603893368193915
13:59:01.2041,-0.06792790166114637,0.07506554819426685
13:59:01.2325,-0.065568205650191,0.07460345444615374
13:59:01.2630,-0.06340672686917387,0.07530316059240891
13:59:01.2944,-0.06078200881769194,0.07583184042127586
13:59:01.3241,-0.05874574585312112,0.07624077700557375
13:59:01.3552,-0.05769185429391879,0.07650849897163917
13:59:01.3854,-0.057187880382851386,0.07635540683629927
13:59:01.4157,-0.056571750427991535,0.07626500366533731
13:59:01.4462,-0.05511967158498371,0.07702341478120397
13:59:01.4751,-0.05422928640439409,0.07810321388609592
13:59:01.5044,-0.05242138430380744,0.07916370116588944
13:59:01.5357,-0.050582746065311546,0.08018266057500222
13:59:01.5662,-0.049017968049969884,0.08187889909441075
13:59:01.5956,-0.047989973847126444,0.08281296590476186
13:59:01.6263,-0.04705349680350346,0.08354192524623359
13:59:01.6579,-0.046189305231204375,0.08413921418123423
13:59:01.6859,-0.04549284162754402,0.08478417453024706
13:59:01.7171,-0.043374467502582725,0.09070851127113705
13:59:01.7461,-0.039146261183356235,0.10508417926511934
13:59:01.7772,-0.03452574324363533,0.12215130256460671
13:59:01.8084,-0.028716267551538333,0.13957317515508888
13:59:01.8377,-0.02326024510156699,0.15442415482374586
13:59:01.8683,-0.01665204951406668,0.16663530977327912
13:59:01.8985,-0.011889083770541625,0.1747241719698168
13:59:01.9283,-0.009246862167431064,0.17977962551566212
13:59:01.9595,-0.00708288993265585,0.18524986132036916
13:59:01.9873,-0.006856257204939653,0.1881671135629021
13:59:02.0188,-0.007330383733892776,0.1892518523248565
13:59:02.0498,-0.0066355495158565425,0.19229358888984258
13:59:02.0787,-0.005736153339012395,0.195094299977058
13:59:02.1107,-0.014759394673365678,0.194703347219603
13:59:02.1389,-0.02399746803349087,0.1932662545279932
13:59:02.1693,-0.03151300922466804,0.1925719720755478
13:59:02.1999,-0.03758735883132572,0.19162152248297953
13:59:02.2309,-0.044206589803280155,0.19074467129840195
13:59:02.2613,-0.05019443384589453,0.1904237177013294
13:59:02.2910,-0.05487790532109213,0.19100580291798458
13:59:02.3214,-0.058424954386460476,0.1921663741036866
13:59:02.3512,-0.061098677444970356,0.19468795733327782
13:59:02.3805,-0.06264624816061506,0.19587608137998141
13:59:02.4131,-0.06298602443856258,0.1974092367491373
13:59:02.4425,-0.06339628398858302,0.19868634909015684
13:59:02.4716,-0.0635082425310877,0.2002041145729875
13:59:02.5029,-0.06403932349390154,0.20224737020663225
13:59:02.5330,-0.06348014797290241,0.20384444324883239
13:59:02.5630,-0.06221260939565476,0.20479774741709
13:59:02.5950,-0.060289489981315225,0.2068074928143815
13:59:02.6231,-0.05841421525393797,0.20934074257070312
13:59:02.6541,-0.055646777834381184,0.21225042398205993
13:59:02.6833,-0.05305516593626175,0.21478143972262467
13:59:02.7138,-0.0506168891004348,0.2170909155672983
13:59:02.7450,-0.04826440188648304,0.21835375502987103
13:59:02.7746,-0.04633982590014615,0.21917128068490463
13:59:02.8048,-0.04449795357806302,0.21993109426621868
13:59:02.8344,-0.04324762230051235,0.21916544742153943
13:59:02.8654,-0.04198242905105701,0.21916172406194462
13:59:02.8956,-0.026783322448132224,0.22048488194995328
13:59:02.9250,0.06480353003926687,0.23326034927967582
13:59:02.9555,0.19014833951409488,0.24843366018845545
13:59:02.9848,0.2993733160700748,0.259355142663936
13:59:03.0166,0.38000667307476044,0.26567331156036766
13:59:03.0454,0.43813327707838307,0.26965829922270534
13:59:03.0772,0.4777152507902211,0.27623933730653044
13:59:03.1058,0.5083400473484649,0.2825305739018929
13:59:03.1370,0.5286542891786699,0.28773458949557107
13:59:03.1670,0.5444726610693977,0.29326092391817327
13:59:03.1978,0.553891991236374,0.29721897927944185
13:59:03.2275,0.5652038774934073,0.3030124026969784
13:59:03.2573,0.5879525695719887,0.3471934153130239
13:59:03.2880,0.6126086303372098,0.40340571978777606
13:59:03.3188,0.6307750456629148,0.4500182103312184
13:59:03.3488,0.6439157938446993,0.48684955933108365
13:59:03.3771,0.7136162201882605,0.554469741156385
13:59:03.4092,0.8008043980574266,0.6312344941465375
13:59:03.4395,0.8635720354470372,0.6842097097895627
13:59:03.4696,0.9045928060402805,0.722338153160273
13:59:03.5004,0.9288015263887023,0.741306808616028
13:59:03.5304,0.9461702833884258,0.7556102186114737
13:59:03.5593,0.9533677240679882,0.7606234740819112
13:59:03.5905,0.9635745906199478,0.7721388324127638
13:59:03.6203,0.970913985350095,0.7808068135494795
13:59:03.6510,0.9773337647090625,0.7865491028285806
13:59:03.6809,0.981567945442244,0.7903401034560287
13:59:03.7110,0.9864316615301929,0.7958407466974267
13:59:03.7415,0.9894452843049553,0.7989560816704036
13:59:03.7710,0.9927238056819391,0.8029774341447838
13:59:03.8009,0.9968128229686096,0.8071417636276049
13:59:03.8315,0.9999999999999999,0.8091072010457181
13:59:03.8625,0.9841255871188671,0.8070650624199518
13:59:03.8925,0.8553505505903867,0.743180651388109
13:59:03.9224,0.5059658349928584,0.5599811821406079
13:59:03.9510,0.219750499091926,0.39956780482943327
13:59:03.9833,0.0511573019990956,0.30816391892036976
13:59:04.0135,-0.038025861065497324,0.2665300566031332
13:59:04.0434,-0.08528130293574562,0.2468835014771499
13:59:04.0744,-0.11524212485216728,0.2296697895104149
13:59:04.1046,-0.13091335828350653,0.21391389693703416
13:59:04.1339,-0.1421111875468526,0.20976979770801163
13:59:04.1653,-0.15196057676794827,0.20442665257747403
13:59:04.1936,-0.15631745517615703,0.20142413540021997
13:59:04.2249,-0.157373346435898,0.1990065580153104
13:59:04.2542,-0.16046868536847514,0.19627448085662597
13:59:04.2856,-0.16295769534759802,0.1922259478572035
13:59:04.3157,-0.16499368674789822,0.18883359493037294
13:59:04.3455,-0.16724692956474552,0.18699214538676684
13:59:04.3749,-0.16804014411175222,0.18666597908626156
13:59:04.4043,-0.16806606615577208,0.18766061254602157
13:59:04.4357,-0.1671274412856446,0.1891287332342548
13:59:04.4656,-0.1584956475036517,0.19069701229558841
13:59:04.4949,-0.11772471603943763,0.20009861938446794
13:59:04.5271,-0.033553962844823426,0.21905622887342502
13:59:04.5573,0.05589906104184636,0.24045226656102264
13:59:04.5878,0.1368524096329771,0.26621543271737186
13:59:04.6184,0.20131143323845443,0.29115623285121417
13:59:04.6475,0.24797296404871705,0.3115546583913759
13:59:04.6782,0.27949718147146596,0.3223798299653375
13:59:04.7081,0.30005491770183046,0.32902999842563957
13:59:04.7392,0.3155745195194842,0.33541593246669665
13:59:04.7674,0.32606808387830305,0.34434938914252217
13:59:04.7987,0.3317704398094457,0.35140316978290154
13:59:04.8289,0.33530203439904605,0.35880707033717946
13:59:04.8587,0.3398095322268405,0.36430647245871256
13:59:04.8891,0.3438517417083095,0.36826266614018377
13:59:04.9195,0.3469327617975233,0.371865885332067
13:59:04.9499,0.34859880859816905,0.37599806981038614
13:59:04.9804,0.3275778330973398,0.37477916599103217
13:59:05.0085,0.2915814458896463,0.3715845234586859
13:59:05.0409,0.23931524822270434,0.3672368805718138
13:59:05.0701,0.1783027800898457,0.36483345195336453
13:59:05.0994,0.12307358416572915,0.36238881815539936
13:59:05.1305,0.07767355333084061,0.3608448650434185
13:59:05.1604,0.042069033365744024,0.36228295063092025
13:59:05.1915,0.008692920430557666,0.35967250321899963
13:59:05.3105,0.426074589076969,-1.0
13:59:05.3484,0.23278916379559444,-0.39794764695774526
13:59:05.3723,0.09739240284140155,0.030350456877941943
13:59:05.4027,0.049450643996152094,0.1759240866552373
13:59:05.4333,0.028049898206601823,0.21931301657348037
13:59:05.4624,0.031910381815661346,0.23902125535675098
13:59:05.4928,0.03797414041576233,0.25287724164088715
13:59:05.5239,0.03772323971731138,0.25920211258458936
13:59:05.5534,0.03626602584082152,0.2623971274528951
13:59:05.5805,0.12535484994654494,0.23723354630329663
13:59:05.7016,0.134450333795692,0.061078958866743444
13:59:05.7334,0.0276851133280904,-0.030441666776815993
13:59:05.7652,0.027610507216635244,0.017194623543212346
13:59:05.7951,0.04822519788086045,0.05626793767269801
13:59:05.8259,0.06394669538993719,0.08978081140569305
13:59:05.8528,0.21207103183189963,0.09775592496660929
13:59:06.0053,0.0843141391295352,0.12365136967816343
13:59:06.0362,0.08621252150758155,0.13585929771604788
13:59:06.0671,0.09013040392839927,0.14806602186766332
13:59:06.0964,0.09334518176475538,0.1596296969948579
13:59:06.1276,0.09616604328265399,0.16704923565943405
13:59:06.1570,0.09724847377793908,0.17338885110713173
13:59:06.1886,0.09729056623989508,0.1787437868763862
13:59:06.2186,0.09718813713452532,0.18378074773624398
13:59:06.2484,0.0971164935423867,0.1879725059680801
13:59:06.2771,0.09818406206576709,0.19144342178236115
13:59:06.3094,0.09905533899676496,0.1941259782584346
13:59:06.3394,0.09963451152315081,0.19694220334396176
13:59:06.3685,0.09984833135482293,0.19951442426404237
13:59:06.3993,0.09892701253503633,0.20204084786110685
13:59:06.4274,0.09418777163370463,0.18490135486229503
13:59:06.5471,-0.11203080328834714,-0.34713036642388495
13:59:06.5799,-0.10840621027986805,-0.32649761745322325
13:59:06.6122,-0.10546556423093686,-0.2656566805541774
13:59:06.6409,-0.08942974342237398,-0.19489224566304622
13:59:06.6711,-0.07471461372512989,-0.13416462300766901
13:59:06.7001,-0.0663107364292237,-0.09301864490933892
13:59:06.7317,-0.061715523341998396,-0.06212283996274402
13:59:06.7616,-0.057431251344706113,-0.037611765170937214
13:59:06.7925,-0.05350455542892166,-0.020854015820182537
13:59:06.8216,-0.05151922310893453,-0.008219713463897847
13:59:06.8513,-0.04931888594954864,0.0014263818271754852
13:59:06.8829,-0.04543398624378853,0.008443499786744635
13:59:06.9132,-0.043464083711908436,0.01205666034874605
13:59:06.9432,-0.04065601040239292,0.015317541448283928
13:59:06.9729,-0.040858350471713406,0.015912906647493907
13:59:07.0022,-0.04123387448274732,0.016468022329483998
13:59:07.0342,-0.051886649567169846,0.005275665443481042
13:59:07.0630,-0.06933465395861096,-0.0140645937110346
13:59:07.0934,-0.09816310224160266,-0.04167293277058472
13:59:07.1238,-0.12517964902293033,-0.0727429164790248
13:59:07.1544,-0.1485280043865037,-0.09846865046024755
13:59:07.1838,-0.16713040380496114,-0.1196111273594386
13:59:07.2139,-0.18116459843729582,-0.13491525230198254
13:59:07.2456,-0.19402119164130116,-0.14583909290520652
13:59:07.2751,-0.2215113958860236,-0.1731145636169807
13:59:07.3048,-0.2608850057392641,-0.21476766329212377
13:59:07.3350,-0.29355147185983144,-0.2544442795823557
13:59:07.3663,-0.3209940289188793,-0.2829664551984585
13:59:07.3968,-0.33649417685968763,-0.3020404817307466
13:59:07.4259,-0.3469496481576278,-0.31258689778304344
13:59:07.4572,-0.35750930138486675,-0.321802461004169
13:59:07.4875,-0.3627260510247046,-0.3267776140947529
13:59:07.5173,-0.36477957066429445,-0.32917632645771544
13:59:07.5455,-0.3682452245114405,-0.33236451516676396
13:59:07.5770,-0.3723562138163754,-0.3340981113941071
13:59:07.6085,-0.3765652131353664,-0.33499407582460466
13:59:07.6381,-0.37807165420783295,-0.3353739826152617
13:59:07.6674,-0.3787569836763952,-0.3355319771740681
13:59:07.6976,-0.3803727910869644,-0.33564851832938564
13:59:07.7283,-0.38132696918350373,-0.33566328765577835
13:59:07.7586,-0.3814699107405274,-0.3353408447148679
13:59:07.7889,-0.3821722746951599,-0.334772908264673
13:59:07.8184,-0.38368710957235674,-0.33430575074751095
13:59:07.8492,-0.3840171835995425,-0.3340726684368759
13:59:07.8786,-0.3844309487974209,-0.33317384943068895
13:59:07.9094,-0.3846896754843997,-0.3318979782095344
13:59:07.9393,-0.3842917103895429,-0.33012119101089143
13:59:07.9713,-0.38365550936631343,-0.3278366616755031
13:59:07.9992,-0.38291068263481043,-0.3238745106186803
13:59:08.0300,-0.3821063586403666,-0.3189576901617483
13:59:08.0597,-0.38162914615379206,-0.31342279201207807
13:59:08.0917,-0.37997482599210763,-0.3088553467971257
13:59:08.1198,-0.3782299021146587,-0.3051350900019789
13:59:08.1529,-0.37812152328299486,-0.30288692547863316
13:59:08.1819,-0.3782531085159716,-0.3013507914218015
13:59:08.2116,-0.378709089614111,-0.3004424157926545
13:59:08.2423,-0.3626203878357476,-0.28093052217201686
13:59:08.2733,-0.330036625379434,-0.24011207560604347
13:59:08.3023,-0.29888894416181877,-0.2013955896433263
13:59:08.3326,-0.2711575414694072,-0.16739362159955648
13:59:08.3617,-0.24813703824353223,-0.13791168799189843
13:59:08.3925,-0.23303016474199612,-0.11732113709664452
13:59:08.4220,-0.21675260235720262,-0.09670141988456463
13:59:08.4539,-0.20843187310344768,-0.08084648594596197
13:59:08.4830,-0.20264829476770957,-0.07046724873947206
13:59:08.5132,-0.19810453076594836,-0.062383835059141496
13:59:08.5446,-0.1951143612691088,-0.05920136791267029
13:59:08.5742,-0.19143812167387775,-0.05907649884305903
13:59:08.6038,-0.1903096486908813,-0.06092147316708156
13:59:08.6349,-0.18938484891089774,-0.06337083563173214
13:59:08.6644,-0.1894584181405921,-0.0645176179757347
13:59:08.6944,-0.18933720172522317,-0.06396145975305806
13:59:08.7245,-0.18844548341094108,-0.06235335315525864
13:59:08.7553,-0.16894889691210446,-0.04751101168086161
13:59:08.7849,-0.14119181905228273,-0.025835448977283043
13:59:08.8155,-0.11445458846718395,-0.002218005310627734
13:59:08.8471,-0.0880430128179571,0.020630676300487344
13:59:08.8752,-0.06583189455702507,0.041219377927142475
13:59:08.9074,-0.052928616986123,0.05842853250173344
