Timestamp (Current Time),X,Y,Time (seconds),Result
2024-12-27 12:47:26.615100,-0.9843905552434488,0.907756799577502,0.0,
2024-12-27 12:47:26.636300,-0.9785041702263456,0.9084884693248834,0.0212,
2024-12-27 12:47:26.669200,-0.9744344016248756,0.909425886805739,0.0541,
2024-12-27 12:47:26.698900,-0.9791429511706218,0.908270618783558,0.0838,
2024-12-27 12:47:26.735500,-0.9850373143011006,1.0,0.1204,
2024-12-27 12:47:26.759000,-0.9885121815818604,0.9990328756271456,0.1439,
2024-12-27 12:47:26.788200,-0.990837668662303,0.9980393451280698,0.1731,
2024-12-27 12:47:26.817800,-0.9937301336666412,0.9964802834257548,0.2027,
2024-12-27 12:47:26.848300,-0.996630709752911,0.9953162133615,0.2332,
2024-12-27 12:47:26.878000,-1.0,0.9930463867617288,0.2629,
2024-12-27 12:47:26.906400,-0.9726777540281162,0.98040335357803,0.2913,
2024-12-27 12:47:26.936800,-0.7161657187116676,0.811138544142241,0.3217,
2024-12-27 12:47:26.968000,-0.3716683897175415,0.5597795088460523,0.3529,
2024-12-27 12:47:26.998300,-0.1762956954754124,0.414682576357715,0.3832,
2024-12-27 12:47:27.028900,-0.0845299727746881,0.3382382712789367,0.4138,
2024-12-27 12:47:27.056900,-0.0409749254545031,0.2958026362116011,0.4418,
2024-12-27 12:47:27.090400,-0.0217051621717754,0.2582642373030542,0.4753,
2024-12-27 12:47:27.115500,-0.011506008516636,0.2352661517472054,0.5004,
2024-12-27 12:47:27.147500,-0.0041790022704381,0.2185728589032655,0.5324,
2024-12-27 12:47:27.177800,0.0257828822929097,0.189548455241616,0.5627,
2024-12-27 12:47:27.207800,0.0589954225574506,0.159461094974034,0.5927,
2024-12-27 12:47:27.238000,0.0800745953600622,0.1435531643341255,0.6229,
2024-12-27 12:47:27.268400,0.0931152032923014,0.1295510958542381,0.6533,
2024-12-27 12:47:27.299900,0.100725072218547,0.1149927383152891,0.6848,
2024-12-27 12:47:27.328200,0.1060497701306083,0.1054497843499691,0.7131,
2024-12-27 12:47:27.357700,0.0811730751970427,0.1056324267229997,0.7426,
2024-12-27 12:47:27.390400,0.0564008337128477,0.1080819250066015,0.7753,
2024-12-27 12:47:27.420500,0.0398159183307127,0.1100519320482352,0.8054,
2024-12-27 12:47:27.449200,0.0246555482792206,0.1115696241528034,0.8341,
2024-12-27 12:47:27.481900,0.0099844094367784,0.1116824003168735,0.8668,
2024-12-27 12:47:27.510600,-0.0034476353204376,0.1112339362732153,0.8955,
2024-12-27 12:47:27.540800,-0.0159216549266512,0.1112427383152891,0.9257,
2024-12-27 12:47:27.573600,-0.020326823414433,0.1030237215033887,0.9585,
2024-12-27 12:47:27.603500,-0.0203959404699773,0.0922001804418625,0.9884,
2024-12-27 12:47:27.631300,-0.0209626125661934,0.0839748921749846,1.0162,
2024-12-27 12:47:27.664300,-0.0215665424518737,0.0765029486840947,1.0492,
2024-12-27 12:47:27.691300,-0.0224985855469828,0.0713392307015227,1.0762,
2024-12-27 12:47:27.723900,-0.0234644691396602,0.0674325543526098,1.1088,
2024-12-27 12:47:27.753300,-0.0237444743254339,0.0633291523633483,1.1382,
2024-12-27 12:47:27.784000,-0.0232250326604016,0.0566502728633043,1.1689,
2024-12-27 12:47:27.815400,-0.0224540410806354,0.0518278540621424,1.2003,
2024-12-27 12:47:27.844600,-0.021499965095754,0.0502879368013378,1.2295,
2024-12-27 12:47:27.871900,-0.0208129830498333,0.0495222691664466,1.2568,
2024-12-27 12:47:27.902900,-0.0200938093164419,0.0493661429451632,1.2878,
2024-12-27 12:47:27.935500,-0.0193622828041739,0.0488250374086788,1.3204,
2024-12-27 12:47:27.963400,-0.0187135026244669,0.0474809655840154,1.3483,
2024-12-27 12:47:27.995000,-0.0182468494762701,0.0459145321714637,1.3799,
2024-12-27 12:47:28.026200,-0.0172292012246404,0.0435532743596514,1.4111,
2024-12-27 12:47:28.056500,-0.016428810297085,0.0412539609189331,1.4414,
2024-12-27 12:47:28.083200,-0.0159720633063296,0.0400457706187836,1.4681,
2024-12-27 12:47:28.114900,-0.0153933309620607,0.0391923026142064,1.4998,
2024-12-27 12:47:28.143900,-0.0146607008107758,0.0389228501012234,1.5288,
2024-12-27 12:47:28.173300,-0.014494343850038,0.038892483056069,1.5582,
2024-12-27 12:47:28.204100,-0.0144107199250057,0.0389088768594313,1.589,
2024-12-27 12:47:28.234000,-0.0145008327155836,0.0386308423554264,1.6189,
2024-12-27 12:47:28.268700,-0.0145302453602284,0.0381162529706892,1.6536,
2024-12-27 12:47:28.297300,-0.0144941045066368,0.0373612578118123,1.6822,
2024-12-27 12:47:28.325500,-0.0144043906217277,0.0368513995246896,1.7104,
2024-12-27 12:47:28.356200,-0.0143543013665843,0.0369132338702578,1.7411,
2024-12-27 12:47:28.387500,-0.0146222596011608,0.0368088196461579,1.7724,
2024-12-27 12:47:28.415300,-0.0147135558118894,0.0366262872986532,1.8002,
2024-12-27 12:47:28.446400,-0.0146375509851308,0.036000242056157,1.8313,
2024-12-27 12:47:28.477900,-0.014365869630979,0.0351403925710764,1.8628,
2024-12-27 12:47:28.506200,-0.0143134002386785,0.0348975662353666,1.8911,
2024-12-27 12:47:28.537300,-0.0140329961472361,0.0346504489041457,1.9222,
2024-12-27 12:47:28.567400,-0.0135731509891198,0.0343654827920077,1.9523,
2024-12-27 12:47:28.597300,0.0006264148685439,0.0400685459026494,1.9822,
2024-12-27 12:47:28.627500,0.1216418558421396,0.0881011794736378,2.0124,
2024-12-27 12:47:28.658900,0.2964983395551536,0.1546930287826776,2.0438,
2024-12-27 12:47:28.690400,0.4254799666248923,0.2096549599507085,2.0753,
2024-12-27 12:47:28.720700,0.5049355933555613,0.2476008934072705,2.1056,
2024-12-27 12:47:28.751800,0.5501128570621261,0.2622336282017428,2.1367,
2024-12-27 12:47:28.779900,0.5765240024865119,0.2720363524337646,2.1648,
2024-12-27 12:47:28.807600,0.5919425043962728,0.2840589516767891,2.1925,
2024-12-27 12:47:28.841100,0.6017583761879908,0.2951943050787783,2.226,
2024-12-27 12:47:28.871600,0.6047116078225401,0.3024340947099727,2.2565,
2024-12-27 12:47:28.901700,0.5709220372112505,0.3559568919989438,2.2866,
2024-12-27 12:47:28.930600,0.5270736612559543,0.4323106460698882,2.3155,
2024-12-27 12:47:28.960300,0.4913967349571009,0.4958540181322066,2.3452,
2024-12-27 12:47:28.990700,0.4657985592856928,0.5395358023061351,2.3756,
2024-12-27 12:47:29.023400,0.4490802897384839,0.5732823915148315,2.4083,
2024-12-27 12:47:29.049700,0.4413163887069804,0.5973763313088637,2.4346,
2024-12-27 12:47:29.082300,0.4861492638528303,0.6152378751870433,2.4672,
2024-12-27 12:47:29.112000,0.550679569048909,0.6271144705571693,2.4969,
2024-12-27 12:47:29.142400,0.6019494520033374,0.6421302042073761,2.5273,
2024-12-27 12:47:29.172300,0.6401527808711434,0.6572050215650032,2.5572,
2024-12-27 12:47:29.201800,0.6662639492326051,0.6719247865504797,2.5867,
2024-12-27 12:47:29.233100,0.6850170365962708,0.6844827700026406,2.618,
2024-12-27 12:47:29.264000,0.6984892777480444,0.695977906874395,2.6489,
2024-12-27 12:47:29.295700,0.7091703759353506,0.7054870830032568,2.6806,
2024-12-27 12:47:29.324000,0.7179771493536065,0.7170898248393628,2.7089,
2024-12-27 12:47:29.353600,0.7662012545583282,0.7169439309919902,2.7385,
2024-12-27 12:47:29.385600,0.8361702396425803,0.711873624680926,2.7705,
2024-12-27 12:47:29.413800,0.8928742815542694,0.713851663585952,2.7987,
2024-12-27 12:47:29.444200,0.9342455862749854,0.7133179297597043,2.8291,
2024-12-27 12:47:29.474200,0.9656684495533916,0.7151827523985564,2.8591,
2024-12-27 12:47:29.504100,0.9850039391934792,0.7263204163365901,2.889,
2024-12-27 12:47:29.536800,0.9999999999999998,0.7368795660593258,2.9217,
2024-12-27 12:47:29.684100,0.787926455091532,0.6645095062054397,3.069,
2024-12-27 12:47:29.715700,0.5996940393520441,0.5858308027462372,3.1006,
2024-12-27 12:47:29.745500,0.3631085389082615,0.4616303582431125,3.1304,
2024-12-27 12:47:29.777400,0.2062647869345096,0.3778648446439574,3.1623,
2024-12-27 12:47:29.806200,0.1190869714084361,0.3283679913739987,3.1911,
2024-12-27 12:47:29.836200,0.0759537801298437,0.2988212965407975,3.2211,
2024-12-27 12:47:29.868200,0.0510366694036027,0.2454075345480151,3.2531,
2024-12-27 12:47:29.896900,0.0357891916509043,0.2035226872634451,3.2818,
2024-12-27 12:47:29.926300,0.0280758186707797,0.1770306311064167,3.3112,
2024-12-27 12:47:29.957200,0.022742795597411,0.1647127233518176,3.3421,
2024-12-27 12:47:29.986800,0.0198141498489144,0.1543615218730745,3.3717,
2024-12-27 12:47:30.017600,0.0182227023864531,0.1443774755743332,3.4025,
2024-12-27 12:47:30.046400,0.0157026956050567,0.1373031643341254,3.4313,
2024-12-27 12:47:30.078300,0.0128882565495324,0.1325048411231405,3.4632,
2024-12-27 12:47:30.107600,0.0100609727314733,0.125938187659537,3.4925,
2024-12-27 12:47:30.138900,0.009905160177247,0.1162294252266525,3.5238,
2024-12-27 12:47:30.167800,0.0105705880201978,0.1052970689199894,3.5527,
2024-12-27 12:47:30.198300,0.0103385312958117,0.0931055804946747,3.5832,
2024-12-27 12:47:30.229500,0.0090967512457491,0.0814248305606901,3.6144,
2024-12-27 12:47:30.259500,0.0082580786708462,0.0729914840242936,3.6444,
2024-12-27 12:47:30.289200,0.0075252756604381,0.063569338086436,3.6741,
2024-12-27 12:47:30.319500,0.0068230687148256,0.0533776736202799,3.7044,
2024-12-27 12:47:30.349400,0.0076598531362295,0.0460481031599331,3.7343,
2024-12-27 12:47:30.380500,0.0086377836801042,0.0407952645013643,3.7654,
2024-12-27 12:47:30.410900,0.0093705069093785,0.0351135463427515,3.7958,
2024-12-27 12:47:30.441400,0.0093383285187634,0.029494872810492,3.8263,
2024-12-27 12:47:30.470000,0.009932112903601,0.0258496171111697,3.8549,
2024-12-27 12:47:30.501900,0.0103147565179523,0.021692962767362,3.8868,
2024-12-27 12:47:30.531200,0.0107479680742496,0.0177254423026142,3.9161,
2024-12-27 12:47:30.562000,0.0107779258899751,0.0141904321802658,3.9469,
2024-12-27 12:47:30.591600,0.0105341280420712,0.0115512498899744,3.9765,
2024-12-27 12:47:30.621900,0.0108882499011046,0.009642967168383,4.0068,
2024-12-27 12:47:30.652100,0.0107974190803229,0.0078847592641492,4.037,
2024-12-27 12:47:30.681900,0.0109369030958403,0.0062915896487985,4.0668,X
2024-12-27 12:47:30.713200,0.0084271215964204,0.004362292051756,4.0981,
2024-12-27 12:47:30.741800,0.0049273626019286,0.0022900712965407,4.1267,
2024-12-27 12:47:30.772800,0.0014145195015008,7.646774051578431e-05,4.1577,
2024-12-27 12:47:30.801700,-0.0019768967133497,-0.0025178241351993,4.1866,
2024-12-27 12:47:30.832900,-0.0048965803811543,-0.0061450356482703,4.2178,
2024-12-27 12:47:30.864000,-0.0073888499217147,-0.0104134759264149,4.2489,
2024-12-27 12:47:30.892900,-0.0088248039544848,-0.0124825059413783,4.2778,
2024-12-27 12:47:30.923000,-0.0095117860004055,-0.0119591145145673,4.3079,
2024-12-27 12:47:30.954000,-0.0105360028987145,-0.0104603468004577,4.3389,
2024-12-27 12:47:30.985600,-0.0119099802874115,-0.0085276384121116,4.3705,
2024-12-27 12:47:31.014300,-0.0131944698377451,-0.0067890150514919,4.3992,X
2024-12-27 12:47:31.044000,-0.0141833436938,-0.0053049907578558,4.4289,
2024-12-27 12:47:31.073500,-0.0149097110260851,-0.0040235234574421,4.4584,
2024-12-27 12:47:31.105200,-0.0158087114349634,-0.0022236158788838,4.4901,
2024-12-27 12:47:31.134000,-0.0165631484294751,-0.0015488293284041,4.5189,
2024-12-27 12:47:31.165800,-0.0170190178277591,-0.0014722515623624,4.5507,
2024-12-27 12:47:31.195600,-0.0173278771902414,-0.0021325147434204,4.5805,
2024-12-27 12:47:31.224300,-0.0177454782380336,-0.0032540049291435,4.6092,
2024-12-27 12:47:31.254800,-0.0181835165529231,-0.0035346800457706,4.6397,
2024-12-27 12:47:31.286200,-0.0184127277502053,-0.0034897896311944,4.6711,
2024-12-27 12:47:31.316400,-0.0187900659191617,-0.0034742760320394,4.7013,
2024-12-27 12:47:31.346200,-0.0192521981364457,-0.0029703591233166,4.7311,
2024-12-27 12:47:31.375300,-0.0190500992277851,-0.0020727708828448,4.7602,
2024-12-27 12:47:31.405800,-0.0189051369077497,-0.0014294516327788,4.7907,
2024-12-27 12:47:31.437100,-0.018749483915791,-0.0013028122524425,4.822,
2024-12-27 12:47:31.467300,-0.0188195450480847,-0.0010521741043922,4.8522,
2024-12-27 12:47:31.499500,-0.0189386715776387,-0.0011815641228765,4.8844,
2024-12-27 12:47:31.528400,-0.0189786951130731,-0.0013376903441598,4.9133,
2024-12-27 12:47:31.557800,-0.0191274603338175,-0.0015016283777836,4.9427,
2024-12-27 12:47:31.590600,-0.0192147143004358,-0.001668977202711,4.9755,
2024-12-27 12:47:31.618300,-0.0194256955086546,-0.0011105976586568,5.0032,
2024-12-27 12:47:31.649000,-0.0194846537665005,-0.000629125957222,5.0339,
2024-12-27 12:47:31.678200,-0.0193390664942507,-0.0004519848604876,5.0631,
2024-12-27 12:47:31.712000,-0.0194172121147651,-0.0002091585247777,5.0969,
2024-12-27 12:47:31.739600,-0.0196932548375623,0.0008668911187395,5.1245,
2024-12-27 12:47:31.771800,-0.0195879304441482,0.0021122700466508,5.1567,
2024-12-27 12:47:31.802000,-0.0193768694547957,0.0041641360795704,5.1869,
2024-12-27 12:47:31.830300,-0.0190192638195882,0.0069737479095149,5.2152,
2024-12-27 12:47:31.861600,-0.0189033950196627,0.010249647918317,5.2465,
2024-12-27 12:47:31.891800,-0.0188269115061016,0.013886761728721,5.2767,
2024-12-27 12:47:31.921000,-0.0188358735867935,0.0174508185899128,5.3059,
2024-12-27 12:47:31.952000,-0.0184697180734186,0.0215577413960038,5.3369,
2024-12-27 12:47:31.983600,-0.0183151687204768,0.0251088152451368,5.3685,
2024-12-27 12:47:32.011600,-0.0183126290210522,0.0269421705835753,5.3965,
2024-12-27 12:47:32.044100,-0.0182289386117418,0.0291639160285186,5.429,
2024-12-27 12:47:32.071800,-0.0180933239812115,0.0305034768066191,5.4567,
2024-12-27 12:47:32.100400,-0.0167543040259554,0.0317358727224716,5.4853,
2024-12-27 12:47:32.130800,-0.0168012286294598,0.0340721547398996,5.5157,
2024-12-27 12:47:32.163400,-0.0169932618184115,0.0366939529970953,5.5483,
2024-12-27 12:47:32.193600,-0.0167184025157651,0.0386614294516327,5.5785,
2024-12-27 12:47:32.222800,-0.016668871728558,0.0391734882492738,5.6077,
2024-12-27 12:47:32.253500,-0.016699627355621,0.0393958498371622,5.6384,
2024-12-27 12:47:32.283800,-0.0167253833649688,0.039709312560514,5.6687,
2024-12-27 12:47:32.313100,-0.0168796933745092,0.0404349309039697,5.698,
2024-12-27 12:47:32.343400,-0.0147556403599459,0.0392948464043658,5.7283,
2024-12-27 12:47:32.373600,-0.0122968257081406,0.0373139468356659,5.7585,
2024-12-27 12:47:32.404000,-0.0090473534270983,0.0345678197341783,5.7889,
2024-12-27 12:47:32.434600,-0.004712073212487,0.0303400889006249,5.8195,
2024-12-27 12:47:32.464600,-0.000237322279214,0.0256208740427779,5.8495,
2024-12-27 12:47:32.494000,0.0037650046705205,0.0226259792271806,5.8789,
2024-12-27 12:47:32.524900,0.0068336929024708,0.0210180661913563,5.9098,
2024-12-27 12:47:32.555000,0.0089158874155233,0.0192530367045154,5.9399,
2024-12-27 12:47:32.585900,0.0111151474455077,0.017142967168383,5.9708,
2024-12-27 12:47:32.615400,0.0129060876329269,0.0153918008978082,6.0003,
2024-12-27 12:47:32.645400,0.0143315770403193,0.013048697297773,6.0303,
2024-12-27 12:47:32.675700,0.0158667522097711,0.0096533095678197,6.0606,
2024-12-27 12:47:32.706600,0.0173531146222196,0.0053058709620631,6.0915,
2024-12-27 12:47:32.735700,0.0179048011621451,0.0010310492034151,6.1206,
2024-12-27 12:47:32.770100,0.0182954627804389,-0.0013426414928263,6.155,
2024-12-27 12:47:32.795600,0.0193351306249854,-0.0027027770442742,6.1805,
2024-12-27 12:47:32.827000,0.020114286474106,-0.0038217366429011,6.2119,
2024-12-27 12:47:32.855300,0.0206880192006594,-0.0044908018660329,6.2402,
2024-12-27 12:47:32.887300,0.0207873334153305,-0.005077567995775,6.2722,
2024-12-27 12:47:32.918100,0.0211989774718023,-0.0055927075081418,6.303,
2024-12-27 12:47:32.947000,0.0218488745873819,-0.0060880424258427,6.3319,
2024-12-27 12:47:32.976600,0.0223206071344278,-0.0067925358683214,6.3615,O
2024-12-27 12:47:33.007400,0.0226353304102412,-0.0069300677757239,6.3923,O
2024-12-27 12:47:33.040900,0.0228987677139048,-0.0072182246281137,6.4258,O
2024-12-27 12:47:33.067800,0.0231577771646449,-0.0074366252970689,6.4527,O
2024-12-27 12:47:33.098800,0.0235746601822333,-0.0080633306927207,6.4837,O
2024-12-27 12:47:33.129700,0.0240961628598876,-0.0090713845612181,6.5146,O
2024-12-27 12:47:33.158500,0.024928984818315,-0.0099383857054836,6.5434,O
2024-12-27 12:47:33.189200,0.0255923516486438,-0.0111327127893671,6.5741,O
2024-12-27 12:47:33.226000,0.0263130944109991,-0.0123955857759,6.6109,O
2024-12-27 12:47:33.250100,0.0269384189373817,-0.0137533007657776,6.635,O
2024-12-27 12:47:33.278900,0.0270901094663639,-0.0147851201478743,6.6638,O
2024-12-27 12:47:33.310200,0.0273903391695448,-0.0159950708564386,6.6951,O
2024-12-27 12:47:33.340800,0.0277271751162643,-0.0169374394859607,6.7257,O
2024-12-27 12:47:33.370300,0.0281910492216352,-0.0184785670275504,6.7552,O
2024-12-27 12:47:33.400000,0.0285549176758425,-0.0202838658568788,6.7849,O
2024-12-27 12:47:33.430400,0.0288923785747765,-0.0226205879764105,6.8153,O
2024-12-27 12:47:33.462100,0.0287590775971251,-0.0260037628729865,6.847,O
2024-12-27 12:47:33.494500,0.0287956173563856,-0.0286421749845964,6.8794,O
2024-12-27 12:47:33.521000,0.0287222984944634,-0.0319574641316785,6.9059,O
2024-12-27 12:47:33.550400,0.029086406292072,-0.0356750066015315,6.9353,O
2024-12-27 12:47:33.582800,0.0296182007359809,-0.0392151879235982,6.9677,O
2024-12-27 12:47:33.612000,0.0294084960259022,-0.0418429275591937,6.9969,O
2024-12-27 12:47:33.641900,0.0295733504419542,-0.043762652935481,7.0268,O
2024-12-27 12:47:33.671600,0.0295050311977474,-0.0439780829152363,7.0565,O
2024-12-27 12:47:33.703300,0.0297454915348892,-0.0437327259924302,7.0882,O
2024-12-27 12:47:33.732300,0.0297716464499057,-0.0443545902649414,7.1172,O
2024-12-27 12:47:33.762100,0.0303397413096737,-0.0444077325939618,7.147,O
2024-12-27 12:47:33.792900,0.0304343750311644,-0.044147742276208,7.1778,O
2024-12-27 12:47:33.823200,0.0308485720839164,-0.0436883857054836,7.2081,O
2024-12-27 12:47:33.942900,0.0992189028099579,-0.2380422663057829,7.3278,O
2024-12-27 12:47:33.973700,0.0956219743836076,-0.2373583619399701,7.3586,O
2024-12-27 12:47:34.005600,0.08810205336693,-0.2085738491329988,7.3905,O
2024-12-27 12:47:34.034500,0.0724963450268097,-0.1409237743156412,7.4194,O
2024-12-27 12:47:34.065500,0.059846381426952,-0.0739356130622304,7.4504,O
2024-12-27 12:47:34.095600,0.0507369316840799,-0.0191451016635859,7.4805,O
2024-12-27 12:47:34.125800,0.0460185291683148,0.0226289499163805,7.5107,O
2024-12-27 12:47:34.155600,0.0437141043071839,0.0477190608221107,7.5405,O
2024-12-27 12:47:34.186300,0.0430440757521864,0.0659037496699234,7.5712,O
2024-12-27 12:47:34.216900,0.0417763003493748,0.0791644661561482,7.6018,O
2024-12-27 12:47:34.246700,0.0403240310747515,0.085633416952733,7.6316,O
2024-12-27 12:47:34.276800,0.0398852747296582,0.0910179561658304,7.6617,O
2024-12-27 12:47:34.307600,0.0403298949880826,0.097470293108001,7.6925,O
2024-12-27 12:47:34.336100,0.0420243797847903,0.1010056333069272,7.721,O
2024-12-27 12:47:34.367300,0.0428470429455194,0.1028570328316169,7.7522,O
2024-12-27 12:47:34.398500,0.042932328977505,0.1057401417128774,7.7834,O
2024-12-27 12:47:34.427400,0.0430378927143203,0.1101160769298477,7.8123,O
2024-12-27 12:47:34.456700,0.0428066205044161,0.1149964791831705,7.8416,O
2024-12-27 12:47:34.487400,0.0427499626025935,0.1196316345392131,7.8723,O
2024-12-27 12:47:34.519300,0.0434533529683567,0.1257906434292756,7.9042,O
2024-12-27 12:47:34.548900,0.0435356206141152,0.1309863788398908,7.9338,O
2024-12-27 12:47:34.579200,0.0436408652263955,0.133627211513071,7.9641,O
2024-12-27 12:47:34.609900,0.0434064283648523,0.1343094797993134,7.9948,O
2024-12-27 12:47:34.638400,0.0434665833397047,0.1335493134407182,8.0233,O
2024-12-27 12:47:34.669300,0.0430191840384544,0.1325388390106504,8.0542,O
2024-12-27 12:47:34.703000,0.0433381889017794,0.1336740823871138,8.0879,O
2024-12-27 12:47:34.729600,0.0429125166626221,0.1348388126045243,8.1145,O
2024-12-27 12:47:34.760700,0.0428804978342746,0.136358485168559,8.1456,O
2024-12-27 12:47:34.790800,0.0427986157973292,0.1382284790071297,8.1757,O
2024-12-27 12:47:34.821200,0.0433562593285752,0.1404641976938649,8.2061,O
2024-12-27 12:47:34.851300,0.0437445408097119,0.1416870213889622,8.2362,O
2024-12-27 12:47:34.881700,0.0440750341562978,0.1414652099287034,8.2666,O
2024-12-27 12:47:34.911100,0.0448455470492614,0.1428944415104304,8.296,O
2024-12-27 12:47:34.941600,0.0453363073967083,0.145159426987061,8.3265,O
2024-12-27 12:47:34.971600,0.0453833782656246,0.1475553428395387,8.3565,O
2024-12-27 12:47:35.001100,0.0460875664427254,0.150907050435701,8.386,O
2024-12-27 12:47:35.032700,0.0466517786206506,0.1541695273303406,8.4176,O
2024-12-27 12:47:35.062200,0.0473427364264035,0.1584470997271366,8.4471,O
2024-12-27 12:47:35.093000,0.04981772005465,0.1653617639292315,8.4779,O
2024-12-27 12:47:35.121700,0.0515811490477788,0.1732242980371446,8.5066,O
2024-12-27 12:47:35.153300,0.0530232861184151,0.1779825719566939,8.5382,O
2024-12-27 12:47:35.184400,0.0553601287135624,0.1824136299621512,8.5693,O
2024-12-27 12:47:35.213600,0.0563291104736007,0.1850573232990053,8.5985,O
2024-12-27 12:47:35.243000,0.0561098852148937,0.1878479007129654,8.6279,O
2024-12-27 12:47:35.273500,0.0569614956303207,0.1930358243112402,8.6584,O
2024-12-27 12:47:35.305100,0.0573444450723514,0.1960737391074729,8.69,O
2024-12-27 12:47:35.332400,0.0588417507969802,0.1991161649502684,8.7173,O
2024-12-27 12:47:35.364200,0.0588362724924623,0.2028838790599419,8.7491,O
2024-12-27 12:47:35.393100,0.0583085202926637,0.2058065971305342,8.778,O
2024-12-27 12:47:35.425800,0.0581939146940227,0.2104478038905026,8.8107,O
2024-12-27 12:47:35.455400,0.0585467600549159,0.2163151351113458,8.8403,O
2024-12-27 12:47:35.484500,0.0592973010707292,0.2212742056157028,8.8694,O
2024-12-27 12:47:35.514100,0.060113076460244,0.2270115966904322,8.899,O
2024-12-27 12:47:35.546300,0.0603278605691718,0.2332146157908635,8.9312,O
2024-12-27 12:47:35.576000,0.0625973412937175,0.2400826291699674,8.9609,O
2024-12-27 12:47:35.605500,0.0630158066371254,0.2451162969808995,8.9904,O
2024-12-27 12:47:35.636500,0.0631006139823085,0.247851201478743,9.0214,O
2024-12-27 12:47:35.666000,0.0630167640107305,0.2505998591673268,9.0509,O
2024-12-27 12:47:35.695600,0.0921253827001259,0.2505187703547223,9.0805,O
2024-12-27 12:47:35.726700,0.1587486063233196,0.2456570724408063,9.1116,O
2024-12-27 12:47:35.756100,0.2273134434534592,0.2429209576621776,9.141,O
2024-12-27 12:47:35.786100,0.28269859684931,0.2401775811988381,9.171,O
2024-12-27 12:47:35.817600,0.3227769153289475,0.2365489393539301,9.2025,
2024-12-27 12:47:35.847600,0.351130997297414,0.242721481383681,9.2325,X
2024-12-27 12:47:35.877800,0.372096681437257,0.2492927559193732,9.2627,
2024-12-27 12:47:35.908700,0.3875432397123889,0.2571011574685327,9.2936,
2024-12-27 12:47:35.937500,0.3974217396941057,0.2661509770266702,9.3224,
2024-12-27 12:47:35.969700,0.406292470987923,0.2729462635331398,9.3546,
2024-12-27 12:47:35.998100,0.4150876761417843,0.276979469236863,9.383,
2024-12-27 12:47:36.027400,0.4168528337261445,0.2779490141712877,9.4123,
2024-12-27 12:47:36.059200,0.4193417391622315,0.2821524293636124,9.4441,
2024-12-27 12:47:36.089900,0.4210479916761683,0.2876236686911363,9.4748,
2024-12-27 12:47:36.120100,0.4226501298105529,0.2928469104832321,9.505,
2024-12-27 12:47:36.150500,0.4248788157820379,0.2972057917436845,9.5354,
2024-12-27 12:47:36.180100,0.4252418199406295,0.2995338218466684,9.565,
2024-12-27 12:47:36.210400,0.4259283365966032,0.3020198486048763,9.5953,
2024-12-27 12:47:36.241800,0.4266289479195406,0.3047028210544846,9.6267,
2024-12-27 12:47:36.269700,0.4274847335476342,0.3065478390986709,9.6546,
2024-12-27 12:47:36.301100,0.4280854854848199,0.3080162397676261,9.686,
2024-12-27 12:47:36.330800,0.4284690997696319,0.3107756799577502,9.7157,
2024-12-27 12:47:36.361800,0.4273340801733909,0.3123082255083179,9.7467,
2024-12-27 12:47:36.392500,0.411519198997417,0.3100124328844291,9.7774,
2024-12-27 12:47:36.421600,0.3706951928542697,0.3055620103864096,9.8065,
2024-12-27 12:47:36.450500,0.3208693484208321,0.3018759352169703,9.8354,
2024-12-27 12:47:36.482900,0.2741898059656342,0.2970941158348736,9.8678,O
2024-12-27 12:47:36.513000,0.2352445258507494,0.2924477378751871,9.8979,O
2024-12-27 12:47:36.543200,0.2077287840357951,0.2886994982836018,9.9281,O
2024-12-27 12:47:36.571700,0.1889164059928927,0.2862322858903265,9.9566,O
2024-12-27 12:47:36.603100,0.1747095401614902,0.2879822418801161,9.988,O
2024-12-27 12:47:36.633100,0.1652390010072367,0.2915494894815598,10.018,O
2024-12-27 12:47:36.663900,0.157839872616123,0.2922540929495643,10.0488,O
2024-12-27 12:47:36.693100,0.1523542814213008,0.28957101047443,10.078,O
2024-12-27 12:47:36.724900,0.1484458834597088,0.2861074069184051,10.1098,O
2024-12-27 12:47:36.753600,0.144975922718675,0.2832838218466684,10.1385,O
2024-12-27 12:47:36.784800,0.1426530950093576,0.280952270926855,10.1697,O
2024-12-27 12:47:36.814600,0.1413720094540643,0.2781265953701258,10.1995,O
2024-12-27 12:47:36.845100,0.1390010072368136,0.2742195889446351,10.23,O
2024-12-27 12:47:36.875200,0.1373464794912622,0.2704610069536133,10.2601,O
2024-12-27 12:47:36.903800,0.1370215309334724,0.2710575653551624,10.2887,O
2024-12-27 12:47:36.935300,0.136016248757575,0.2706218642725112,10.3202,O
2024-12-27 12:47:36.965900,0.1353092948345039,0.2692276208080274,10.3508,O
2024-12-27 12:47:36.995800,0.1357379056787545,0.267295352521785,10.3807,O
2024-12-27 12:47:37.026400,0.1351349331666793,0.2645078558225509,10.4113,O
2024-12-27 12:47:37.056900,0.1357835537841188,0.2602718730745533,10.4418,O
2024-12-27 12:47:37.085000,0.1368842541959889,0.2563851113458323,10.4699,O
2024-12-27 12:47:37.117500,0.1913309953028857,0.2079150162837778,10.5024,O
2024-12-27 12:47:37.146400,0.2880907377427922,0.1202316037320658,10.5313,O
2024-12-27 12:47:37.176900,0.3674179168481132,0.0428062010386409,10.5618,
2024-12-27 12:47:37.207200,0.4153837971165768,-0.0086968576709796,10.5921,
2024-12-27 12:47:37.237100,0.4481326228380143,-0.0415963603556024,10.622,
2024-12-27 12:47:37.267800,0.4642756704108395,-0.0637639732417921,10.6527,
2024-12-27 12:47:37.298500,0.473551556895583,-0.0759255347240559,10.6834,
2024-12-27 12:47:37.328000,0.4817261977973757,-0.0781839186691312,10.7129,
2024-12-27 12:47:37.358900,0.48722245307041,-0.0770362424082387,10.7438,
2024-12-27 12:47:37.387600,0.4885859126463068,-0.0748600475310271,10.7725,
2024-12-27 12:47:37.418100,0.4886610398805942,-0.0743524997799489,10.803,
2024-12-27 12:47:37.448900,0.48871914713968,-0.0751190476190476,10.8338,X
2024-12-27 12:47:37.479200,0.4889264451188904,-0.0742655796144705,10.8641,
2024-12-27 12:47:37.508400,0.4890607433607137,-0.0714913960038728,10.8933,
2024-12-27 12:47:37.538500,0.4888300429156014,-0.070035208168295,10.9234,
2024-12-27 12:47:37.568400,0.4884407109828703,-0.0684486400844995,10.9533,
2024-12-27 12:47:37.599900,0.488659444257919,-0.0666793196021477,10.9848,
2024-12-27 12:47:37.629900,0.4885964171622515,-0.0654195273303406,11.0148,
2024-12-27 12:47:37.660500,0.4882134677202208,-0.0636153287562714,11.0454,
2024-12-27 12:47:37.690100,0.4767845543725047,-0.0577854062142416,11.075,
2024-12-27 12:47:37.719500,0.4274221053576355,-0.0263958938473725,11.1044,
2024-12-27 12:47:37.750800,0.3589345229586833,0.0145909250946219,11.1357,
2024-12-27 12:47:37.783000,0.300953451032667,0.048123404629874,11.1679,O
2024-12-27 12:47:37.811900,0.2576981148382935,0.0729544054220579,11.1968,O
2024-12-27 12:47:37.840900,0.2275808432200994,0.0908496171111697,11.2258,O
2024-12-27 12:47:37.870500,0.2072776616149695,0.1025850497315377,11.2554,O
2024-12-27 12:47:37.902800,0.1952325852743971,0.1082169263269078,11.2877,O
2024-12-27 12:47:37.931600,0.1857013193804994,0.1106098714901857,11.3165,O
2024-12-27 12:47:37.960500,0.1789641350561625,0.1139521168911187,11.3454,O
2024-12-27 12:47:37.992200,0.1751968034359074,0.1151041941730481,11.3771,O
2024-12-27 12:47:38.022300,0.1709780435671474,0.116901791215562,11.4072,O
2024-12-27 12:47:38.052800,0.1688013748948716,0.1195703503212745,11.4377,O
2024-12-27 12:47:38.083200,0.1674825661601672,0.1229661781533315,11.4681,O
2024-12-27 12:47:38.113300,0.1660229969118052,0.1274652319338086,11.4982,O
2024-12-27 12:47:38.143100,0.1649955222838678,0.1312513203063111,11.528,O
2024-12-27 12:47:38.173500,0.1646036905422789,0.1331331969016812,11.5584,O
2024-12-27 12:47:38.203300,0.1647404752961043,0.1324213317489657,11.5882,O
2024-12-27 12:47:38.234700,0.1662507720486797,0.1298061350233254,11.6196,O
2024-12-27 12:47:38.265000,0.1817046302975503,0.0979417524865768,11.6499,O
2024-12-27 12:47:38.293700,0.2230534633322584,0.0143281841387201,11.6786,O
2024-12-27 12:47:38.325200,0.264527379887841,-0.0682274887773963,11.7101,O
2024-12-27 12:47:38.355100,0.2962675061414851,-0.1239422145937857,11.74,O
2024-12-27 12:47:38.385000,0.3188044797106603,-0.165610564650999,11.7699,O
2024-12-27 12:47:38.415700,0.3324055673934505,-0.1905641778892703,11.8006,X
2024-12-27 12:47:38.446300,0.3404883270228672,-0.2051888148050347,11.8312,
2024-12-27 12:47:38.474900,0.3449358592926737,-0.2149733078074113,11.8598,
2024-12-27 12:47:38.505700,0.3484554040083371,-0.2228269408502772,11.8906,
2024-12-27 12:47:38.535200,0.3500115350222555,-0.2297218004577062,11.9201,
2024-12-27 12:47:38.565500,0.3508959088899451,-0.2333443578910307,11.9504,
2024-12-27 12:47:38.597000,0.350307124122823,-0.2364663376903441,11.9819,
2024-12-27 12:47:38.627300,0.3493053390199552,-0.2380516437813573,12.0122,
2024-12-27 12:47:38.657800,0.3482458455636703,-0.2383816444415104,12.0427,O
2024-12-27 12:47:38.687500,0.3481741755118458,-0.2370538398908546,12.0724,O
2024-12-27 12:47:38.717200,0.3481824195623339,-0.2347954823519056,12.1021,O
2024-12-27 12:47:38.748700,0.3449482253684059,-0.2049985366605052,12.1336,X
2024-12-27 12:47:38.777200,0.3332427374236676,-0.0674694129037936,12.1621,O
2024-12-27 12:47:38.807600,0.3201104968702525,0.0988824707332101,12.1925,O
2024-12-27 12:47:38.837200,0.3099395990333185,0.2128685855118387,12.2221,O
2024-12-27 12:47:38.868000,0.3043603713811775,0.2760946439573981,12.2529,O
2024-12-27 12:47:38.898700,0.3025845763123165,0.3113991946131502,12.2836,O
2024-12-27 12:47:38.928900,0.3062053100992942,0.3360301689992078,12.3138,O
2024-12-27 12:47:38.959200,0.3094848465709071,0.3500354282193468,12.3441,O
2024-12-27 12:47:38.988000,0.3076118514874194,0.3560542645893847,12.3729,O
2024-12-27 12:47:39.019800,0.3053251912254049,0.3580545286506469,12.4047,O
2024-12-27 12:47:39.048400,0.3057412498379445,0.3604429627673621,12.4333,O
2024-12-27 12:47:39.079100,0.3050088590300608,0.356938429715694,12.464,O
2024-12-27 12:47:39.108900,0.3036344960325506,0.3365132910835313,12.4938,O
2024-12-27 12:47:39.139900,0.3033668303287979,0.3251972757679782,12.5248,O
2024-12-27 12:47:39.171000,0.3030014327361936,0.2972949124196814,12.5559,O
2024-12-27 12:47:39.199600,0.3022459053995205,0.2637611125781181,12.5845,O
2024-12-27 12:47:39.232900,0.3024570594668625,0.2329142461050963,12.6178,O
2024-12-27 12:47:39.262000,0.2992074409204083,0.2056427691224364,12.6469,O
2024-12-27 12:47:39.292400,0.2940583665477705,0.1826427031071208,12.6773,O
2024-12-27 12:47:39.320900,0.2911387759579553,0.1656227444767186,12.7058,O
2024-12-27 12:47:39.352400,0.2896415500144603,0.1526435833113282,12.7373,O
2024-12-27 12:47:39.382000,0.2862253218670114,0.140320284305959,12.7669,X
2024-12-27 12:47:39.411600,0.2828106893422377,0.130418977202711,12.7965,O
2024-12-27 12:47:39.441800,0.2804927814695019,0.1242124372854502,12.8267,O
2024-12-27 12:47:39.473000,0.2781597151813524,0.1168187219434909,12.8579,O
2024-12-27 12:47:39.503800,0.2766182107086226,0.1096320746413167,12.8887,O
2024-12-27 12:47:39.531900,0.2731465346732131,0.1043344555936977,12.9168,O
2024-12-27 12:47:39.563400,0.2675685037380785,0.1011465760056332,12.9483,O
2024-12-27 12:47:39.592300,0.26241091937784,0.0979265689639996,12.9772,O
2024-12-27 12:47:39.623600,0.2591804483034874,0.0953049907578558,13.0085,O
2024-12-27 12:47:39.653900,0.2569581448227029,0.0927901373118563,13.0388,O
2024-12-27 12:47:39.684700,0.2530392955325888,0.0906849088988645,13.0696,O
2024-12-27 12:47:39.714600,0.248821134022332,0.0902046474782149,13.0995,O
2024-12-27 12:47:39.744100,0.2450764735409193,0.0879790511398644,13.129,O
2024-12-27 12:47:39.779000,0.2403442555921588,0.0843602015667634,13.1639,O
2024-12-27 12:47:39.804700,0.234466712984047,0.0786799137399876,13.1896,O
2024-12-27 12:47:39.834500,0.2291379050139118,0.0749080186603292,13.2194,O
2024-12-27 12:47:39.865900,0.2249148502607845,0.0744733078074113,13.2508,O
2024-12-27 12:47:39.895300,0.2205066633867755,0.0730971085291787,13.2802,O
2024-12-27 12:47:39.925700,0.2163784152142621,0.0729171067687703,13.3106,O
2024-12-27 12:47:39.957000,0.2123991583090388,0.0729402121292139,13.3419,O
2024-12-27 12:47:39.986900,0.2096857620594169,0.0735701082651175,13.3718,O
2024-12-27 12:47:40.015300,0.2075239858654424,0.07367661297421,13.4002,O
2024-12-27 12:47:40.047200,0.2057001625540599,0.0726497447407798,13.4321,O
2024-12-27 12:47:40.077600,0.2047627342324223,0.0717687703547222,13.4625,O
2024-12-27 12:47:40.105900,0.203402386120742,0.0718161913563947,13.4908,O
2024-12-27 12:47:40.136300,0.2021111683614616,0.0717664598186779,13.5212,O
2024-12-27 12:47:40.167500,0.2014089614158491,0.0703490009682246,13.5524,O
2024-12-27 12:47:40.196800,0.2005010122231345,0.0692671199718334,13.5817,O
2024-12-27 12:47:40.227100,0.1997162185072284,0.0689385837514303,13.612,O
2024-12-27 12:47:40.258200,0.1987413861307146,0.0678526318105801,13.6431,O
2024-12-27 12:47:40.288600,0.1981439584074355,0.0680274623712701,13.6735,O
2024-12-27 12:47:40.317900,0.1970887465386622,0.0694904717894551,13.7028,O
2024-12-27 12:47:40.349800,0.1955508721075183,0.0693849573100959,13.7347,O
2024-12-27 12:47:40.378900,0.1946292936377869,0.0702671419769386,13.7638,O
2024-12-27 12:47:40.409300,0.1934120861769212,0.0707313396708035,13.7942,O
2024-12-27 12:47:40.439500,0.1801875255548943,0.0604094049819557,13.8244,O
2024-12-27 12:47:40.470100,0.1494658985516399,0.0350951720799225,13.855,O
2024-12-27 12:47:40.499700,0.1156495055231813,0.0080818149810756,13.8846,O
2024-12-27 12:47:40.529400,0.0863633565252656,-0.0169082827215913,13.9143,O
2024-12-27 12:47:40.560900,0.0631743184530437,-0.0343519496523193,13.9458,O
2024-12-27 12:47:40.589200,0.0456828101574679,-0.0457817313616759,13.9741,O
2024-12-27 12:47:40.620500,0.0329308463781027,-0.0531194437109409,14.0054,O
2024-12-27 12:47:40.649700,0.0242385056993647,-0.0577817753718862,14.0346,O
2024-12-27 12:47:40.680500,0.017409852305176,-0.062059787870786,14.0654,O
2024-12-27 12:47:40.711800,0.0124599648298168,-0.0664959070504357,14.0967,O
2024-12-27 12:47:40.741500,0.0085145484221618,-0.0679317401637179,14.1264,O
2024-12-27 12:47:40.772000,0.0064076217576448,-0.0657412419681366,14.1569,O
2024-12-27 12:47:40.802000,0.0045788786096807,-0.0622132734794472,14.1869,O
2024-12-27 12:47:40.831000,0.0037522396891194,-0.060719456914004,14.2159,O
2024-12-27 12:47:40.861800,0.0040548362326018,-0.0573416732681982,14.2467,O
2024-12-27 12:47:40.892100,0.0037891783540486,-0.055354062142417,14.277,O
2024-12-27 12:47:40.922900,0.0028522154223579,-0.0530396752046474,14.3078,O
2024-12-27 12:47:40.953200,0.0020568108156623,-0.0499669923422233,14.3381,O
2024-12-27 12:47:40.981600,0.0011843642274692,-0.0476512850981427,14.3665,O
2024-12-27 12:47:41.014100,0.0003405324725835,-0.0458709620631986,14.399,O
2024-12-27 12:47:41.043400,-9.924773039297896e-05,-0.044075785582255,14.4283,O
2024-12-27 12:47:41.073700,-0.0005673369389973,-0.0416663365900888,14.4586,O
2024-12-27 12:47:41.104300,3.897308383998821e-05,-0.0396869773787518,14.4892,O
2024-12-27 12:47:41.134500,0.0009767205300126,-0.0379847724672123,14.5194,O
2024-12-27 12:47:41.166100,0.0024218626900203,-0.0354399920781621,14.551,O
2024-12-27 12:47:41.197000,0.0036438969094782,-0.0336537276648182,14.5819,O
2024-12-27 12:47:41.224200,0.0050426862307735,-0.0326077149898776,14.6091,O
2024-12-27 12:47:41.255100,0.0061660444846304,-0.0314052460170759,14.64,O
2024-12-27 12:47:41.283800,0.006996725649302,-0.0299795352521785,14.6687,O
2024-12-27 12:47:41.318200,0.008301825325856,-0.0288856614734618,14.7031,O
2024-12-27 12:47:41.345600,0.0092276853830989,-0.0274556597130534,14.7305,O
2024-12-27 12:47:41.376500,0.01018398194287,-0.0263044626353314,14.7614,O
2024-12-27 12:47:41.405400,0.011142020390728,-0.024678285362204,14.7903,O
2024-12-27 12:47:41.435000,0.0120234955438912,-0.0235006821582607,14.8199,O
2024-12-27 12:47:41.465300,0.0131802289053695,-0.0228024601707595,14.8502,O
2024-12-27 12:47:41.494600,0.0140969806165086,-0.0212926899040577,14.8795,O
2024-12-27 12:47:41.529300,0.014627192734598,-0.0184385177361147,14.9142,O
2024-12-27 12:47:41.557200,0.015577159991091,-0.0151711997183346,14.9421,O
2024-12-27 12:47:41.588700,0.0161902780040089,-0.0119607648974562,14.9736,O
2024-12-27 12:47:41.620100,0.0171668655654653,-0.0103214945867441,15.005,O
2024-12-27 12:47:41.647400,0.0167910299411946,-0.0092015447583839,15.0323,O
2024-12-27 12:47:41.680100,0.0165117294887691,-0.0077728633042866,15.065,O
2024-12-27 12:47:41.708400,0.0168280483872576,-0.0045041149546694,15.0933,O
2024-12-27 12:47:41.740600,0.0184317821443174,0.0003036704515447,15.1255,
2024-12-27 12:47:41.771000,0.0192913839699756,0.0050540225332276,15.1559,
2024-12-27 12:47:41.797300,0.0201196052163564,0.0079135859519408,15.1822,
2024-12-27 12:47:41.830300,0.0210624187645226,0.0111470161077369,15.2152,
2024-12-27 12:47:41.861000,0.0220430485700893,0.0145395431740163,15.2459,
2024-12-27 12:47:41.891800,0.0231927345980858,0.0188561746325147,15.2767,
2024-12-27 12:47:41.921800,0.0239506553687716,0.0238300985828712,15.3067,
2024-12-27 12:47:41.951600,0.024693191677498,0.0274161605492473,15.3365,
2024-12-27 12:47:41.982300,0.0252645442668944,0.0305483672211953,15.3672,
2024-12-27 12:47:42.008400,0.0254913753270195,0.0339435349000968,15.3933,
2024-12-27 12:47:42.041900,0.0259721364390355,0.0356421089692808,15.4268,
2024-12-27 12:47:42.073100,0.0271849027501221,0.0361348032743596,15.458,
2024-12-27 12:47:42.102900,0.0285488942002439,0.036876265293548,15.4878,
2024-12-27 12:47:42.132700,0.0297491348733308,0.0374265029486841,15.5176,
2024-12-27 12:47:42.164300,0.0308075113937431,0.0376312604524249,15.5492,
2024-12-27 12:47:42.191600,0.0315672538336496,0.0376671287738755,15.5765,
2024-12-27 12:47:42.224700,0.0327182030629306,0.0373571868673532,15.6096,
2024-12-27 12:47:42.253800,0.0337534430545536,0.0367580978787078,15.6387,
2024-12-27 12:47:42.280800,0.0348709373950794,0.036396664026054,15.6657,
2024-12-27 12:47:42.315600,0.0373643105746568,0.0381872194349089,15.7005,
2024-12-27 12:47:42.344800,0.052933572233506,0.0691164950268462,15.7297,
2024-12-27 12:47:42.374400,0.0794931770509568,0.118923510254379,15.7593,
2024-12-27 12:47:42.404800,0.1068039651223476,0.164157754599067,15.7897,
2024-12-27 12:47:42.436300,0.1313931182123706,0.2051247689463955,15.8212,
2024-12-27 12:47:42.463900,0.1438365417537887,0.2422603644045418,15.8488,
2024-12-27 12:47:42.496000,0.1580709719669041,0.264609189331925,15.8809,
2024-12-27 12:47:42.525600,0.167027946666312,0.2839674104392219,15.9105,
2024-12-27 12:47:42.553700,0.1708252361022926,0.3035592157380512,15.9386,
2024-12-27 12:47:42.588200,0.1733292334695152,0.3143902385353402,15.9731,
2024-12-27 12:47:42.616000,0.1751357841654394,0.3190697341783294,16.0009,
2024-12-27 12:47:42.647000,0.1749015068661638,0.327858463163454,16.0319,
2024-12-27 12:47:42.677000,0.1777217300538854,0.3322374790951501,16.0619,
2024-12-27 12:47:42.707500,0.1772520585194615,0.3349684226740603,16.0924,
2024-12-27 12:47:42.737800,0.1942422088736565,0.3258134187131415,16.1227,
2024-12-27 12:47:42.767900,0.2241912486744696,0.3031623536660505,16.1528,
2024-12-27 12:47:42.796900,0.2624356515293045,0.2782554352609805,16.1818,
2024-12-27 12:47:42.826000,0.3014552743639947,0.253756931608133,16.2109,
2024-12-27 12:47:42.858700,0.328956363044049,0.2400378487809171,16.2436,
2024-12-27 12:47:42.884200,0.3519131183453392,0.2331865592817533,16.2691,
2024-12-27 12:47:42.915400,0.3698249136535437,0.2235537144617551,16.3003,
2024-12-27 12:47:42.949000,0.3824704892910448,0.2200204647478215,16.3339,
2024-12-27 12:47:42.976300,0.3937206928991466,0.2200980327435965,16.3612,
2024-12-27 12:47:43.007100,0.4007008772600498,0.2174894375495114,16.392,
2024-12-27 12:47:43.038300,0.4068032032125202,0.2159632734794472,16.4232,
2024-12-27 12:47:43.067400,0.410353596633236,0.215198816125341,16.4523,
2024-12-27 12:47:43.098200,0.4122561107362136,0.2144094930023766,16.4831,
2024-12-27 12:47:43.127700,0.4139416201553736,0.2141194657160461,16.5126,
2024-12-27 12:47:43.159900,0.4145645778414548,0.2134302658216706,16.5448,
2024-12-27 12:47:43.187500,0.4153706332295069,0.2126543658128686,16.5724,
2024-12-27 12:47:43.218300,0.415514505207381,0.210797024909779,16.6032,
2024-12-27 12:47:43.250200,0.4155789949571674,0.2101375319074025,16.6351,
2024-12-27 12:47:43.281500,0.4155222173836441,0.2103970821230525,16.6664,
2024-12-27 12:47:43.311600,0.4149928695611704,0.210691290379368,16.6965,
2024-12-27 12:47:43.339600,0.4144878549844925,0.2107446527594402,16.7245,
2024-12-27 12:47:43.369800,0.4140348311133124,0.210798455241616,16.7547,
2024-12-27 12:47:43.399800,0.4137057339365673,0.211084961711117,16.7847,
2024-12-27 12:47:43.429400,0.414675872523045,0.2102786946571604,16.8143,
2024-12-27 12:47:43.463100,0.4140687380951589,0.2105244916820702,16.848,
2024-12-27 12:47:43.494200,0.4136661093068016,0.2109982615966904,16.8791,
2024-12-27 12:47:43.523000,0.413050597859871,0.2117069360091541,16.9079,
2024-12-27 12:47:43.553300,0.4121801856905887,0.2117180485872722,16.9382,
2024-12-27 12:47:43.583000,0.4113620301639168,0.2111045462547311,16.9679,
2024-12-27 12:47:43.612000,0.4097904747974722,0.20994630754335,16.9969,
2024-12-27 12:47:43.641000,0.3961976311651701,0.1840932796408766,17.0259,
2024-12-27 12:47:43.669300,0.3844190105144885,0.0641751386321626,17.0542,
2024-12-27 12:47:43.700100,0.3467669692809392,-0.0350807587360267,17.085,
2024-12-27 12:47:43.730300,0.3143572133779664,-0.0792518264237303,17.1152,
2024-12-27 12:47:43.762000,0.2895676194971793,-0.0971965495995071,17.1469,
2024-12-27 12:47:43.790200,0.2761037553644501,-0.1057108749229821,17.1751,
2024-12-27 12:47:43.825400,0.2667421041609185,-0.109266349793152,17.2103,
2024-12-27 12:47:43.855800,0.2610642138400321,-0.1180142593081595,17.2407,
2024-12-27 12:47:43.882800,0.2574888223307393,-0.125548697297773,17.2677,
2024-12-27 12:47:43.915500,0.2558747170262911,-0.1310247777484376,17.3004,
2024-12-27 12:47:43.946100,0.256085871093633,-0.1333261816741484,17.331,
2024-12-27 12:47:43.972700,0.257595330144304,-0.1355443512894991,17.3576,
2024-12-27 12:47:44.005700,0.2581419638790916,-0.1368780587096206,17.3906,
2024-12-27 12:47:44.035700,0.257949824315295,-0.1380335467828536,17.4206,
2024-12-27 12:47:44.065900,0.2575210007213543,-0.1387399546694833,17.4508,O
2024-12-27 12:47:44.093500,0.2574964015384461,-0.1390621424170407,17.4784,O
2024-12-27 12:47:44.128000,0.2577203205871891,-0.1380391910923334,17.5129,O
2024-12-27 12:47:44.155100,0.2575159479162164,-0.1361797597042514,17.54,O
2024-12-27 12:47:44.185200,0.2573461470698716,-0.1343399568699938,17.5701,O
2024-12-27 12:47:44.214000,0.2571603899967755,-0.1318212525305871,17.5989,O
2024-12-27 12:47:44.247700,0.2564870372278715,-0.1292544670363524,17.6326,O
2024-12-27 12:47:44.274300,0.2553327371909727,-0.126704295396532,17.6592,O
2024-12-27 12:47:44.305900,0.2547164279327045,-0.1246310844115834,17.6908,O
2024-12-27 12:47:44.335600,0.2544096694734112,-0.1224288134847284,17.7205,O
2024-12-27 12:47:44.366900,0.2538114439387945,-0.1188175556729161,17.7518,O
2024-12-27 12:47:44.396500,0.2528958224603836,-0.1135025525922014,17.7814,O
2024-12-27 12:47:44.428200,0.2510720257427124,-0.1075150734970513,17.8131,O
2024-12-27 12:47:44.459300,0.2491039581414984,-0.101360025525922,17.8442,O
2024-12-27 12:47:44.490100,0.2471767118870564,-0.096523633482968,17.875,O
2024-12-27 12:47:44.519500,0.2448893867822606,-0.0942772423202183,17.9044,O
2024-12-27 12:47:44.549700,0.2422870591676832,-0.0931871094093829,17.9346,O
2024-12-27 12:47:44.580400,0.2398921625008725,-0.091962415280345,17.9653,O
2024-12-27 12:47:44.607900,0.2377953813371982,-0.0910324795352521,17.9928,O
2024-12-27 12:47:44.637600,0.2363138456833419,-0.0906654343807763,18.0225,O
2024-12-27 12:47:44.670900,0.2348753652480029,-0.0905350541325587,18.0558,O
2024-12-27 12:47:44.701900,0.2340454021135351,-0.0899083487369069,18.0868,O
2024-12-27 12:47:44.728900,0.2336237588216325,-0.0887113810404013,18.1138,O
2024-12-27 12:47:44.761000,0.2328923918716321,-0.0882182466332189,18.1459,O
2024-12-27 12:47:44.791400,0.2321911422996246,-0.0872045814628993,18.1763,O
2024-12-27 12:47:44.819000,0.2315317246354167,-0.0864351729601267,18.2039,O
2024-12-27 12:47:44.851000,0.2464988381872396,-0.0331627937681542,18.2359,O
2024-12-27 12:47:44.879300,0.3356316505054466,0.1363031423290203,18.2642,O
2024-12-27 12:47:44.909400,0.4276795324825561,0.3026678989525569,18.2943,
2024-12-27 12:47:44.940500,0.4805322731307113,0.4173247293372062,18.3254,
2024-12-27 12:47:44.973100,0.5044265897221953,0.4854770706803979,18.358,
2024-12-27 12:47:44.999300,0.5187187149918722,0.5230442962767362,18.3842,
2024-12-27 12:47:45.030400,0.5258046093550026,0.5428638544142241,18.4153,
2024-12-27 12:47:45.063100,0.5391115705913443,0.5544199454273391,18.448,
2024-12-27 12:47:45.091700,0.5472763718199738,0.5688562846580406,18.4766,
2024-12-27 12:47:45.120500,0.5531708679190088,0.5718183918669131,18.5054,
2024-12-27 12:47:45.151700,0.5507259750750441,0.5769629654079746,18.5366,
2024-12-27 12:47:45.181600,0.5532793702609174,0.5837935701082652,18.5665,X
2024-12-27 12:47:45.211800,0.5525875348626932,0.5895963163453921,18.5967,
2024-12-27 12:47:45.241300,0.5538625703486768,0.593041655664114,18.6262,
2024-12-27 12:47:45.271800,0.555880767095601,0.5962733254114955,18.6567,
2024-12-27 12:47:45.302000,0.5565688793742498,0.5990677537188628,18.6869,
2024-12-27 12:47:45.335300,0.5250909671135517,0.5837312956605933,18.7202,
2024-12-27 12:47:45.363800,0.4313449437044374,0.5453184138720183,18.7487,
2024-12-27 12:47:45.393500,0.3175089670670128,0.496406676348913,18.7784,
2024-12-27 12:47:45.423600,0.2286893089956552,0.4582950444503125,18.8085,
2024-12-27 12:47:45.454200,0.1727379887841022,0.4311640700642549,18.8391,
2024-12-27 12:47:45.490200,0.1397138383700714,0.4170718906786375,18.8751,
2024-12-27 12:47:45.512800,0.1161253494579868,0.4024513687175425,18.8977,
2024-12-27 12:47:45.546700,0.1033194201241261,0.3956408986884958,18.9316,
2024-12-27 12:47:45.574600,0.0961409386915228,0.3943417172784085,18.9595,
2024-12-27 12:47:45.607000,0.0932590526655208,0.3922043614118475,18.9919,
2024-12-27 12:47:45.634300,0.0923884317356052,0.391843917788927,19.0192,
2024-12-27 12:47:45.663600,0.0918432327315397,0.3885477730833553,19.0485,
2024-12-27 12:47:45.697400,0.0933368020397376,0.3874348648886542,19.0823,
2024-12-27 12:47:45.727800,0.0940183190779959,0.3895151175072617,19.1127,
2024-12-27 12:47:45.757500,0.0945634383009277,0.3935350101223483,19.1424,
2024-12-27 12:47:45.785200,0.0951110932342274,0.397852521785054,19.1701,
2024-12-27 12:47:45.818100,0.0955286105118291,0.4026403925710764,19.203,
2024-12-27 12:47:45.847600,0.0944808541900053,0.4120042249801954,19.2325,
2024-12-27 12:47:45.879600,0.0918186641313994,0.4157524645717806,19.2645,
2024-12-27 12:47:45.906300,0.1047831090042981,0.3505765337558314,19.2912,
2024-12-27 12:47:45.935600,0.1576174827057771,0.1029526450136431,19.3205,O
2024-12-27 12:47:45.968700,0.2295256147302566,0.0732551051844027,19.3536,O
2024-12-27 12:47:45.999700,0.2453059772690252,0.1402138896223924,19.3846,O
2024-12-27 12:47:46.026700,0.2516788942334861,0.1641149546694833,19.4116,O
2024-12-27 12:47:46.058400,0.2590514688039145,0.1719943226828624,19.4433,O
2024-12-27 12:47:46.087700,0.2671719915033091,0.1952935481031599,19.4726,O
2024-12-27 12:47:46.119000,0.2695655584845573,0.2380420957662177,19.5039,O
2024-12-27 12:47:46.148000,0.2720986094813228,0.2520115966904322,19.5329,O
2024-12-27 12:47:46.178400,0.2721596420486465,0.2682612666138544,19.5633,O
2024-12-27 12:47:46.212200,0.2727820678605026,0.2807244080626706,19.5971,O
2024-12-27 12:47:46.238900,0.2726723688015876,0.288210984948508,19.6238,O
2024-12-27 12:47:46.269600,0.2726614653799742,0.2996854370213889,19.6545,O
2024-12-27 12:47:46.299800,0.2750969174564444,0.2999526890238535,19.6847,O
2024-12-27 12:47:46.328900,0.2770788137875095,0.2993486488865416,19.7138,O
2024-12-27 12:47:46.359500,0.2774624280723216,0.3028957618167415,19.7444,O
2024-12-27 12:47:46.389900,0.2773476762082686,0.3042217894551536,19.7748,O
2024-12-27 12:47:46.419600,0.27733411341553,0.3079823519056421,19.8045,O
2024-12-27 12:47:46.448900,0.2777122759895353,0.3040655532083444,19.8338,O
2024-12-27 12:47:46.478500,0.2772184307715832,0.3049072484816477,19.8634,O
2024-12-27 12:47:46.510300,0.277493276777374,0.3024401461138983,19.8952,O
2024-12-27 12:47:46.541000,0.2769572805270873,0.2969211557081243,19.9259,
2024-12-27 12:47:46.632200,-0.0726590719459616,-0.5199360751694393,20.0171,
2024-12-27 12:47:46.660600,-0.1015745471589605,-0.5121859871490186,20.0455,
2024-12-27 12:47:46.692000,-0.1635037214574684,-0.4399486180793944,20.0769,
2024-12-27 12:47:46.722600,-0.2103865728351888,-0.3607211072968929,20.1075,
2024-12-27 12:47:46.755500,-0.2602793004524255,-0.2498403958718422,20.1404,
2024-12-27 12:47:46.782200,-0.2991937451591135,-0.158548158172696,20.1671,
2024-12-27 12:47:46.812600,-0.3223153814701668,-0.1111254511046563,20.1975,
2024-12-27 12:47:46.849000,-0.3431109988265524,-0.1350617243200422,20.2339,
2024-12-27 12:47:46.872000,-0.3824746113162889,-0.2252695185282985,20.2569,
2024-12-27 12:47:46.903500,-0.4108712432227588,-0.2957964637795969,20.2884,
2024-12-27 12:47:46.932800,-0.4294429614756849,-0.3471483474166006,20.3177,
2024-12-27 12:47:46.963200,-0.4390601782443496,-0.3817781225244256,20.3481,
2024-12-27 12:47:46.992800,-0.4455822859289349,-0.4013072132734794,20.3777,
2024-12-27 12:47:47.024000,-0.4517867317326135,-0.4163636563682774,20.4089,
2024-12-27 12:47:47.054400,-0.4554353889164059,-0.4279610069536133,20.4393,
2024-12-27 12:47:47.085300,-0.4557122294505406,-0.4341402605404454,20.4702,
2024-12-27 12:47:47.114200,-0.458145686998667,-0.4368430375847196,20.4991,
2024-12-27 12:47:47.144100,-0.4577834806514128,-0.4381160329196374,20.529,
2024-12-27 12:47:47.174500,-0.4579398516735755,-0.442741285978347,20.5594,
2024-12-27 12:47:47.204800,-0.4581398363821914,-0.4464042557873426,20.5897,
2024-12-27 12:47:47.237600,-0.4585605488942003,-0.4481008493970601,20.6225,
2024-12-27 12:47:47.269400,-0.4581123118910455,-0.4494513027022269,20.6543,
2024-12-27 12:47:47.296400,-0.456517885932924,-0.4507625869201654,20.6813,
2024-12-27 12:47:47.325000,-0.4558926677813864,-0.4522625649150603,20.7099,
2024-12-27 12:47:47.356200,-0.4553227645492531,-0.4540830472669659,20.7411,
2024-12-27 12:47:47.389400,-0.4545560678538543,-0.4561124680925975,20.7743,
2024-12-27 12:47:47.417000,-0.4538369739015966,-0.4566890018484288,20.8019,
2024-12-27 12:47:47.447200,-0.4527544768850786,-0.4584698750110025,20.8321,
2024-12-27 12:47:47.477100,-0.4520562589961538,-0.4592490757855823,20.862,
2024-12-27 12:47:47.507400,-0.4510378528237534,-0.4596867573277,20.8923,
2024-12-27 12:47:47.537500,-0.4506997137851826,-0.4599485080538685,20.9224,
2024-12-27 12:47:47.568300,-0.4495343773581142,-0.4600244256667547,20.9532,
2024-12-27 12:47:47.597800,-0.448870598325261,-0.4600017604084148,20.9827,
2024-12-27 12:47:47.629700,-0.4484602573606406,-0.46016646862072,21.0146,
2024-12-27 12:47:47.657400,-0.4481775662100304,-0.4597509022093126,21.0423,
2024-12-27 12:47:47.687100,-0.4487607662977897,-0.4694287474694129,21.072,
2024-12-27 12:47:47.839100,-0.3715463245828942,-0.6637442786726521,21.224,
2024-12-27 12:47:47.869100,-0.3411826888236604,-0.6108222207552152,21.254,
2024-12-27 12:47:47.900200,-0.3136782759296995,-0.4464019452512983,21.2851,
2024-12-27 12:47:47.930000,-0.3036733228509787,-0.2418666479623272,21.3149,
2024-12-27 12:47:47.961000,-0.2905537143104085,-0.1377532567555673,21.3459,
2024-12-27 12:47:47.990300,-0.2661823065390611,-0.0990874482880028,21.3752,O
2024-12-27 12:47:48.021300,-0.250769788214332,-0.0773117463251474,21.4062,O
2024-12-27 12:47:48.051900,-0.2406588591962715,-0.0687403177537188,21.4368,O
2024-12-27 12:47:48.082400,-0.2340067082636633,-0.0720206187835577,21.4673,O
2024-12-27 12:47:48.111700,-0.2537396409184138,-0.105108595194085,21.4966,O
2024-12-27 12:47:48.140300,-0.2659879065098081,-0.133009308159493,21.5252,
2024-12-27 12:47:48.173000,-0.2821834766623562,-0.1727353776076049,21.5579,
2024-12-27 12:47:48.202900,-0.3036858218952673,-0.2249699410263181,21.5878,
2024-12-27 12:47:48.233000,-0.3225237431978273,-0.2697996325147434,21.6179,
2024-12-27 12:47:48.262900,-0.3384209319101265,-0.3089143671331749,21.6478,
2024-12-27 12:47:48.292300,-0.3490199884982198,-0.3384573871138104,21.6772,
2024-12-27 12:47:48.323100,-0.3567233888366248,-0.3581450796584807,21.708,
2024-12-27 12:47:48.353900,-0.3626571106597567,-0.369296056685151,21.7388,
2024-12-27 12:47:48.384400,-0.3656262985210572,-0.3753101619575741,21.7693,
2024-12-27 12:47:48.413900,-0.367988086017359,-0.3789488161253411,21.7988,
2024-12-27 12:47:48.443900,-0.3693620501092004,-0.3792188187659537,21.8288,
2024-12-27 12:47:48.473700,-0.3705337690269693,-0.3802105888566147,21.8586,
2024-12-27 12:47:48.504600,-0.3704430844715995,-0.3812724452072881,21.8895,
2024-12-27 12:47:48.533800,-0.3699380698949215,-0.3830217410439221,21.9187,
2024-12-27 12:47:48.564500,-0.3705832333298983,-0.3850485212569316,21.9494,
2024-12-27 12:47:48.596100,-0.37057286178251,-0.3856960214769827,21.981,
2024-12-27 12:47:48.624000,-0.3708786894619095,-0.386324707332101,22.0089,
2024-12-27 12:47:48.654900,-0.3715100241670351,-0.3854425226652583,22.0398,
2024-12-27 12:47:48.685300,-0.3719787383278539,-0.3843565707244081,22.0702,
2024-12-27 12:47:48.715900,-0.3723203345488875,-0.3826313704779509,22.1008,
2024-12-27 12:47:48.745500,-0.372404769582113,-0.3812516503828888,22.1304,
2024-12-27 12:47:48.776700,-0.3726034246051665,-0.3798263797200951,22.1616,
2024-12-27 12:47:48.809200,-0.3732729212859388,-0.3778894903617639,22.1941,
2024-12-27 12:47:48.837300,-0.3737835205419798,-0.3757810712085204,22.2222,
2024-12-27 12:47:48.867400,-0.3741413389268773,-0.373517185987149,22.2523,
2024-12-27 12:47:48.897700,-0.3743112727417783,-0.3707413519936625,22.2826,
2024-12-27 12:47:48.927600,-0.3738966767833576,-0.3676823122964527,22.3125,
2024-12-27 12:47:48.956500,-0.3734286274653201,-0.3645349221019276,22.3414,
2024-12-27 12:47:48.989800,-0.373047007708852,-0.3609649238623361,22.3747,
2024-12-27 12:47:49.017600,-0.3718573380359878,-0.3572769782589561,22.4025,
2024-12-27 12:47:49.047700,-0.3717733019084311,-0.3545041039521169,22.4326,
2024-12-27 12:47:49.078800,-0.3712212164628369,-0.3533660219170847,22.4637,
2024-12-27 12:47:49.109300,-0.3711950216572535,-0.3521426811020157,22.4942,
2024-12-27 12:47:49.139300,-0.3707880049065397,-0.3513334213537541,22.5242,
2024-12-27 12:47:49.169300,-0.3701477613081446,-0.3506739503564827,22.5542,
2024-12-27 12:47:49.199000,-0.36998115170715,-0.3498901285098142,22.5839,
2024-12-27 12:47:49.228300,-0.3698960518311431,-0.349494817797729,22.6132,
2024-12-27 12:47:49.258300,-0.3697435368971122,-0.348605547487017,22.6432,
2024-12-27 12:47:49.290000,-0.3694359806264813,-0.3480899568699938,22.6749,
2024-12-27 12:47:49.320500,-0.3693116550263776,-0.3469723285802306,22.7054,
2024-12-27 12:47:49.350000,-0.3691345409094384,-0.3455746853269958,22.7349,
2024-12-27 12:47:49.380300,-0.3686182240054783,-0.3452345854238183,22.7652,
2024-12-27 12:47:49.411000,-0.3681251765988637,-0.3452020618783558,22.7959,
2024-12-27 12:47:49.439500,-0.3674734977046303,-0.3450280014963471,22.8244,
2024-12-27 12:47:49.472100,-0.3666601290459838,-0.344316587448288,22.857,
2024-12-27 12:47:49.501300,-0.3495379010248551,-0.3332377101487545,22.8862,
2024-12-27 12:47:49.530000,-0.288490574191468,-0.2990034768066191,22.9149,
2024-12-27 12:47:49.561700,-0.2158034458801355,-0.2588020750814189,22.9466,
2024-12-27 12:47:49.590600,-0.1595581454875458,-0.2309296166710677,22.9755,
2024-12-27 12:47:49.622500,-0.1184019838908594,-0.2181856900800985,23.0074,
2024-12-27 12:47:49.651900,-0.0903155676261456,-0.2043850673356218,23.0368,
2024-12-27 12:47:49.682200,-0.0724285044694056,-0.1928688055628906,23.0671,
2024-12-27 12:47:49.713200,-0.0579952995615362,-0.1819592465451985,23.0981,
2024-12-27 12:47:49.743300,-0.0481826190151684,-0.1740057983452161,23.1282,
2024-12-27 12:47:49.772600,-0.0429923243900898,-0.1669307389314321,23.1575,
2024-12-27 12:47:49.803800,-0.0394406012838114,-0.1599043218026582,23.1887,
2024-12-27 12:47:49.833800,-0.0351064911924952,-0.1539253696857671,23.2187,
2024-12-27 12:47:49.864500,-0.0343948434793882,-0.1504085247777484,23.2494,
2024-12-27 12:47:49.895500,-0.0319764113781193,-0.1486134913299885,23.2804,
2024-12-27 12:47:49.923400,-0.0294196387909169,-0.1443881480503476,23.3083,
2024-12-27 12:47:49.953200,-0.0274336603251746,-0.1408034063902825,23.3381,
2024-12-27 12:47:49.985000,-0.0263851101810699,-0.1382405268022181,23.3699,
2024-12-27 12:47:50.014900,-0.0255515037081606,-0.1348896443975002,23.3998,
2024-12-27 12:47:50.044600,-0.0253344990243432,-0.1331523413431916,23.4295,
2024-12-27 12:47:50.075900,-0.0248332873483743,-0.1309227840859079,23.4608,
2024-12-27 12:47:50.105100,-0.0247467381151042,-0.1289580582695185,23.49,
2024-12-27 12:47:50.134300,-0.0240989153090023,-0.1267991373998767,23.5192,
2024-12-27 12:47:50.165400,-0.0238621780914358,-0.1238194261068568,23.5503,
2024-12-27 12:47:50.197900,-0.0232242481459197,-0.1204814717014347,23.5828,
2024-12-27 12:47:50.226100,-0.0236764742057622,-0.1177099287034592,23.611,
2024-12-27 12:47:50.256100,-0.0243705168820203,-0.1151003432796408,23.641,
2024-12-27 12:47:50.286000,-0.0220653739906855,-0.10857219875011,23.6709,
2024-12-27 12:47:50.317100,-0.0167514584988515,-0.0934586524073585,23.702,
2024-12-27 12:47:50.346400,-0.0077737141109556,-0.0751025437901593,23.7313,
2024-12-27 12:47:50.378600,0.0004629832160439,-0.0570902649414664,23.7635,
2024-12-27 12:47:50.407800,0.0061852318472988,-0.0403239151483144,23.7927,
2024-12-27 12:47:50.437800,0.0124581298637404,-0.0240360663673972,23.8227,
2024-12-27 12:47:50.467100,0.0172385090235786,-0.0116663365900888,23.852,
2024-12-27 12:47:50.498400,0.0191024356515292,-0.000345590176921,23.8833,
2024-12-27 12:47:50.528500,0.0211595921854379,0.0099403661649502,23.9134,
2024-12-27 12:47:50.559300,0.0223404992304444,0.0170925754775107,23.9442,
2024-12-27 12:47:50.589600,0.0241609185467866,0.0222369289675204,23.9745,
2024-12-27 12:47:50.618200,0.0267686579816037,0.0240678637443886,24.0031,
2024-12-27 12:47:50.649400,0.0291391815120519,0.0246695933456562,24.0343,
2024-12-27 12:47:50.682600,0.0299345994156031,0.0259188231669747,24.0675,
2024-12-27 12:47:50.709700,0.0312641786033647,0.0279728897104127,24.0946,
2024-12-27 12:47:50.740000,0.0324813860642304,0.0281492606284657,24.1249,
2024-12-27 12:47:50.773300,0.0336048373960767,0.0276120059853886,24.1582,
2024-12-27 12:47:50.799600,0.0349446418658147,0.0279257987853182,24.1845,
2024-12-27 12:47:50.829100,0.0313966152854003,0.025018264237303,24.214,
2024-12-27 12:47:50.863500,0.0245883326740308,0.0179803714461754,24.2484,
2024-12-27 12:47:50.894200,0.0128100311478842,0.0056363876419329,24.2791,
2024-12-27 12:47:50.919900,-0.0012730276607839,-0.0075763577149898,24.3048,
2024-12-27 12:47:50.953300,-0.0173837505775821,-0.0211631898600475,24.3382,
2024-12-27 12:47:51.072100,0.0084780884440351,-0.3218456231845788,24.457,
2024-12-27 12:47:51.101600,0.0146310089321627,-0.2740064805034768,24.4865,
2024-12-27 12:47:51.134400,0.0152284366554418,-0.2466046628817886,24.5193,
2024-12-27 12:47:51.165000,0.0159063768395368,-0.1659093829768506,24.5499,
2024-12-27 12:47:51.195600,0.0173836973901596,-0.0858042865944899,24.5805,
2024-12-27 12:47:51.223500,0.0170321285274064,-0.0415738051227884,24.6084,
2024-12-27 12:47:51.255100,0.0196306798349859,-0.02636277616407,24.64,
2024-12-27 12:47:51.286000,0.0218897757152876,-0.0206397984332365,24.6709,
2024-12-27 12:47:51.314500,0.0246886707465851,-0.0214263709180529,24.6994,
2024-12-27 12:47:51.344600,0.0243272755075243,-0.0187086304022533,24.7295,
2024-12-27 12:47:51.373600,0.0241841348567097,-0.0155470469148842,24.7585,
2024-12-27 12:47:51.405200,0.0253765303849771,-0.0167743816565442,24.7901,
2024-12-27 12:47:51.434000,0.0270717332118886,-0.0174370653991725,24.8189,
2024-12-27 12:47:51.463200,0.0289893924334242,-0.0172579438429715,24.8481,
2024-12-27 12:47:51.493700,0.0301693421048257,-0.0168112402077282,24.8786,
2024-12-27 12:47:51.525100,0.0316168644019905,-0.0170323915148314,24.91,
2024-12-27 12:47:51.553800,0.0325833064626042,-0.0169814496963295,24.9387,
2024-12-27 12:47:51.584700,0.0333593774412195,-0.0170330516679869,24.9696,
2024-12-27 12:47:51.615300,0.0341640632531421,-0.0160561350233254,25.0002,
2024-12-27 12:47:51.646600,0.0464839191152271,-0.0212347064518968,25.0315,
2024-12-27 12:47:51.675000,0.0863506713249983,-0.0360719786990581,25.0599,
2024-12-27 12:47:51.707700,0.1315646343530913,-0.0537860883725024,25.0926,
2024-12-27 12:47:51.736400,0.1724006741505802,-0.0657181366076929,25.1213,
2024-12-27 12:47:51.766000,0.1999644442080558,-0.0760829812516503,25.1509,
2024-12-27 12:47:51.798000,0.2216935939073807,-0.0825001100255259,25.1829,
2024-12-27 12:47:51.827100,0.2365283239645904,-0.0902423862336062,25.212,
2024-12-27 12:47:51.858300,0.2493701611911322,-0.094620411935569,25.2432,
2024-12-27 12:47:51.888100,0.2582430199818497,-0.0994254467036352,25.273,
2024-12-27 12:47:51.918000,0.2657887196125296,-0.1049240823871138,25.3029,
2024-12-27 12:47:51.948600,0.2714208687500622,-0.1081242848340815,25.3335,
2024-12-27 12:47:51.978600,0.2761298172014772,-0.1117450048411231,25.3635,
2024-12-27 12:47:52.008300,0.2792007260083171,-0.1165398072352786,25.3932,
2024-12-27 12:47:52.038600,0.2809239984974552,-0.1192399436669307,25.4235,
2024-12-27 12:47:52.067600,0.2817356385648703,-0.1196611213801602,25.4525,
2024-12-27 12:47:52.098600,0.2824776031088047,-0.11991528034504,25.4835,
2024-12-27 12:47:52.129500,0.2827105640193734,-0.1204831220843235,25.5144,
2024-12-27 12:47:52.159400,0.282864408638967,-0.1216839406742364,25.5443,
2024-12-27 12:47:52.190400,0.2825290619400776,-0.1216470821230525,25.5753,
2024-12-27 12:47:52.221000,0.2823191045897421,-0.1212365768858375,25.6059,
2024-12-27 12:47:52.251000,0.2818458694980104,-0.1210737391074729,25.6359,
2024-12-27 12:47:52.281400,0.2813600023934339,-0.1207855822550831,25.6663,
2024-12-27 12:47:52.309300,0.2810540417454782,-0.1204257987853182,25.6942,
2024-12-27 12:47:52.340700,0.2816279340342992,-0.1210599859167326,25.7256,
2024-12-27 12:47:52.372200,0.284351927877855,-0.123457882228677,25.7571,
2024-12-27 12:47:52.401800,0.2888346968150705,-0.1284378575829592,25.7867,
2024-12-27 12:47:52.432000,0.2929276019453299,-0.1348660989349529,25.8169,
2024-12-27 12:47:52.461600,0.2993553019549701,-0.1407887399876771,25.8465,
2024-12-27 12:47:52.491800,0.3042764682221771,-0.1446823122964528,25.8767,
2024-12-27 12:47:52.522000,0.3079381563244831,-0.1478865966904322,25.9069,
2024-12-27 12:47:52.553200,0.3103379728278754,-0.1500130050171639,25.9381,
2024-12-27 12:47:52.583500,0.3122202757103013,-0.1528843411671507,25.9684,
2024-12-27 12:47:52.611800,0.314521828450617,-0.1561836876155268,25.9967,
2024-12-27 12:47:52.642400,0.3164533296988594,-0.1589235432620368,26.0273,
2024-12-27 12:47:52.672200,0.3189081951845436,-0.1614682906434292,26.0571,
2024-12-27 12:47:52.702800,0.320331091705089,-0.1638259946307543,26.0877,
2024-12-27 12:47:52.733100,0.3215458924350863,-0.1650549687527506,26.118,
2024-12-27 12:47:52.762500,0.3230815462913406,-0.164618794560338,26.1474,
2024-12-27 12:47:52.794700,0.3178665195147976,-0.1654860267582079,26.1796,
2024-12-27 12:47:52.825100,0.270135727653803,-0.157436273215386,26.21,
2024-12-27 12:47:52.853500,0.1735300691768913,-0.1391544208256315,26.2384,
2024-12-27 12:47:52.885100,0.0806103655638032,-0.1147302174104392,26.27,
2024-12-27 12:47:52.915300,0.0118829743736349,-0.0954229381216442,26.3002,
2024-12-27 12:47:52.946300,-0.0325078866974932,-0.0865669835401813,26.3312,
2024-12-27 12:47:52.975100,-0.059777078215429,-0.0825159537012586,26.36,
2024-12-27 12:47:53.006300,-0.0757749241248176,-0.0772705967784525,26.3912,O
2024-12-27 12:47:53.035600,-0.0861137612483088,-0.0729012630930376,26.4205,O
2024-12-27 12:47:53.065500,-0.0923315039076134,-0.0684994718774756,26.4504,O
2024-12-27 12:47:53.095900,-0.0959059646370124,-0.0653143429275592,26.4808,
2024-12-27 12:47:53.125400,-0.0991632953597298,-0.0631856790775459,26.5103,
2024-12-27 12:47:53.156200,-0.1015713559136103,-0.0629145761816741,26.5411,O
2024-12-27 12:47:53.186800,-0.1032730874966342,-0.0630605800545726,26.5717,O
2024-12-27 12:47:53.216600,-0.0908341449955622,-0.0581406786374439,26.6015,O
2024-12-27 12:47:53.247000,-0.0772454233885042,-0.0523966860311592,26.6319,O
2024-12-27 12:47:53.278200,-0.0608301891810134,-0.0444779288795,26.6631,O
2024-12-27 12:47:53.308000,-0.0430495008692819,-0.0354950048411231,26.6929,O
2024-12-27 12:47:53.338300,-0.0263269364377059,-0.0355281225244256,26.7232,O
2024-12-27 12:47:53.368100,-0.0106057449064732,-0.0268268638324091,26.753,O
2024-12-27 12:47:53.398400,0.0032170279533147,-0.0210130050171639,26.7833,O
2024-12-27 12:47:53.428400,0.0142692812717112,-0.0176506249449872,26.8133,O
2024-12-27 12:47:53.459000,0.0227990678904205,-0.0141639160285186,26.8439,O
2024-12-27 12:47:53.491700,0.0205134979705673,-0.0254263489129478,26.8766,O
2024-12-27 12:47:53.606600,0.1441673542249096,-0.415220051051844,26.9915,
2024-12-27 12:47:53.637200,0.1298774362332667,-0.4366173752310536,27.0221,
2024-12-27 12:47:53.673300,0.135172496783823,-0.3882821714637796,27.0582,O
2024-12-27 12:47:53.701700,0.1408397363233529,-0.3195795594577942,27.0866,O
2024-12-27 12:47:53.732900,0.1299154785372128,-0.2262967938561746,27.1178,O
2024-12-27 12:47:53.764200,0.1207602078298533,-0.1539000198045946,27.1491,O
2024-12-27 12:47:53.790400,0.1149076739478031,-0.1101686691312384,27.1753,O
2024-12-27 12:47:53.822100,0.1136430751638006,-0.0804624372854502,27.207,O
2024-12-27 12:47:53.853900,0.115039872616123,-0.0596647522225156,27.2388,O
2024-12-27 12:47:53.880200,0.1143072358164102,-0.0484759264149282,27.2651,O
2024-12-27 12:47:53.912000,0.1142175179424445,-0.0377991594049819,27.2969,O
2024-12-27 12:47:53.943300,0.1145469036609567,-0.0329702490977907,27.3282,O
2024-12-27 12:47:53.971600,0.1149891491009663,-0.030400712965408,27.3565,O
2024-12-27 12:47:54.001800,0.1175562373887634,-0.0293970601179473,27.3867,O
2024-12-27 12:47:54.034300,0.1198960052921485,-0.0257896531995422,27.4192,O
2024-12-27 12:47:54.063100,0.1218729551929207,-0.0214942566675468,27.448,O
2024-12-27 12:47:54.091900,0.1225177862065067,-0.0178730965584015,27.4768,O
2024-12-27 12:47:54.122400,0.1238323133536996,-0.0121672828096118,27.5073,O
2024-12-27 12:47:54.154200,0.1256271362229616,-0.0093169615350761,27.5391,O
2024-12-27 12:47:54.186700,0.1264808741352888,-0.0089130578294164,27.5716,O
2024-12-27 12:47:54.215100,0.1276516356794526,-0.0089371534195933,27.6,O
2024-12-27 12:47:54.246400,0.1213452827742559,-0.0098769914620191,27.6313,O
2024-12-27 12:47:54.273500,0.1031241347902254,-0.0109315861279816,27.6584,O
2024-12-27 12:47:54.306700,0.0761196717006345,-0.0127922277968488,27.6916,O
2024-12-27 12:47:54.334600,0.0469331400856982,-0.0162981911803538,27.7195,O
2024-12-27 12:47:54.364700,0.0207434936823314,-0.0198359519408502,27.7496,O
2024-12-27 12:47:54.394900,-0.0012482157281857,-0.0243948596074289,27.7798,O
2024-12-27 12:47:54.424800,-0.0184839855995053,-0.0272122832497139,27.8097,O
2024-12-27 12:47:54.455100,-0.0325296935407199,-0.0295560470029046,27.84,O
2024-12-27 12:47:54.484200,-0.042186933844819,-0.0307695185282985,27.8691,O
2024-12-27 12:47:54.516400,-0.0493926328771404,-0.0317871446175512,27.9013,O
2024-12-27 12:47:54.547200,-0.0556033282029632,-0.0318888082035032,27.9321,O
2024-12-27 12:47:54.578400,-0.060222921784571,-0.0326081550919813,27.9633,O
2024-12-27 12:47:54.608500,-0.0633865096751246,-0.0334016591849309,27.9934,O
2024-12-27 12:47:54.637600,-0.0665034256024307,-0.0324064783029663,28.0225,O
2024-12-27 12:47:54.666800,-0.06914657456378,-0.0303459202534988,28.0517,O
2024-12-27 12:47:54.696400,-0.070821845404108,-0.028062890590617,28.0813,O
2024-12-27 12:47:54.725900,-0.0723717268958823,-0.0260962943402869,28.1108,O
2024-12-27 12:47:54.758400,-0.0731362960943811,-0.0233800941818501,28.1433,O
2024-12-27 12:47:54.786900,-0.0741822267579274,-0.0202734134319162,28.1718,O
2024-12-27 12:47:54.818600,-0.0746537332584277,-0.0186563682774403,28.2035,O
2024-12-27 12:47:54.849800,-0.0748498618789122,-0.0172479315201126,28.2347,O
2024-12-27 12:47:54.880100,-0.0749400145600569,-0.01495764017252,28.265,O
2024-12-27 12:47:54.908400,-0.0749733896676783,-0.0123226388522137,28.2933,O
2024-12-27 12:47:54.938500,-0.0751445201995858,-0.0097532127453569,28.3234,O
2024-12-27 12:47:54.968700,-0.0750392091030273,-0.0067101267494058,28.3536,O
2024-12-27 12:47:54.997600,-0.0580105909455061,0.0097384693248833,28.3825,O
2024-12-27 12:47:55.029800,0.0036878829078893,0.0643350057213273,28.4147,O
2024-12-27 12:47:55.062000,0.0827050857148555,0.1372485916732682,28.4469,O
2024-12-27 12:47:55.089400,0.1463684359241148,0.1963298785318193,28.4743,O
2024-12-27 12:47:55.120000,0.1875522549805034,0.2339070064254907,28.5049,O
2024-12-27 12:47:55.150200,0.2075163800640243,0.1159606328668251,28.5351,O
2024-12-27 12:47:55.270900,0.235249764811866,0.1434157424522489,28.6558,O
2024-12-27 12:47:55.304400,0.2197083999561203,0.1575073717102367,28.6893,O
2024-12-27 12:47:55.332100,0.2128952905861585,0.1627020068655928,28.717,O
2024-12-27 12:47:55.362800,0.2022772859787981,0.1619927823254995,28.7477,O
2024-12-27 12:47:55.394800,0.1900269327810705,0.1590083399348649,28.7797,O
2024-12-27 12:47:55.420300,0.1765002410055081,0.1573284702050875,28.8052,O
2024-12-27 12:47:55.450900,0.1647568038348131,0.1555735630666314,28.8358,O
2024-12-27 12:47:55.481600,0.1562878902211599,0.1546480283425754,28.8665,O
2024-12-27 12:47:55.513500,0.1482925973080515,0.152419571340551,28.8984,O
2024-12-27 12:47:55.541600,0.141858328651732,0.1544294076225684,28.9265,O
2024-12-27 12:47:55.572900,0.1364098356841065,0.153361939970073,28.9578,O
2024-12-27 12:47:55.602000,0.1318860858378514,0.1522736774931784,28.9869,O
2024-12-27 12:47:55.633100,0.1288525146016095,0.1546370257899832,29.018,O
2024-12-27 12:47:55.666700,0.1257857943042918,0.1585264281313264,29.0516,O
2024-12-27 12:47:55.696300,0.1151592318406504,0.1528512014787431,29.0812,O
2024-12-27 12:47:55.724000,0.0936610352266947,0.1350571032479535,29.1089,O
2024-12-27 12:47:55.754500,0.0708907896005291,0.1197074421265734,29.1394,O
2024-12-27 12:47:55.785300,0.0514321577804888,0.1039090969104832,29.1702,O
2024-12-27 12:47:55.813500,0.0354601210678704,0.0886233606196637,29.1984,O
2024-12-27 12:47:55.844600,0.0226831193093612,0.0737966508229909,29.2295,O
2024-12-27 12:47:55.874600,0.0131451252065167,0.0651030939177889,29.2595,O
2024-12-27 12:47:55.904000,0.0062681244452717,0.058731515711645,29.2889,O
2024-12-27 12:47:55.934300,0.0028964407641702,0.0565511398644485,29.3192,O
2024-12-27 12:47:55.966200,0.001005401847598,0.0576421529794912,29.3511,O
2024-12-27 12:47:55.997900,1.3961698407116696e-06,0.0601517252002464,29.3828,O
2024-12-27 12:47:56.024100,-0.0007082570149224,0.0638624460874923,29.409,O
2024-12-27 12:47:56.057500,5.322731307111361e-05,0.0661658304726696,29.4424,O
2024-12-27 12:47:56.089400,0.0010139650226212,0.0681013995246897,29.4743,O
2024-12-27 12:47:56.116800,0.0062364247414592,0.0717161781533315,29.5017,O
2024-12-27 12:47:56.146200,0.07860535929766,0.1074840462987413,29.5311,O
2024-12-27 12:47:56.176100,0.2102584576312316,0.1750468708740428,29.561,O
2024-12-27 12:47:56.209700,0.3233282029632042,0.2350938517736114,29.5946,O
2024-12-27 12:47:56.237100,0.3985837519072677,0.2731967916556641,29.622,
2024-12-27 12:47:56.268000,0.4433063961199774,0.3073720403133527,29.6529,
2024-12-27 12:47:56.297900,0.4706488533124128,0.3377774843763753,29.6828,
2024-12-27 12:47:56.329900,0.4891895898917303,0.3561858551183875,29.7148,
2024-12-27 12:47:56.358500,0.4990289971179065,0.3651362116010914,29.7434,
2024-12-27 12:47:56.393900,0.5086162959614124,0.3753025701962855,29.7788,
2024-12-27 12:47:56.418900,0.5151330849037473,0.3795918052988293,29.8038,
2024-12-27 12:47:56.450100,0.5201897461297839,0.3838105140392571,29.835,
2024-12-27 12:47:56.480400,0.5238833466855924,0.3892773523457442,29.8653,
2024-12-27 12:47:56.509100,0.5267328628462584,0.3959741660065136,29.894,
2024-12-27 12:47:56.540600,0.5283145238229789,0.4033155091981339,29.9255,
2024-12-27 12:47:56.569500,0.5297620195264324,0.4110760496435174,29.9544,
2024-12-27 12:47:56.598800,0.5309891863321621,0.4183300325675557,29.9837,
2024-12-27 12:47:56.629600,0.5329877037327597,0.4261772731273656,30.0145,
2024-12-27 12:47:56.660800,0.5246823547401628,0.4176398424434469,30.0457,
2024-12-27 12:47:56.689400,0.501461523886139,0.3889369333685415,30.0743,
2024-12-27 12:47:56.720700,0.4362643813804129,0.3098687395475751,30.1056,
2024-12-27 12:47:56.751700,0.3659321262004567,0.2283984684446791,30.1366,
2024-12-27 12:47:56.780600,0.3139450108535583,0.1631273655488073,30.1655,O
2024-12-27 12:47:56.810200,0.303152617984662,0.0591921925886805,30.1951,O
2024-12-27 12:47:56.930500,-0.0091723305731277,-0.3229552416160549,30.3154,O
2024-12-27 12:47:56.961700,0.049791086452831,-0.2418112325059414,30.3466,O
2024-12-27 12:47:56.992600,0.0612016501397831,-0.1966081880996391,30.3775,O
2024-12-27 12:47:57.023200,0.0800575487911495,-0.1075919813396708,30.4081,O
2024-12-27 12:47:57.053000,0.1004397536092652,-0.0223414532171463,30.4379,O
2024-12-27 12:47:57.083600,0.1195189197634488,0.0335943138808203,30.4685,O
2024-12-27 12:47:57.112600,0.1361844273875335,0.0672349485080538,30.4975,O
2024-12-27 12:47:57.143700,0.1476452398918965,0.0741405906170231,30.5286,O
2024-12-27 12:47:57.171900,0.1557286643640944,0.0928941114338526,30.5568,O
2024-12-27 12:47:57.203300,0.1621797402459253,0.1082862424082387,30.5882,O
2024-12-27 12:47:57.233400,0.1668058758805011,0.1033180397852301,30.6183,O
2024-12-27 12:47:57.265300,0.1708669217446803,0.1113133747029311,30.6502,O
2024-12-27 12:47:57.294200,0.1731740458675034,0.1179413123844732,30.6791,O
2024-12-27 12:47:57.324400,0.173819036443357,0.1245158876859431,30.7093,O
2024-12-27 12:47:57.355600,0.1757270288508524,0.1287649634715253,30.7405,O
2024-12-27 12:47:57.385100,0.1771932598238831,0.1354275591937329,30.77,O
2024-12-27 12:47:57.415200,0.1780406551360766,0.1392036352433764,30.8001,X
2024-12-27 12:47:57.446200,0.1784480309018924,0.1443844071824663,30.8311,O
2024-12-27 12:47:57.474000,0.1791882668545955,0.1476883637003785,30.8589,O
2024-12-27 12:47:57.504800,0.1796741073654607,0.150630556289059,30.8897,O
2024-12-27 12:47:57.536200,0.1795706046412674,0.1522904013731185,30.9211,O
2024-12-27 12:47:57.566800,0.1805845962575999,0.1534476498547662,30.9517,O
2024-12-27 12:47:57.597000,0.1797164312569184,0.1560927735234574,30.9819,O
2024-12-27 12:47:57.627000,0.1793347317193166,0.1583242012146817,31.0119,O
2024-12-27 12:47:57.657300,0.1791771772770033,0.1612279948948156,31.0422,O
2024-12-27 12:47:57.687400,0.178375110945639,0.1646311944371094,31.0723,O
2024-12-27 12:47:57.716600,0.1779978525578163,0.1671836766129742,31.1015,O
2024-12-27 12:47:57.747400,0.1782048713030585,0.1702629610069536,31.1323,O
2024-12-27 12:47:57.777200,0.1770134996326743,0.1730154695889446,31.1621,O
2024-12-27 12:47:57.808200,0.175343108738361,0.1760207068039785,31.1931,O
2024-12-27 12:47:57.837700,0.1746009713353034,0.1788765293548103,31.2226,O
2024-12-27 12:47:57.869300,0.1733303371085322,0.1810278584631634,31.2542,O
2024-12-27 12:47:57.899100,0.1734140408146983,0.1833925270662794,31.284,
2024-12-27 12:47:57.930000,0.1727178573446843,0.1841128641844908,31.3149,
2024-12-27 12:47:57.959400,0.172301612576166,0.1839034856086612,31.3443,
2024-12-27 12:47:57.989800,0.1716000438796235,0.1821131502508581,31.3747,
2024-12-27 12:47:58.018700,0.171122926106049,0.1803327171903881,31.4036,
2024-12-27 12:47:58.049300,0.1705587804124019,0.1786052064078866,31.4342,
2024-12-27 12:47:58.078900,0.1701637707223184,0.1769308379544054,31.4638,
2024-12-27 12:47:58.110500,0.1701170056810815,0.174947737875187,31.4954,
2024-12-27 12:47:58.139400,0.1695235404207789,0.1729404321802658,31.5243,
2024-12-27 12:47:58.169800,0.1694122723329,0.1716029618871578,31.5547,
2024-12-27 12:47:58.200900,0.1689877835138934,0.1700256359475398,31.5858,
2024-12-27 12:47:58.230200,0.168603544276867,0.168697627849661,31.6151,
2024-12-27 12:47:58.262000,0.1680348111680289,0.1671069888214065,31.6469,
2024-12-27 12:47:58.291800,0.167390937528048,0.166027088284482,31.6767,
2024-12-27 12:47:58.320100,0.1674174115675994,0.164389138280081,31.705,
2024-12-27 12:47:58.351900,0.1675307539649561,0.1627914576181674,31.7368,
2024-12-27 12:47:58.381900,0.1671279656143313,0.1606103115922894,31.7668,
2024-12-27 12:47:58.411600,0.1667250309982946,0.1589967872546431,31.7965,
2024-12-27 12:47:58.441700,0.1666679741908032,0.1560430419857406,31.8266,
2024-12-27 12:47:58.471900,0.1660277438892637,0.1526993662529707,31.8568,
2024-12-27 12:47:58.503700,0.1668475615228888,0.1514116274975794,31.8886,
2024-12-27 12:47:58.653100,0.112741148116999,0.0203431696153507,32.038,
2024-12-27 12:47:58.684100,0.1191938116433915,0.0062369069624152,32.069,
2024-12-27 12:47:58.714300,0.129164777959132,-0.0198674192412639,32.0992,
2024-12-27 12:47:58.744700,0.1385663729169644,-0.0440365064695009,32.1296,
2024-12-27 12:47:58.777500,0.1469728444965976,-0.0649098890942699,32.1624,O
2024-12-27 12:47:58.807300,0.1515614165140298,-0.0837367969368893,32.1922,O
2024-12-27 12:47:58.835000,0.1559841767418049,-0.0930079878531819,32.2199,O
2024-12-27 12:47:58.867700,0.1580223187721683,-0.1001831925006601,32.2526,
2024-12-27 12:47:58.894300,0.1584983196098702,-0.1073999867969369,32.2792,
2024-12-27 12:47:58.928900,0.1592360291600043,-0.1100037408678813,32.3138,O
2024-12-27 12:47:58.955400,0.16048445763788,-0.1112701346712437,32.3403,O
2024-12-27 12:47:58.985200,0.1605344006276115,-0.1126259792271807,32.3701,O
2024-12-27 12:47:59.015300,0.160086442858425,-0.1133874658920869,32.4002,O
2024-12-27 12:47:59.045800,0.1599066959640718,-0.1131437593521697,32.4307,O
2024-12-27 12:47:59.078200,0.1596800244662143,-0.1127534988117243,32.4631,O
2024-12-27 12:47:59.106500,0.1594739630945771,-0.1129529750902209,32.4914,O
2024-12-27 12:47:59.137500,0.1596809685429637,-0.1139209796672828,32.5224,O
2024-12-27 12:47:59.166800,0.1599418794440584,-0.1153158832849221,32.5517,O
2024-12-27 12:47:59.197900,0.1600477623054088,-0.1160867221195317,32.5828,O
2024-12-27 12:47:59.228400,0.1600978515605521,-0.1165491594049819,32.6133,O
2024-12-27 12:47:59.256000,0.1603768328884426,-0.1168972801689992,32.6409,O
2024-12-27 12:47:59.288400,0.1607754859169677,-0.1169618651527154,32.6733,O
2024-12-27 12:47:59.321500,0.1607299973738709,-0.1167062758559986,32.7064,O
2024-12-27 12:47:59.348600,0.1608333405357967,-0.1165021785054132,32.7335,O
2024-12-27 12:47:59.378100,0.1609777443878958,-0.1161140084499603,32.763,O
2024-12-27 12:47:59.411900,0.1608948517899229,-0.1158714021653023,32.7968,O
2024-12-27 12:47:59.441600,0.1610623921708113,-0.1158842751518352,32.8265,O
2024-12-27 12:47:59.471800,0.16135025579826,-0.1159366473021741,32.8567,O
2024-12-27 12:47:59.502700,0.1617433507411334,-0.1154505545286506,32.8876,O
2024-12-27 12:47:59.531700,0.1619594113482013,-0.1147066719478919,32.9166,O
2024-12-27 12:47:59.563100,0.1603002695937477,-0.115503586832145,32.948,O
2024-12-27 12:47:59.592900,0.1563945708938478,-0.1177018968400669,32.9778,O
2024-12-27 12:47:59.622200,0.1509414772141757,-0.1209724055980987,33.0071,O
2024-12-27 12:47:59.649100,0.1450570734285609,-0.1252672520024645,33.034,O
2024-12-27 12:47:59.681800,0.1403290173956113,-0.1283205703723264,33.0667,X
2024-12-27 12:47:59.709900,0.1363716338178928,-0.1301921045682598,33.0948,O
2024-12-27 12:47:59.742000,0.1333364669589758,-0.1319684666842707,33.1269,O
2024-12-27 12:47:59.771600,0.1309440568041672,-0.1336155488073233,33.1565,O
2024-12-27 12:47:59.802600,0.128767547694159,-0.1345661693512895,33.1875,O
2024-12-27 12:47:59.832800,0.127062757834341,-0.1354014171287738,33.2177,O
2024-12-27 12:47:59.862300,0.127253926727677,-0.138163365900889,33.2472,O
2024-12-27 12:47:59.981700,-0.0854336270830355,-1.0,33.3666,X
2024-12-27 12:48:00.010100,-0.0707968473155311,-0.9306232946043482,33.395,
2024-12-27 12:48:00.043700,0.0341888618888848,-0.5493414972273567,33.4286,
2024-12-27 12:48:00.076400,0.0473462202025775,-0.440557279288795,33.4613,
2024-12-27 12:48:00.106600,0.0530529248096056,-0.3585964043658128,33.4915,O
2024-12-27 12:48:00.135800,0.0566710923034475,-0.3081961315025086,33.5207,O
2024-12-27 12:48:00.164200,0.0570015191657552,-0.2841510980547487,33.5491,O
2024-12-27 12:48:00.193900,0.0570008011355514,-0.2727473373822727,33.5788,O
2024-12-27 12:48:00.226600,0.0563023970906479,-0.2669785010122348,33.6115,O
2024-12-27 12:48:00.257800,0.0508078571119894,-0.2645320944459114,33.6427,O
2024-12-27 12:48:00.284600,0.0405374589044055,-0.2611663806002993,33.6695,O
2024-12-27 12:48:00.314700,0.0374226438802883,-0.2559848791919725,33.6996,X
2024-12-27 12:48:00.346500,0.0370287511260774,-0.2533185139952469,33.7314,O
2024-12-27 12:48:00.377400,0.0363619670038527,-0.2530087129213977,33.7623,O
2024-12-27 12:48:00.405500,0.0355362056757627,-0.2515709290555409,33.7904,O
2024-12-27 12:48:00.435100,0.0358384830947101,-0.2493901208080274,33.82,O
2024-12-27 12:48:00.466600,0.0355815479534476,-0.2470270002640612,33.8515,O
2024-12-27 12:48:00.495900,0.0355639429165987,-0.2465123250594137,33.8808,O
2024-12-27 12:48:00.526500,0.0334134291593395,-0.2452230164598187,33.9114,O
2024-12-27 12:48:00.556100,0.0303591680157434,-0.2440176172872106,33.941,O
2024-12-27 12:48:00.585500,0.0316840800071802,-0.2437836271014875,33.9704,O
2024-12-27 12:48:00.618100,0.0320202777048297,-0.2438442555672916,34.003,O
2024-12-27 12:48:00.647500,0.0326670101687703,-0.2444368067291611,34.0324,X
2024-12-27 12:48:00.678100,0.0331455507058967,-0.2445944617551272,34.063,O
2024-12-27 12:48:00.708700,0.0328546819890766,-0.2457938275679957,34.0936,O
2024-12-27 12:48:00.739500,0.0151755683574726,-0.2798283051667987,34.1244,O
2024-12-27 12:48:00.767800,-0.0247546630410573,-0.3566913123844732,34.1527,O
2024-12-27 12:48:00.798100,-0.0641476216911606,-0.4289386937769562,34.183,
2024-12-27 12:48:00.828200,-0.093345921023326,-0.4825232153859695,34.2131,
2024-12-27 12:48:00.859800,-0.1117510296752575,-0.5201553560426019,34.2447,
2024-12-27 12:48:00.888500,-0.124051418940706,-0.5467843939794033,34.2734,
2024-12-27 12:48:00.919700,-0.1300327435069792,-0.5680302130094183,34.3046,
2024-12-27 12:48:00.950500,-0.1353673090156005,-0.5773447539829241,34.3354,
2024-12-27 12:48:00.982500,-0.1387834041944931,-0.588197011706716,34.3674,X
2024-12-27 12:48:01.010100,-0.1416249422417834,-0.5947548631282458,34.395,
2024-12-27 12:48:01.040800,-0.1445490537625115,-0.5985874922982133,34.4257,
2024-12-27 12:48:01.070200,-0.1450460902258138,-0.6005919373294605,34.4551,
2024-12-27 12:48:01.100300,-0.1444603637354856,-0.604449982395916,34.4852,
2024-12-27 12:48:01.130900,-0.1438768977106138,-0.6082915236334829,34.5158,
2024-12-27 12:48:01.160900,-0.1443984003882682,-0.6106598230789544,34.5458,
2024-12-27 12:48:01.191300,-0.1449499539596374,-0.6120087360267583,34.5762,
2024-12-27 12:48:01.224400,-0.1444868244781815,-0.6139511266613855,34.6093,
2024-12-27 12:48:01.251300,-0.1446687254631461,-0.6159730657512543,34.6362,
2024-12-27 12:48:01.282400,-0.1446394723807687,-0.6173150470909252,34.6673,X
2024-12-27 12:48:01.311600,-0.1445433361145923,-0.6192475354282194,34.6965,
2024-12-27 12:48:01.342600,-0.1448560781589173,-0.621680199806355,34.7275,
2024-12-27 12:48:01.372100,-0.1444054477217499,-0.6226295000440102,34.757,
2024-12-27 12:48:01.400700,-0.1407593169405264,-0.6121163409911099,34.7856,
2024-12-27 12:48:01.433300,-0.1167459934911891,-0.5320874042777926,34.8182,
2024-12-27 12:48:01.463900,-0.0795054899392666,-0.4121418669131238,34.8488,
2024-12-27 12:48:01.493200,-0.0502149104290563,-0.312914499163806,34.8781,O
2024-12-27 12:48:01.523900,-0.0253183300479019,-0.2537408513775196,34.9088,O
2024-12-27 12:48:01.672800,0.0811433567247184,-0.2820127959686647,35.0577,
2024-12-27 12:48:01.704200,0.0853316800909504,-0.2668045836634099,35.0891,
2024-12-27 12:48:01.735100,0.0973299288950645,-0.2332950334477599,35.12,
2024-12-27 12:48:01.765700,0.1103891630626647,-0.1990746963295484,35.1506,
2024-12-27 12:48:01.794200,0.1206917423202347,-0.1766056685150955,35.1791,
2024-12-27 12:48:01.826000,0.1273333355494759,-0.1621408766833905,35.2109,
2024-12-27 12:48:01.856200,0.1325020626747289,-0.1487351795616583,35.2411,
2024-12-27 12:48:01.887400,0.1333437536358589,-0.1371992342223396,35.2723,
2024-12-27 12:48:01.917700,0.1326363210259853,-0.1293450180441862,35.3026,
2024-12-27 12:48:01.946500,0.1338809466031519,-0.123759902297333,35.3314,
2024-12-27 12:48:01.977900,0.1337955143057545,-0.1198861235806707,35.3628,
2024-12-27 12:48:02.007700,0.1337294156364373,-0.1172898512454889,35.3926,
2024-12-27 12:48:02.038000,0.1337029415968858,-0.1152163101839626,35.4229,
2024-12-27 12:48:02.067800,0.1338481432603224,-0.112333421353754,35.4527,
2024-12-27 12:48:02.097000,0.1341293318662468,-0.1112389974474078,35.4819,
2024-12-27 12:48:02.129000,0.1343648856636626,-0.1093528298565267,35.5139,
2024-12-27 12:48:02.156700,0.1224087253966617,-0.1148403529618871,35.5416,
2024-12-27 12:48:02.187900,0.1058701774797804,-0.1215301249889974,35.5728,
2024-12-27 12:48:02.217100,0.0893569840072068,-0.1272232858023061,35.602,
2024-12-27 12:48:02.247600,0.0727126316804233,-0.1309422586039961,35.6325,
2024-12-27 12:48:02.277700,0.0578519195673202,-0.1336884957310096,35.6626,
2024-12-27 12:48:02.307600,0.0448742416637025,-0.1364145321714637,35.6925,O
2024-12-27 12:48:02.338500,0.0342362651791917,-0.1378483518176217,35.7234,O
2024-12-27 12:48:02.369800,0.0266447046934575,-0.1396759088108441,35.7547,O
2024-12-27 12:48:02.399600,0.0210301605927737,-0.1422322308775636,35.7845,O
2024-12-27 12:48:02.430000,0.0159978459093885,-0.1447664158084675,35.8149,O
2024-12-27 12:48:02.460300,0.0115376683298816,-0.1475550567731713,35.8452,O
2024-12-27 12:48:02.490900,0.0075828111547321,-0.1491489195493354,35.8758,O
2024-12-27 12:48:02.520500,0.0031970560761643,-0.1493057609365373,35.9054,O
2024-12-27 12:48:02.551600,0.0018255386057581,-0.1487250132030631,35.9365,
2024-12-27 12:48:02.580800,0.0013173593774411,-0.1479215187923598,35.9657,
2024-12-27 12:48:02.614100,0.0003703307260415,-0.1476233606196637,35.999,
