Timestamp,EAR,Normalized EAR,EAR 0/1,Transition Count
23:17.2,0.263005707,56.715307322394835,1,0
23:17.3,0.248965797,52.86987081318397,1,0
23:17.3,0.258931802,55.599492262180306,1,0
23:17.3,0.325936675,73.95167435802266,1,0
23:17.4,0.278939209,61.07938588916518,1,0
23:17.4,0.312352937,70.23118027816352,1,0
23:17.4,0.302631579,67.56856598987325,1,0
23:17.5,0.333076726,75.90728609577792,1,0
23:17.5,0.3440284,78.90687562566633,1,0
23:17.5,0.311403509,69.97113836236298,1,0
23:17.6,0.330516702,75.20611281517597,1,0
23:17.6,0.324985581,73.69117613607598,1,0
23:17.6,0.292856614,64.89126910639904,1,0
23:17.7,0.322971121,73.13942914978155,1,0
23:17.7,0.292806714,64.87760183347426,1,0
23:17.7,0.313471722,70.53760793225514,1,0
23:17.8,0.252505261,53.83930609365496,1,0
23:17.8,0.338573499,77.41281508969915,1,0
23:17.8,0.259412351,55.73111138716506,1,0
23:17.9,0.246617899,52.22679741106791,1,0
23:17.9,0.293752878,65.13674976172314,1,0
23:17.9,0.295749005,65.68347546315724,1,0
23:18.0,0.29499551,65.47709827252655,1,0
23:18.4,0.339782259,77.74388628850836,1,0
23:18.5,0.329301707,74.87333389198425,1,0
23:18.5,0.313098163,70.43529264555141,1,0
23:18.5,0.278505227,60.960521150919675,1,0
23:18.6,0.316528979,71.37496997274118,1,0
23:18.6,0.321131548,72.63558253142298,1,0
23:18.6,0.34493883,79.15623625269889,1,0
23:18.7,0.324086558,73.44493980928897,1,0
23:18.7,0.329043329,74.80256590313127,1,0
23:18.7,0.305555556,68.36942353866758,1,0
23:18.8,0.292856614,64.89126910639904,1,0
23:18.8,0.286517329,63.1549817668582,1,0
23:18.8,0.281495631,61.779572606298686,1,0
23:18.9,0.328655213,74.6962635524603,1,0
23:18.9,0.342719891,78.54848384956298,1,0
23:18.9,0.325393776,73.80297798921302,1,0
23:19.0,0.278939209,61.07938588916518,1,0
23:19.7,0.166093922,30.171824051362865,0,0
23:19.7,0.163842118,29.5550701467305,0,0
23:19.9,0.182285938,34.6067078564675,0,0
23:20.0,0.215097711,43.59363083718031,0,0
23:20.0,0.20750406,41.5137811234994,0,0
23:20.1,0.27102799,58.912556445460574,1,1
23:20.1,0.271663626,59.08665285213046,1,0
23:20.1,0.22787557,47.0934001026634,1,0
23:20.2,0.236286283,49.39703757887903,1,0
23:20.2,0.243410411,51.34828811449438,1,0
23:20.4,0.380225801,88.82109924561445,1,0
23:20.4,0.236730732,49.51876915771979,1,0
23:20.5,0.21725318,44.183999236056955,0,0
23:20.5,0.201597088,39.89590139437818,0,0
23:20.5,0.207567625,41.53119114761694,0,0
23:20.6,0.244819922,51.73434365612779,1,1
23:20.6,0.221487388,45.34372020512249,0,0
23:20.6,0.255799759,54.74164684147473,1,1
23:20.7,0.329391861,74.89802646359273,1,0
23:22.0,0.216027903,43.84840414252029,0,0
23:23.1,0.390469106,91.6266712914454,1,1
23:23.1,0.366464421,85.05195022192953,1,0
23:23.3,0.421040611,100.0,1,0
23:23.3,0.383737209,89.78285017720414,1,0
23:23.5,0.357315043,82.54599739190635,1,0
23:23.5,0.232309922,48.307939161353396,1,0
23:23.6,0.386844227,90.63384141945393,1,0
23:23.9,0.385433307,90.24739996223833,1,0
23:24.2,0.393110056,92.35000965679107,1,0
23:24.3,0.36603341,84.93389922051489,1,0
23:24.4,0.405507089,95.74547325335915,1,0
23:24.4,0.352332132,81.18121172864011,1,0
23:24.4,0.33336056,75.98502631107526,1,0
23:24.5,0.291666667,64.56535066120773,1,0
23:24.5,0.343891418,78.86935718118166,1,0
23:24.6,0.307010097,68.7678124931227,1,0
23:24.6,0.281650253,61.821922527624906,1,0
23:24.6,0.356097528,82.21252825773728,1,0
23:24.7,0.341632415,78.25063151907864,1,0
23:24.7,0.375570342,87.54600047320535,1,0
23:24.7,0.356277086,82.26170798102046,1,0
23:24.8,0.353128786,81.39940987783115,1,0
23:24.8,0.36594681,84.9101800654991,1,0
23:24.8,0.38499164,90.12643035440513,1,0
23:24.9,0.390526304,91.6423374372721,1,0
23:24.9,0.393208633,92.37700923120205,1,0
23:24.9,0.38176515,89.24271653839037,1,0
23:25.0,0.360833119,83.50957464365358,1,0
23:25.0,0.403764831,95.2682805561364,1,0
23:25.0,0.393478962,92.45105051822587,1,0
23:25.1,0.354010872,81.64100727472783,1,0
23:25.1,0.374422632,87.2316504570025,1,0
23:25.1,0.338175524,77.30381242552586,1,0
23:25.2,0.372983972,86.83761120117101,1,0
23:25.2,0.289273633,63.909914813585985,1,0
23:25.2,0.328943844,74.77531763365384,1,0
23:25.3,0.305085108,68.24057100935042,1,0
23:25.3,0.319209221,72.10907015146884,1,0
23:25.3,0.31524311,71.02277913970433,1,0
23:25.4,0.305320332,68.30499727400901,1,0
23:25.4,0.312352937,70.23118027816352,1,0
23:25.4,0.325292398,73.77521123982282,1,0
23:25.5,0.324424777,73.53757570871487,1,0
23:25.5,0.375560363,87.54326729251365,1,0
23:25.6,0.298817508,66.5239177070764,1,0
23:25.6,0.285480104,62.87089284582764,1,0
23:25.6,0.308324823,69.12790706353013,1,0
23:25.7,0.312247937,70.20242148743998,1,0
23:25.7,0.300160609,66.89178399831029,1,0
23:25.7,0.318952613,72.0387869536595,1,0
23:25.8,0.312578729,70.29302318173538,1,0
23:25.8,0.314028114,70.68999994261938,1,0
23:25.8,0.330258325,75.13534510021624,1,0
23:25.9,0.293738466,65.13280241227639,1,0
23:25.9,0.314841115,70.9126754246862,1,0
23:25.9,0.31545497,71.08080616258705,1,0
23:26.0,0.291541897,64.53117700103083,1,0
23:26.0,0.297314569,66.11227286735043,1,0
23:26.1,0.294378885,65.30820885033707,1,0
23:26.1,0.258044577,55.35648732789763,1,0
23:26.1,0.271866368,59.14218251640542,1,0
23:26.2,0.294097639,65.23117747075776,1,0
23:26.2,0.257160485,55.1143405011515,1,0
23:26.3,0.294617958,65.3736893300956,1,0
23:26.3,0.281196591,61.69766757031808,1,0
23:26.3,0.283939637,62.44896934040385,1,0
23:26.4,0.280957931,61.63230020846973,1,0
23:26.4,0.293161789,64.97485447743763,1,0
23:26.5,0.306022351,68.49727553596081,1,0
23:26.5,0.315175824,71.0043499588222,1,0
23:26.5,0.279742935,61.29952101138477,1,0
23:26.6,0.288000272,63.561149837257425,1,0
23:26.6,0.270799598,58.85000141945172,1,0
23:26.7,0.306022351,68.49727553596081,1,0
23:26.7,0.25183558,53.65588499145952,1,0
23:26.7,0.279742935,61.29952101138477,1,0
23:26.8,0.301375605,67.22456319539525,1,0
23:26.8,0.297779862,66.23971347698969,1,0
23:26.8,0.287789346,63.50337863066551,1,0
23:26.9,0.249615088,53.04770723211416,1,0
23:26.9,0.298452499,66.42394420761731,1,0
23:26.9,0.279503225,61.233866061629186,1,0
23:27.0,0.329013142,74.79429788774488,1,0
23:27.0,0.293161789,64.97485447743763,1,0
23:27.0,0.307311383,68.85033269333155,1,0
23:27.1,0.249615088,53.04770723211416,1,0
23:27.1,0.251322256,53.51528901537036,1,0
23:27.1,0.272172752,59.2260990243772,1,0
23:27.2,0.274507375,59.86553649366605,1,0
23:27.2,0.270799598,58.85000141945172,1,0
23:27.2,0.258051925,55.3584998954618,1,0
23:27.3,0.263066387,56.7319271645006,1,0
23:27.3,0.271612599,59.07267690151857,1,0
23:27.3,0.306468042,68.61934729021183,1,0
23:27.4,0.306714869,68.686951538192,1,0
23:27.4,0.250610316,53.32029345853504,1,0
23:27.4,0.286211322,63.07116851663977,1,0
23:27.5,0.256932094,55.05178574903591,1,0
23:27.5,0.270163957,58.67590364331562,1,0
23:27.5,0.266865856,57.77257605813416,1,0
23:27.6,0.25838575,55.44993230796924,1,0
23:27.6,0.305085108,68.24057100935042,1,0
23:27.6,0.292882643,64.89839827367278,1,0
23:27.7,0.306232818,68.55492102555327,1,0
23:27.7,0.263521632,56.85661569481423,1,0
23:27.7,0.306880796,68.73239782265279,1,0
23:27.8,0.298427106,66.41698923644739,1,0
23:27.8,0.287746761,63.491714886827786,1,0
23:27.8,0.272985753,59.448774506444025,1,0
23:27.9,0.285480104,62.87089284582764,1,0
23:27.9,0.277563938,60.70270845224008,1,0
23:27.9,0.314028114,70.68999994261938,1,0
23:28.0,0.273980005,59.721093413057815,1,0
23:28.0,0.300801265,67.06725534907001,1,0
23:28.0,0.25698312,55.065761425754566,1,0
23:28.1,0.28075326,61.57624220412521,1,0
23:28.1,0.271035152,58.91451806888116,1,0
23:28.1,0.292882643,64.89839827367278,1,0
23:28.2,0.272253255,59.2481482522783,1,0
23:28.2,0.256932094,55.05178574903591,1,0
23:28.2,0.266782542,57.7497569163214,1,0
23:28.3,0.280957931,61.63230020846973,1,0
23:28.3,0.306301497,68.57373173972564,1,0
23:28.3,0.311146901,69.90085516455362,1,0
23:28.4,0.285475948,62.869754545501465,1,0
23:28.4,0.296682544,65.93916548918818,1,0
23:28.4,0.287945404,63.54612186269153,1,0
23:28.5,0.295398726,65.5875364111968,1,0
23:28.5,0.258305247,55.42788308006813,1,0
23:28.5,0.295398726,65.5875364111968,1,0
23:28.6,0.325639773,73.87035490579983,1,0
23:28.6,0.271612599,59.07267690151857,1,0
23:28.6,0.306301497,68.57373173972564,1,0
23:28.7,0.275629009,60.17274446961264,1,0
23:28.7,0.321007379,72.60157348108632,1,0
23:28.7,0.334147088,76.20045101726758,1,0
23:28.8,0.335234563,76.4983030738587,1,0
23:28.8,0.325492646,73.83005781434477,1,0
23:28.8,0.275029705,60.008599152319576,1,0
23:28.9,0.300160609,66.89178399831029,1,0
23:28.9,0.265062429,57.27862958500886,1,0
23:28.9,0.275029705,60.008599152319576,1,0
23:29.0,0.279503225,61.233866061629186,1,0
23:29.0,0.315481771,71.08814677544592,1,0
23:29.0,0.315680413,71.14255347741643,1,0
23:29.1,0.32870862,74.71089136899526,1,0
23:29.1,0.271866368,59.14218251640542,1,0
23:29.1,0.303664836,67.85156810250771,1,0
23:29.2,0.303664836,67.85156810250771,1,0
23:29.2,0.286420505,63.12846232730568,1,0
23:29.2,0.300891827,67.09205966912243,1,0
23:29.3,0.311843214,70.09157059164953,1,0
23:29.3,0.282604724,62.08334568705989,1,0
23:29.3,0.273341714,59.54626981982247,1,0
23:29.4,0.313608054,70.57494834613057,1,0
23:29.4,0.306499649,68.62800423400611,1,0
23:29.4,0.304955483,68.20506759746912,1,0
23:29.5,0.30674637,68.69557944930229,1,0
23:29.5,0.28657225,63.170024257766066,1,0
23:29.6,0.300439755,66.96824020207514,1,0
23:29.6,0.314974914,70.94932206697207,1,0
23:29.6,0.301278132,67.19786599912673,1,0
23:29.7,0.300439604,66.96819884419516,1,0
23:29.7,0.338416685,77.36986479437992,1,0
23:29.7,0.338450292,77.37906952466416,1,0
23:29.8,0.27233624,59.27087728321345,1,0
23:29.8,0.281057544,61.65958353628251,1,0
23:29.8,0.315175824,71.0043499588222,1,0
23:29.9,0.266679764,57.72160671638823,1,0
23:29.9,0.301966183,67.38631852023258,1,0
23:29.9,0.245816985,52.00743247665323,1,0
23:30.0,0.15710977,27.711125506635742,0,0
23:30.0,0.18319089,34.854568096304035,0,0
23:30.0,0.251182815,53.477097067396265,1,1
23:30.1,0.299966988,66.83875251432286,1,0
23:30.1,0.258878868,55.584993997150214,1,0
23:30.1,0.264975289,57.25476252764079,1,0
23:30.2,0.307676059,68.95021498634006,1,0
23:30.2,0.294378885,65.30820885033707,1,0
23:30.2,0.306705035,68.68425807202081,1,0
23:30.3,0.301533763,67.26788160323575,1,0
23:30.3,0.294925049,65.45779948059159,1,0
23:30.3,0.258578206,55.502644706326244,1,0
23:30.4,0.212488764,42.879057877353915,0,0
23:30.4,0.253642833,54.15087938014014,1,1
23:30.4,0.240313444,50.500049773249934,1,0
23:30.5,0.222124177,45.51813241070385,0,0
23:30.5,0.130548715,20.4362319624351,0,0
23:30.5,0.124856572,18.877192445240965,0,0
23:30.6,0.143722896,24.044551146557517,0,0
23:30.6,0.224928711,46.28627532863731,0,0
23:30.6,0.234888088,49.01408141320587,1,1
23:30.7,0.23135967,48.04767155751899,1,0
23:30.7,0.259714967,55.81399586538974,1,0
23:30.7,0.299011631,66.5770866854728,1,0
23:30.8,0.254755129,54.45552974096506,1,0
23:30.8,0.110990931,15.079487037940552,0,0
23:30.9,0.275319221,60.087895629034925,1,1
23:30.9,0.26881509,58.30645808363113,1,0
23:30.9,0.315917755,71.2075598479679,1,0
23:31.0,0.282126413,61.95233953515742,1,0
23:31.0,0.281114177,61.675094932425814,1,0
23:31.0,0.296278762,65.82857232694126,1,0
23:31.1,0.266702855,57.727931185308215,1,0
23:31.1,0.253205178,54.03100863200581,1,0
23:31.1,0.28075326,61.57624220412521,1,0
23:31.2,0.252998351,53.97436011382511,1,0
23:31.2,0.251291183,53.50677833056889,1,0
23:31.3,0.152312965,26.397313019620842,0,0
23:31.3,0.227442642,46.97482404789812,1,1
23:31.3,0.288931592,63.81623209417775,1,0
23:31.4,0.209666513,42.10606239279903,0,0
23:31.4,0.202699969,40.19797305030154,0,0
23:31.4,0.249459296,53.0050368556913,1,1
23:31.5,0.275473517,60.13015626116328,1,0
23:31.5,0.174440959,32.45802110131077,0,0
23:31.5,0.209434319,42.04246602467276,0,0
23:31.6,0.144955719,24.382213038520852,0,0
23:31.6,0.223026276,45.76521123311244,0,0
23:31.6,0.20942851,42.040874978812646,0,0
23:31.7,0.209826103,42.14977301576635,0,0
23:31.7,0.230627296,47.84707926611564,1,1
23:31.7,0.196161328,38.40708344901328,0,0
23:31.8,0.151196718,26.091580506585,0,0
23:31.8,0.131078669,20.581382783188392,0,0
23:31.8,0.11783345,16.953606770728662,0,0
23:31.9,0.123641345,18.544349978816413,0,0
23:31.9,0.154738397,27.061622460593636,0,0
23:31.9,0.126126734,19.22508123707882,0,0
23:32.0,0.141501224,23.436050193183068,0,0
23:32.0,0.159195753,28.28246215949129,0,0
23:32.0,0.174440959,32.45802110131077,0,0
23:32.1,0.237307187,49.67665628825817,1,1
23:32.1,0.151975219,26.304806671699815,0,0
23:32.1,0.138647736,22.65449910533456,0,0
23:32.2,0.167403529,30.5305165622492,0,0
23:32.2,0.296517423,65.89393996268285,1,1
23:32.2,0.179046177,33.719359203198536,0,0
23:32.3,0.18880649,36.39264300284721,0,0
23:32.3,0.301997275,67.39483440900568,1,1
23:32.3,0.257454466,55.19485991120572,1,0
23:32.4,0.27643042,60.39224552897009,1,0
23:32.4,0.122059432,18.111074693960926,0,0
23:32.5,0.161470293,28.905443300941663,0,0
23:32.5,0.33490774,76.40878846185265,1,1
23:32.5,0.153001205,26.585817306549984,0,0
23:32.6,0.288374549,63.66366177931102,1,1
23:32.6,0.139136485,22.788364154928203,0,0
23:32.7,0.324417554,73.53559737780633,1,1
23:32.7,0.320528681,72.47046133249803,1,0
23:32.7,0.304955483,68.20506759746912,1,0
23:32.8,0.153859453,26.820885636272703,0,0
23:32.8,0.273066256,59.47082373434513,1,1
23:32.9,0.27030009,58.71318955243529,1,0
23:32.9,0.279837659,61.325465275122816,1,0
23:32.9,0.268076008,58.10402851634041,1,0
23:33.0,0.273243743,59.51943622471795,1,0
23:33.0,0.260625385,56.06335320570336,1,0
23:33.1,0.285733873,62.94039846071448,1,0
23:33.1,0.303999549,67.9432437322167,1,0
23:33.1,0.17182033,31.74024852059644,0,0
23:33.2,0.300472863,66.97730825963014,1,1
23:33.2,0.13848535,22.61002267685427,0,0
23:33.2,0.148440097,25.336560635698547,0,0
23:33.3,0.271612599,59.07267690151857,1,1
23:33.3,0.178297573,33.51432162442906,0,0
23:33.4,0.289215268,63.89392903434239,1,1
23:33.4,0.189123027,36.47934034893534,0,0
23:33.5,0.122235985,18.15943136804294,0,0
23:33.5,0.172533741,31.935646974395127,0,0
23:33.5,0.182931463,34.78351279343706,0,0
23:33.6,0.140145442,23.06471066170951,0,0
23:33.6,0.159477826,28.359720048784215,0,0
23:33.6,0.174440959,32.45802110131077,0,0
23:33.7,0.133964157,21.371698454876448,0,0
23:33.7,0.243517599,51.377646183637935,1,1
23:33.7,0.237403779,49.70311218457786,1,0
23:33.8,0.21992094,44.91468067930071,0,0
23:33.8,0.251578861,53.58557139149996,1,1
23:33.8,0.096472069,11.102868811257164,0,0
23:33.9,0.15915182,28.27042920755932,0,0
23:33.9,0.249043011,52.891019206202316,1,1
23:33.9,0.347222222,79.78164189715389,1,0
23:34.0,0.311691243,70.04994676131577,1,0
23:34.0,0.28693376,63.26903940476094,1,0
23:34.0,0.233503948,48.634974817091006,1,0
23:34.1,0.306901505,68.73806987786321,1,0
23:34.1,0.269941435,58.614956370654845,1,0
23:34.1,0.2865544,63.165135263343075,1,0
23:34.2,0.325376833,73.79833741596322,1,0
23:34.2,0.261205288,56.22218472015046,1,0
23:34.3,0.237616391,49.761345175180814,1,0
23:34.3,0.367300533,85.28095565078124,1,0
23:34.3,0.201038106,39.74280000050944,0,0
23:34.3,0.388385773,91.05606045568906,1,1
23:34.4,0.264896549,57.23319617353059,1,0
23:34.4,0.240131176,50.450127799272835,1,0
23:34.4,0.213128481,43.0542720423566,0,0
23:34.5,0.240558027,50.56703940478834,1,1
23:34.5,0.306210607,68.54883758268889,1,0
23:34.5,0.290133652,64.14546820824557,1,0
23:34.6,0.212388777,42.8516721134675,0,0
23:34.6,0.250699979,53.34485154856022,1,1
23:34.6,0.210340266,42.290598788288065,0,0
23:34.8,0.285841974,62.9700065943907,1,1
23:34.9,0.276471562,60.4035140448553,1,0
23:34.9,0.299385193,66.67940279385626,1,0
23:35.0,0.244120396,51.54274821003574,1,0
23:35.0,0.26783012,58.036681454117314,1,0
23:35.0,0.243114682,51.267289939047934,1,0
23:35.1,0.230451477,47.79892362967546,1,0
23:35.1,0.245034462,51.79310471290708,1,0
23:35.1,0.259112171,55.64889411288517,1,0
23:35.2,0.224758472,46.23964801650414,0,0
23:35.2,0.269723059,58.55514465938779,1,1
23:35.2,0.244658849,51.69022684947817,1,0
23:35.3,0.211925539,42.72479435444669,0,0
23:35.3,0.219680136,44.848726090335106,0,0
23:35.3,0.197345752,38.73148918181254,0,0
23:35.4,0.154238077,26.92458819226226,0,0
23:35.4,0.215418338,43.68144840664041,0,0
23:35.4,0.163049337,29.337932786077275,0,0
23:35.5,0.172818746,32.01370791868235,0,0
23:35.5,0.178596962,33.59632224915216,0,0
23:35.6,0.165896317,30.11770137668741,0,0
23:35.6,0.185768961,35.56068432829825,0,0
23:35.6,0.262332512,56.530923759336524,1,1
23:35.7,0.259339355,55.71111827585406,1,0
23:35.7,0.258736558,55.546016249456265,1,0
23:35.7,0.242302615,51.04487027327191,1,0
23:35.8,0.273243743,59.51943622471795,1,0
23:35.8,0.246466102,52.18522123815879,1,0
23:35.8,0.256462297,54.92311152422125,1,0
23:35.9,0.297841026,66.25646588342602,1,0
23:35.9,0.110838778,15.037813359036203,0,0
23:35.9,0.13645688,22.054438446197594,0,0
23:36.0,0.13645688,22.054438446197594,0,0
23:36.0,0.159177084,28.27734884650065,0,0
23:36.0,0.131694856,20.750152240136558,0,0
23:36.1,0.17220052,31.844379993407657,0,0
23:36.1,0.083268054,7.486378296063833,0,0
23:36.1,0.189902162,36.69274016236748,0,0
23:36.2,0.183238311,34.867556387874515,0,0
23:36.2,0.192790995,37.48397200696,0,0
23:36.2,0.146966154,24.9328576045042,0,0
23:36.3,0.106164297,13.757504589320977,0,0
23:36.3,0.168964675,30.95810390608606,0,0
23:36.3,0.158396951,28.06367568761002,0,0
23:36.4,0.135149651,21.696397253447838,0,0
23:36.4,0.117919387,16.977144334523018,0,0
23:36.4,0.149412099,25.602785417611397,0,0
23:36.5,0.169498939,31.104435206725235,0,0
23:36.5,0.061823086,1.6127464219236973,0,0
23:36.5,0.120418937,17.661754195027683,0,0
23:36.6,0.084518265,7.828802643770979,0,0
23:36.6,0.055934856,0.0,0,0
23:36.6,0.110266117,14.880965379469297,0,0
23:36.7,0.164574151,29.755569040537306,0,0
23:36.7,0.070182892,3.9024408147168206,0,0
23:36.7,0.275749724,60.20580749268112,1,1
23:36.8,0.140128668,23.06011637641811,0,0
23:36.8,0.087139704,8.546797078013737,0,0
23:36.8,0.111802013,15.30163691887026,0,0
23:36.9,0.170434788,31.360757926152104,0,0
23:36.9,0.148054999,25.231084894840944,0,0
23:36.9,0.256446404,54.918758538878684,1,1
23:37.0,0.268115586,58.11486866319048,1,0
23:37.0,0.136829143,22.156398767255798,0,0
23:37.0,0.242587235,51.122825768659816,1,1
23:37.1,0.091483792,9.736613436838319,0,0
23:37.1,0.27401986,59.73200942833672,1,1
23:37.1,0.133064558,21.12530436558032,0,0
23:37.2,0.264346621,57.082574609101954,1,1
23:37.2,0.139778056,22.964086118007096,0,0
23:37.2,0.227612229,47.02127278163555,1,1
23:37.3,0.260012415,55.89546486332432,1,0
23:37.3,0.154845836,27.091049276941682,0,0
23:37.3,0.214128137,43.328071068066286,0,0
23:37.4,0.168790387,30.910367600203937,0,0
23:37.4,0.20109142,39.75740234497261,0,0
23:37.4,0.164834332,29.826830858910995,0,0
23:37.5,0.144241949,24.18671625704722,0,0
23:37.5,0.182187933,34.57986494899265,0,0
23:37.5,0.168459436,30.81972235688259,0,0
23:37.6,0.1080516,14.274424132262716,0,0
23:37.6,0.185551731,35.50118649868994,0,0
23:37.6,0.235059735,49.06109436702798,1,1
23:37.7,0.243395797,51.34428543861216,1,0
23:37.7,0.250711086,53.34789368083228,1,0
23:37.8,0.272475693,59.30907251790649,1,0
23:37.8,0.282246455,61.98521822807203,1,0
23:37.8,0.300160609,66.89178399831029,1,0
23:37.9,0.278929604,61.07675514454708,1,0
23:37.9,0.287666258,63.46966565892668,1,0
23:37.9,0.315481771,71.08814677544592,1,0
23:38.0,0.310165708,69.6321130298261,1,0
23:38.0,0.275261494,60.072084593681616,1,0
23:38.0,0.346252618,79.51607391124251,1,0
23:38.1,0.301375605,67.22456319539525,1,0
23:38.1,0.27392935,59.70721935073304,1,0
23:38.1,0.266363517,57.63498879934116,1,0
23:38.2,0.383068157,89.5996013538598,1,0
23:38.2,0.348620419,80.16459861061352,1,0
23:38.2,0.35824324,82.8002242802226,1,0
23:38.3,0.326739365,74.17152572684044,1,0
23:38.3,0.334802008,76.37982918127378,1,0
23:38.3,0.256578947,54.95506117124885,1,0
23:38.4,0.296414243,65.86567965766521,1,0
23:38.4,0.330386296,75.17039549267034,1,0
23:38.4,0.300847382,67.07988648384904,1,0
23:38.5,0.318306807,71.8619050526881,1,0
23:38.5,0.330358357,75.16274318929868,1,0
23:38.5,0.330177863,75.11330710193818,1,0
23:38.6,0.321069641,72.61862662230564,1,0
23:38.6,0.361567683,83.71076676126346,1,0
23:38.6,0.346382867,79.55174823250869,1,0
23:38.7,0.375681184,87.5763593482661,1,0
23:38.7,0.15986216,28.46498653520265,0,0
23:38.7,0.191882637,37.23517888673105,0,0
23:38.8,0.150481286,25.8956285145382,0,0
23:38.8,0.080680221,6.777588318212074,0,0
23:38.8,0.308763975,69.24818782985221,1,1
23:38.9,0.301127224,67.15653331731241,1,0
23:38.9,0.311126656,69.89531019580888,1,0
23:38.9,0.153859453,26.820885636272703,0,0
23:39.0,0.303995113,67.94202874178194,1,1
23:39.0,0.156194055,27.460317353803415,0,0
23:39.0,0.15165384,26.216783134519478,0,0
23:39.1,0.176618301,33.054380367134996,0,0
23:39.1,0.325452506,73.81906373949103,1,1
23:39.2,0.251119223,53.45967964816112,1,0
23:39.2,0.290361109,64.20776714407035,1,0
23:39.3,0.252359481,53.799377936400916,1,0
23:39.3,0.299812851,66.79653543122046,1,0
23:39.3,0.308711031,69.23368682588968,1,0
23:39.7,0.268622634,58.25374568527412,1,0
23:39.7,0.329322475,74.87902210689612,1,0
23:39.8,0.351093771,80.84203301588605,1,0
23:39.9,0.301812909,67.3443378070006,1,0
23:39.9,0.334226205,76.22212062913114,1,0
23:40.0,0.361042592,83.56694788336053,1,0
23:40.0,0.322971121,73.13942914978155,1,0
23:40.1,0.242386443,51.0678301962126,1,0
23:40.1,0.233298088,48.57859115367819,1,0
23:40.1,0.184725239,35.274815922855005,0,0
23:40.2,0.233940804,48.754626724522595,1,1
23:40.2,0.255799759,54.74164684147473,1,0
23:40.3,0.24338745,51.34199925169626,1,0
23:40.3,0.301641987,67.29752342578111,1,0
23:40.3,0.239700271,50.33210583054216,1,0
23:40.4,0.18856811,36.32735233110746,0,0
23:40.4,0.200754914,39.66523562467537,0,0
23:40.4,0.186035625,35.63372179657918,0,0
23:40.5,0.185197496,35.40416392505234,0,0
23:40.5,0.221402763,45.32054198926554,0,0
23:40.5,0.215071895,43.586560009167755,0,0
23:40.6,0.300801265,67.06725534907001,1,1
23:40.6,0.288070265,63.58032044715372,1,0
23:40.6,0.273319767,59.54025868477476,1,0
23:40.7,0.284714712,62.66125714726133,1,0
23:40.7,0.273066256,59.47082373434513,1,0
23:40.7,0.249654457,53.058490135276,1,0
23:40.8,0.242251588,51.03089432266002,1,0
23:40.9,0.191802397,37.21320169275338,0,0
23:41.0,0.227233921,46.917656775911404,1,1
23:41.0,0.216920123,44.092777173561664,0,0
23:41.0,0.22382243,45.98327243568099,0,0
23:41.1,0.251868492,53.6648993659385,1,1
23:41.1,0.158042059,27.96647316611046,0,0
23:41.1,0.252442099,53.82200644851516,1,1
23:41.2,0.228584549,47.2875846616003,1,0
23:41.2,0.271805055,59.1253892998756,1,0
23:41.2,0.251765905,53.63680147961512,1,0
23:41.3,0.15940565,28.339951529934115,0,0
23:41.3,0.261145297,56.2057535904905,1,1
23:41.3,0.217622475,44.285146641964054,0,0
23:41.4,0.277350098,60.64413912073229,1,1
23:41.4,0.259606665,55.784332679171264,1,0
23:41.4,0.252829503,53.928113787195706,1,0
23:41.5,0.250955545,53.4148493496083,1,0
23:41.6,0.262834703,56.66847048192927,1,0
23:41.7,0.291468909,64.51118608086578,1,0
23:41.7,0.249568593,53.034972565688534,1,0
23:41.7,0.252529281,53.84588500939953,1,0
23:41.8,0.209107932,41.95307083012153,0,0
23:41.8,0.267161281,57.85349097003414,1,1
23:41.8,0.179380677,33.810976493646336,0,0
23:41.9,0.27568506,60.18809645988734,1,1
23:41.9,0.180884594,34.222889200965895,0,0
23:41.9,0.272704085,59.37162754391532,1,1
23:42.0,0.181503106,34.39229545970865,0,0
23:42.0,0.248470934,52.73433118029048,1,1
23:42.0,0.17848558,33.565815471739135,0,0
23:42.1,0.209232632,41.98722531777128,0,0
23:42.1,0.16856088,30.847507183226945,0,0
23:42.1,0.327066774,74.26120084028804,1,1
23:42.2,0.210153518,42.23944977257343,0,0
23:42.2,0.195106537,38.1181833192413,0,0
23:42.2,0.242258863,51.03288689601728,1,1
23:42.3,0.164781673,29.81240791452328,0,0
23:42.3,0.225632807,46.47912246685894,1,1
23:42.4,0.330251786,75.13355411228727,1,0
23:42.4,0.251462255,53.55363379577515,1,0
23:42.4,0.18637136,35.72567734518455,0,0
23:42.5,0.25838575,55.44993230796924,1,1
23:42.5,0.25425562,54.31871760005536,1,0
23:42.5,0.24460175,51.67458781908272,1,0
23:42.6,0.161005928,28.778256864233754,0,0
23:42.6,0.25579631,54.74070218367279,1,1
23:42.6,0.314859817,70.91779777615392,1,0
23:42.7,0.292576391,64.81451791960934,1,0
23:42.7,0.240749416,50.619459559052956,1,0
23:42.7,0.261861033,56.40178884608379,1,0
23:42.8,0.241505696,50.82659954237094,1,0
23:42.8,0.26756813,57.96492416286344,1,0
23:42.9,0.261606399,56.33204631354002,1,0
23:42.9,0.27593964,60.25782420219588,1,0
23:42.9,0.304918938,68.1950581688311,1,0
23:43.0,0.199195133,39.23802214511792,0,0
23:43.0,0.179416791,33.82086787429576,0,0
23:43.0,0.178658421,33.613155454095754,0,0
23:43.1,0.274623865,59.89744231777448,1,1
23:43.1,0.303848739,67.90193789194036,1,0
23:43.1,0.162011032,29.053548060342127,0,0
23:43.2,0.22844284,47.24877152374659,1,1
23:43.2,0.178297573,33.51432162442906,0,0
23:43.2,0.161515617,28.917857238377408,0,0
23:43.3,0.162233383,29.114448497258007,0,0
23:43.3,0.211601129,42.635940646840794,0,0
23:43.3,0.176195962,32.93870456794087,0,0
23:43.4,0.232663178,48.404693593504156,1,1
23:43.4,0.273180326,59.50206673680067,1,0
23:43.4,0.185274605,35.42528355927997,0,0
23:43.5,0.240824476,50.64001798602161,1,1
23:43.5,0.225539699,46.4536208146048,1,0
23:43.5,0.263426096,56.83044902976124,1,0
23:43.6,0.191397427,37.10228314533141,0,0
23:43.6,0.241416469,50.80216086980058,1,1
23:43.6,0.17094294,31.49993732637821,0,0
23:43.7,0.148942615,25.474196921382404,0,0
23:43.7,0.226488129,46.71338938494684,1,1
23:43.7,0.263329473,56.80398464275096,1,0
23:43.8,0.278723252,61.02023672565774,1,0
23:43.8,0.228555155,47.27953384355719,1,0
23:43.8,0.151940538,26.295307780070466,0,0
23:43.9,0.240397229,50.52299791878109,1,1
23:43.9,0.242200616,51.01693343617659,1,0
23:43.9,0.140867891,23.262584562656368,0,0
23:44.0,0.139559211,22.904145950808136,0,0
23:44.0,0.190108089,36.7491421766277,0,0
23:44.0,0.197245034,38.703903201964046,0,0
23:44.1,0.225786661,46.52126203817302,1,1
23:44.1,0.20706665,41.39397747921009,0,0
23:44.1,0.222128828,45.519406288186275,0,0
23:44.2,0.23135967,48.04767155751899,1,1
23:44.2,0.229690361,47.59045909862472,1,0
23:44.2,0.244120396,51.54274821003574,1,0
23:44.3,0.209582658,42.08309507474074,0,0
23:44.3,0.222570992,45.64051202096225,0,0
23:44.3,0.252186284,53.751940448049076,1,1
23:44.4,0.206882232,41.34346663475627,0,0
23:44.4,0.225999272,46.57949475488273,1,1
23:44.4,0.257795188,55.288181365423824,1,0
23:44.5,0.135149651,21.696397253447838,0,0
23:44.5,0.243517599,51.377646183637935,1,1
23:44.5,0.220207582,44.99318998682998,0,0
23:44.6,0.29774393,66.22987194491085,1,1
23:44.6,0.222632691,45.657410960284636,0,0
23:44.6,0.264249099,57.055863992064424,1,1
23:44.7,0.192163601,37.31213302841528,0,0
23:44.7,0.236809334,49.54029771456218,1,1
23:44.7,0.271866368,59.14218251640542,1,0
23:44.8,0.258736558,55.546016249456265,1,0
23:44.8,0.229977475,47.669097683765614,1,0
23:44.8,0.260910148,56.14134786782531,1,0
23:44.9,0.202086459,40.0299368055702,0,0
23:44.9,0.212060359,42.7617206417357,0,0
23:44.9,0.22770644,47.047076538138924,1,1
23:45.0,0.224811063,46.254052336151204,0,0
23:45.0,0.230191336,47.727672767031564,1,1
23:45.0,0.251291183,53.50677833056889,1,0
23:45.1,0.204315012,40.640322418363404,0,0
23:45.1,0.258639261,55.519367258398866,1,1
23:45.1,0.219755485,44.869363672451556,0,0
23:45.2,0.243114682,51.267289939047934,1,1
23:45.2,0.304294937,68.02414851006662,1,0
23:45.3,0.269417417,58.47143138020379,1,0
23:45.3,0.168542218,30.842395787489018,0,0
23:45.3,0.251291183,53.50677833056889,1,1
23:45.4,0.231898504,48.195254550287764,1,0
23:45.4,0.22943989,47.52185678365984,1,0
23:45.4,0.21164878,42.64899193385763,0,0
23:45.5,0.242556075,51.11429125514606,1,1
23:45.5,0.282297426,61.9991788406622,1,0
23:45.5,0.253481486,54.10668752674138,1,0
23:45.6,0.248992039,52.8770583197189,1,0
23:45.6,0.27401986,59.73200942833672,1,0
23:45.6,0.220783321,45.15088100980495,0,0
23:45.7,0.248286177,52.68372748602661,1,1
23:45.7,0.275473517,60.13015626116328,1,0
23:45.8,0.264249099,57.055863992064424,1,0
23:45.8,0.243114682,51.267289939047934,1,0
23:45.9,0.312414508,70.24804415915054,1,0
23:45.9,0.258639261,55.519367258398866,1,0
23:46.0,0.264484425,57.12031819383401,1,0
23:46.0,0.263280205,56.790490470357,1,0
23:46.0,0.165152645,29.914014639402215,0,0
23:46.1,0.157998195,27.954459112812398,0,0
23:46.1,0.215191164,43.619226982603976,0,0
23:46.2,0.200132148,39.49466422406845,0,0
23:46.2,0.198752203,39.11670661011629,0,0
23:46.2,0.344705933,79.0924473376214,1,1
23:46.3,0.330397846,75.17355895964992,1,0
23:46.3,0.317591846,71.66608206435968,1,0
23:46.4,0.355667554,82.09476128361767,1,0
23:46.4,0.286853258,63.246990450753096,1,0
23:46.4,0.328152227,74.55849908473779,1,0
23:46.5,0.368692174,85.66211672012675,1,0
23:46.5,0.326175049,74.01696338640294,1,0
23:46.6,0.364889706,84.62064642065145,1,0
23:46.6,0.340042554,77.815179330712,1,0
23:46.6,0.284121501,62.49878066150997,1,0
23:46.7,0.300160609,66.89178399831029,1,0
23:46.7,0.31524311,71.02277913970433,1,0
23:46.7,0.38497372,90.12152218745499,1,0
23:46.8,0.340042554,77.815179330712,1,0
23:46.8,0.363605447,84.26889655573903,1,0
23:46.8,0.359965792,83.27201963715966,1,0
23:46.9,0.353547127,81.51399065183182,1,0
23:46.9,0.159823153,28.454302781395484,0,0
23:46.9,0.357670902,82.64346476817381,1,1
23:47.0,0.343624349,78.7962087861365,1,0
23:47.0,0.357195942,82.51337643253528,1,0
23:47.0,0.330158839,75.10809655684557,1,0
23:47.1,0.333939913,76.14370718423761,1,0
23:47.1,0.269380833,58.461411269729226,1,0
23:47.1,0.32870862,74.71089136899526,1,0
23:47.2,0.306469811,68.61983180736222,1,0
23:47.2,0.327895619,74.48821588692844,1,0
23:47.2,0.34499962,79.1728862230616,1,0
23:47.3,0.352315729,81.1767190577426,1,0
23:47.3,0.301375605,67.22456319539525,1,0
23:47.3,0.343624349,78.7962087861365,1,0
23:47.4,0.319444444,72.17349614223419,1,0
23:47.4,0.292590757,64.8184526699668,1,0
23:47.4,0.394951015,92.8542358911872,1,0
23:47.5,0.153001205,26.585817306549984,0,0
23:47.5,0.315175824,71.0043499588222,1,1
23:47.5,0.286293105,63.09356832789447,1,0
23:47.6,0.336122736,76.7415676589376,1,0
23:47.6,0.34499962,79.1728862230616,1,0
23:47.6,0.329248409,74.85873592981301,1,0
23:47.7,0.36421499,84.43584626596751,1,0
23:47.7,0.311146901,69.90085516455362,1,0
23:47.8,0.271035152,58.91451806888116,1,0
23:47.8,0.124379064,18.746406229614212,0,0
23:47.8,0.310000553,69.58687819095046,1,1
23:47.9,0.31524311,71.02277913970433,1,0
23:47.9,0.282036791,61.92779267475529,1,0
23:47.9,0.339912636,77.77959566810992,1,0
23:48.0,0.366776919,85.13754131320115,1,0
23:48.0,0.113567062,15.785071917039486,0,0
23:48.0,0.137581441,22.36244810767225,0,0
23:48.1,0.329013142,74.79429788774488,1,1
23:48.1,0.33539357,76.54185401706417,1,0
23:48.1,0.334471263,76.28924035996091,1,0
23:48.2,0.271002338,58.90553053594019,1,0
23:48.2,0.228334789,47.219177084732614,1,0
23:48.2,0.317926559,71.75775769406867,1,0
23:48.3,0.292882643,64.89839827367278,1,0
23:48.3,0.296347831,65.8474898594792,1,0
23:48.3,0.271805055,59.1253892998756,1,0
23:48.4,0.333025847,75.89335068136627,1,0
23:48.4,0.28657225,63.170024257766066,1,0
23:48.5,0.311479587,69.99197561265503,1,0
23:48.5,0.288070265,63.58032044715372,1,0
23:48.5,0.326388889,74.07553271791075,1,0
23:48.6,0.300704918,67.04086655659535,1,0
23:48.6,0.314542484,70.8308824110428,1,0
23:48.6,0.270847275,58.86305982769293,1,0
23:48.7,0.306998052,68.76451344898686,1,0
23:48.7,0.159972587,28.495231744566716,0,0
23:48.7,0.277350098,60.64413912073229,1,1
23:48.8,0.154957571,27.12165273867019,0,0
23:48.8,0.268725529,58.28192793071695,1,1
23:48.8,0.328152227,74.55849908473779,1,0
23:48.9,0.293889255,65.17410250079459,1,0
23:48.9,0.293985123,65.20036009840491,1,0
23:48.9,0.277393296,60.6559707611292,1,0
23:49.0,0.300374449,66.95035332981809,1,0
23:49.0,0.260089066,55.91645905444573,1,0
23:49.1,0.251453894,53.55134377435381,1,0
23:49.1,0.26297603,56.7071789925634,1,0
23:49.1,0.282444282,62.03940170704786,1,0
23:49.2,0.260198277,55.94637120962389,1,0
23:49.2,0.237638668,49.767446694999364,1,0
23:49.2,0.244848408,51.74214577910446,1,0
23:49.3,0.313471722,70.53760793225514,1,0
23:49.3,0.257634827,55.24425957076464,1,0
23:49.3,0.29651416,65.89304624902448,1,0
23:49.4,0.256932094,55.05178574903591,1,0
23:49.4,0.300732312,67.0483695881485,1,0
23:49.4,0.266056352,57.55085838074504,1,0
23:49.5,0.259339355,55.71111827585406,1,0
23:49.5,0.272475693,59.30907251790649,1,0
23:49.5,0.325790708,73.91169498273177,1,0
23:49.6,0.286293105,63.09356832789447,1,0
23:49.6,0.243064589,51.25356980472685,1,0
23:49.6,0.266702855,57.727931185308215,1,0
23:49.7,0.256202976,54.85208525403824,1,0
23:49.7,0.258069044,55.363188673922714,1,0
23:49.7,0.304614568,68.11169328185473,1,0
23:49.8,0.262332512,56.530923759336524,1,0
23:49.8,0.228894549,47.37249156754596,1,0
23:49.8,0.188059094,36.18793628711769,0,0
23:49.9,0.209914592,42.17400955512191,0,0
23:49.9,0.184703942,35.268982818416546,0,0
23:50.0,0.187999435,36.171596090015065,0,0
23:50.0,0.272930038,59.433514544299626,1,1
23:50.0,0.309872973,69.55193489075513,1,0
23:50.1,0.265048203,57.274733179705684,1,0
23:50.1,0.317965333,71.76837763074975,1,0
23:50.2,0.288539266,63.70877665294539,1,0
23:50.6,0.388811658,91.1727074803299,1,0
23:50.6,0.39971383,94.15873874680501,1,0
23:50.6,0.376630973,87.83650013952806,1,0
23:50.7,0.376859915,87.89920580682164,1,0
23:50.7,0.32478055,73.63501953016326,1,0
23:50.8,0.350245336,80.60965240057638,1,0
23:50.8,0.338902132,77.50282544847863,1,0
23:50.9,0.283115243,62.223173392596884,1,0
23:50.9,0.35226781,81.16359436733612,1,0
23:51.0,0.327258919,74.31382805784587,1,0
23:51.0,0.320761109,72.53412179164363,1,0
23:51.0,0.243827757,51.4625963647163,1,0
23:51.1,0.223912437,46.00792474498244,0,0
23:51.1,0.237069607,49.611584731114405,1,1
23:51.1,0.243258875,51.306783427722195,1,0
23:51.2,0.24573916,51.9861167348622,1,0
23:51.2,0.265580671,57.42057256807688,1,0
23:51.2,0.30077796,67.06087226699562,1,0
23:51.3,0.225854157,46.53974873663659,1,0
23:51.3,0.272746373,59.38320994145928,1,0
23:51.3,0.285480104,62.87089284582764,1,0
23:51.4,0.306501548,68.62852435727835,1,0
23:51.4,0.313328909,70.49849241625896,1,0
23:51.4,0.330230238,75.12765226064431,1,0
23:51.5,0.39474847,92.79876018388153,1,0
23:51.5,0.323351035,73.24348502805714,1,0
23:51.5,0.317097601,71.5307116974916,1,0
23:51.6,0.163834617,29.553015673499853,0,0
23:51.6,0.300160609,66.89178399831029,1,1
23:51.6,0.295610174,65.6454505900626,1,0
23:51.7,0.275725884,60.19927787772065,1,0
23:51.7,0.268755756,58.290206901833145,1,0
23:51.7,0.276314373,60.3604610395692,1,0
23:51.8,0.261547759,56.31598521365404,1,0
23:51.8,0.239485553,50.273296020765265,1,0
23:51.9,0.310959268,69.84946375331718,1,0
23:51.9,0.274773423,59.93840524370808,1,0
23:51.9,0.331864982,75.57539759952564,1,0
23:52.0,0.276421659,60.389845950250766,1,0
23:52.0,0.317235366,71.5684446003871,1,0
23:52.0,0.289689121,64.02371417015871,1,0
23:52.1,0.278929604,61.07675514454708,1,0
23:52.1,0.317352815,71.60061308811746,1,0
23:52.1,0.297243473,66.0928001532049,1,0
23:52.2,0.264855747,57.22202078134867,1,0
23:52.2,0.283422296,62.307273135149565,1,0
23:52.2,0.310023417,69.59314048610382,1,0
23:52.3,0.367342536,85.29245998875038,1,0
23:52.3,0.300160609,66.89178399831029,1,0
23:52.4,0.342578553,78.50977232610316,1,0
23:52.4,0.35725663,82.52999846578699,1,0
23:52.4,0.342657533,78.53140441459216,1,0
23:52.5,0.289614432,64.00325735758395,1,0
23:52.5,0.295613883,65.64646646010824,1,0
23:52.6,0.346965614,79.71135869934452,1,0
23:52.6,0.307923025,69.01785730548127,1,0
23:52.6,0.340306583,77.8874950902924,1,0
23:52.7,0.305555556,68.36942353866758,1,0
23:52.7,0.298427106,66.41698923644739,1,0
23:52.8,0.330319115,75.15199507057893,1,0
23:52.8,0.330355159,75.16186727870121,1,0
23:52.9,0.318345342,71.87245952888361,1,0
23:52.9,0.311923203,70.11347903842271,1,0
23:53.0,0.308488269,69.1726738188501,1,0
23:53.0,0.388888889,91.19386052953342,1,0
23:53.0,0.348113324,80.02570871554737,1,0
23:53.1,0.363209774,84.16052439381569,1,0
23:53.1,0.357843137,82.69063877122397,1,0
23:53.1,0.363300924,84.18548976309617,1,0
23:53.2,0.379272076,88.55988041054023,1,0
23:53.2,0.394619313,92.76338495403887,1,0
23:53.2,0.330319115,75.15199507057893,1,0
23:53.3,0.351371763,80.91817314684619,1,0
23:53.3,0.334814217,76.38317314390183,1,0
23:53.3,0.324424777,73.53757570871487,1,0
23:53.4,0.350549226,80.69288581879516,1,0
23:53.4,0.333025847,75.89335068136627,1,0
23:53.4,0.301812909,67.3443378070006,1,0
23:53.5,0.330158839,75.10809655684557,1,0
23:53.5,0.352636654,81.26461824738972,1,0
23:53.5,0.328943844,74.77531763365384,1,0
23:53.6,0.363666066,84.28549969035683,1,0
23:53.6,0.327820715,74.467700187306,1,0
23:53.7,0.352636654,81.26461824738972,1,0
23:53.7,0.364591571,84.53898925805757,1,0
23:53.7,0.357513238,82.60028166359635,1,0
23:53.8,0.36451592,84.51826896018115,1,0
23:53.8,0.394301471,92.67633017726604,1,0
23:53.8,0.349521181,80.41131123775357,1,0
23:53.9,0.323250266,73.21588507965315,1,0
23:53.9,0.339105283,77.55846713509075,1,0
23:53.9,0.328943844,74.77531763365384,1,0
23:54.0,0.354067447,81.65650278506291,1,0
23:54.0,0.310023417,69.59314048610382,1,0
23:54.0,0.300704918,67.04086655659535,1,0
23:54.1,0.333405762,75.99740683353512,1,0
23:54.1,0.235771159,49.255948594948876,1,0
23:54.1,0.175131706,32.64721203860508,0,0
23:54.2,0.240824476,50.64001798602161,1,1
23:54.2,0.176691545,33.074441403970745,0,0
23:54.2,0.220917091,45.187519709186724,0,0
23:54.3,0.271861631,59.140885084103914,1,1
23:54.3,0.232942934,48.48131687214845,1,0
23:54.3,0.183184036,34.8526908320029,0,0
23:54.4,0.212655995,42.924861318606155,0,0
23:54.4,0.174877873,32.57768889455056,0,0
23:54.4,0.154906304,27.1076110536795,0,0
23:54.5,0.175376079,32.714144152562035,0,0
23:54.5,0.292856614,64.89126910639904,1,1
23:54.5,0.36451592,84.51826896018115,1,0
23:54.6,0.301170973,67.1685158728873,1,0
23:54.6,0.334783549,76.3747733858646,1,0
23:54.6,0.318345342,71.87245952888361,1,0
23:54.7,0.333768635,76.09679529702291,1,0
23:54.7,0.296164931,65.79739478497127,1,0
23:54.7,0.273319767,59.54025868477476,1,0
23:54.8,0.287392119,63.39458083863947,1,0
23:54.8,0.264095253,57.01372661189631,1,0
23:54.8,0.301533763,67.26788160323575,1,0
23:54.9,0.314263338,70.75442620727794,1,0
23:54.9,0.298227055,66.36219661889471,1,0
23:55.0,0.322971121,73.13942914978155,1,0
23:55.0,0.31941773,72.16617935808763,1,0
23:55.0,0.296517423,65.89393996268285,1,0
23:55.1,0.341050566,78.0912670083768,1,0
23:55.1,0.320582374,72.48516748250107,1,0
23:55.1,0.30746177,68.89152267676526,1,0
23:55.2,0.278929604,61.07675514454708,1,0
23:55.2,0.303664836,67.85156810250771,1,0
23:55.2,0.322421421,72.98887003301276,1,0
23:55.3,0.300439755,66.96824020207514,1,0
23:55.3,0.285240724,62.8053282808429,1,0
23:55.3,0.295063766,65.49579312985631,1,0
23:55.4,0.322142276,72.91241410314116,1,0
23:55.4,0.217614092,44.28285059489133,0,0
23:55.4,0.314841115,70.9126754246862,1,1
23:55.5,0.328943844,74.77531763365384,1,0
23:55.5,0.308290615,69.11853772340565,1,0
23:55.5,0.328313979,74.60280186490075,1,0
23:55.6,0.31158849,70.02180340871374,1,0
23:55.6,0.30746177,68.89152267676526,1,0
23:55.6,0.292365313,64.75670508124419,1,0
23:55.7,0.308569761,69.1949939271705,1,0
23:55.7,0.322971121,73.13942914978155,1,0
23:55.7,0.325921019,73.94738628537915,1,0
23:55.8,0.341404479,78.1882013883895,1,0
23:55.8,0.298648403,66.47760098988304,1,0
23:55.8,0.310550049,69.73738143349726,1,0
23:55.9,0.352662031,81.27156883626773,1,0
23:55.9,0.318345342,71.87245952888361,1,0
23:55.9,0.348620419,80.16459861061352,1,0
23:56.0,0.357513238,82.60028166359635,1,0
23:56.0,0.319187837,72.10321321831806,1,0
23:56.0,0.369139489,85.78463327700764,1,0
23:56.1,0.325455994,73.82001907912957,1,0
23:56.1,0.315481771,71.08814677544592,1,0
23:56.2,0.325373487,73.7974209691655,1,0
23:56.2,0.324706436,73.61472020620437,1,0
23:56.2,0.259112171,55.64889411288517,1,0
23:56.3,0.298162086,66.34440204866121,1,0
23:56.3,0.317215749,71.5630716366002,1,0
23:56.3,0.332036791,75.62245492405344,1,0
23:56.4,0.299347609,66.6691087901367,1,0
23:56.4,0.333643198,76.0624389500516,1,0
23:56.4,0.379893567,88.7301025972598,1,0
23:56.5,0.319187837,72.10321321831806,1,0
23:56.5,0.353877027,81.6043480333527,1,0
23:56.5,0.324467362,73.54923945255258,1,0
23:56.6,0.317580017,71.66284218116475,1,0
23:56.6,0.318933824,72.03364077347945,1,0
23:56.6,0.334479504,76.29149751419283,1,0
23:56.7,0.353801525,81.58366854556976,1,0
23:56.7,0.396131062,93.17744279325314,1,0
23:56.7,0.27478791,59.942373135148195,1,0
23:56.8,0.324318065,73.50834801275592,1,0
23:56.8,0.313328909,70.49849241625896,1,0
23:56.8,0.324186117,73.47220834686651,1,0
23:56.9,0.38058423,88.91927052752155,1,0
23:56.9,0.383402564,89.6911931722358,1,0
23:56.9,0.363300924,84.18548976309617,1,0
23:57.0,0.325565264,73.84994739400918,1,0
23:57.0,0.32985633,75.0252413851981,1,0
23:57.0,0.309786857,69.52834830006994,1,0
23:57.1,0.342832733,78.57939051111369,1,0
23:57.1,0.338285059,77.33381332211539,1,0
23:57.1,0.328943844,74.77531763365384,1,0
23:57.2,0.338172301,77.30292966759727,1,0
23:57.2,0.314542484,70.8308824110428,1,0
23:57.2,0.314542484,70.8308824110428,1,0
23:57.3,0.396703547,93.33424256760894,1,0
23:57.3,0.332820118,75.83700289796856,1,0
23:57.3,0.367647059,85.37586678139324,1,0
23:57.4,0.346687623,79.63521884227764,1,0
23:57.4,0.356419694,82.30076734890142,1,0
23:57.4,0.347791574,79.93758356397312,1,0
23:57.5,0.346802158,79.66658920509211,1,0
23:57.5,0.333487649,76.01983512968728,1,0
23:57.5,0.323383635,73.25241394784369,1,0
23:57.6,0.313434493,70.52741116063754,1,0
23:57.6,0.324082841,73.44392174809734,1,0
23:57.6,0.302388069,67.50187024578672,1,0
23:57.7,0.342576125,78.50910731330434,1,0
23:57.7,0.32922441,74.85216276582658,1,0
23:57.7,0.383066353,89.59910725044584,1,0
23:57.8,0.308290615,69.11853772340565,1,0
23:57.8,0.331296769,75.41976789711244,1,0
23:57.8,0.307388972,68.87158379631676,1,0
23:57.9,0.345627835,79.34495006796044,1,0
23:57.9,0.310215336,69.64570580378829,1,0
23:57.9,0.293549314,65.08099495720082,1,0
23:58.0,0.287848899,63.519689795084155,1,0
23:58.0,0.255395966,54.63105066640212,1,0
23:58.0,0.255127777,54.557595510922575,1,0
23:58.1,0.25704873,55.0837315615581,1,0
23:58.1,0.296347831,65.8474898594792,1,0
23:58.1,0.313102581,70.43650270590777,1,0
23:58.2,0.290873914,64.34822096956538,1,0
23:58.2,0.299601377,66.7386141311303,1,0
23:58.3,0.304460708,68.06955206718119,1,0
23:58.3,0.296682544,65.93916548918818,1,0
23:58.3,0.286764706,63.22273665612309,1,0
23:58.4,0.282460427,62.043823713488166,1,0
23:58.4,0.350074075,80.56274516954683,1,0
23:58.4,0.334240843,76.22612987845125,1,0
23:58.5,0.317951844,71.76468308476814,1,0
23:58.5,0.285480104,62.87089284582764,1,0
23:58.5,0.313348614,70.5038894826514,1,0
23:58.6,0.337954063,77.24315575359803,1,0
23:58.6,0.358471626,82.86277766287195,1,0
23:58.6,0.28657225,63.170024257766066,1,0
23:58.7,0.279705115,61.289162368859394,1,0
23:58.7,0.343078018,78.64657241571007,1,0
23:58.7,0.343954248,78.88656589376413,1,0
23:58.8,0.328152227,74.55849908473779,1,0
23:58.8,0.314263338,70.75442620727794,1,0
23:58.8,0.318345342,71.87245952888361,1,0
23:58.9,0.292602306,64.82161586305315,1,0
23:58.9,0.338031541,77.26437645443303,1,0
23:58.9,0.31430726,70.76645614638421,1,0
23:59.0,0.324467362,73.54923945255258,1,0
23:59.0,0.318888047,72.02110276240373,1,0
23:59.0,0.301895924,67.3670750547331,1,0
23:59.1,0.314028114,70.68999994261938,1,0
23:59.1,0.368227633,85.53488207820772,1,0
23:59.2,0.313608054,70.57494834613057,1,0
23:59.2,0.278929604,61.07675514454708,1,0
23:59.3,0.297279396,66.10263922024454,1,0
23:59.3,0.349256062,80.33869693453613,1,0
23:59.3,0.314542484,70.8308824110428,1,0
23:59.4,0.401072537,94.53087941602017,1,0
23:59.4,0.337238666,77.0472133478148,1,0
23:59.5,0.386437908,90.52255339004448,1,0
23:59.5,0.342880647,78.59251383205394,1,0
23:59.5,0.345103728,79.20140070101058,1,0
23:59.6,0.319230605,72.11492708461962,1,0
23:59.6,0.363300924,84.18548976309617,1,0
23:59.7,0.349911065,80.51809783168167,1,0
23:59.7,0.324186117,73.47220834686651,1,0
23:59.7,0.329923616,75.04367056608022,1,0
23:59.8,0.323250266,73.21588507965315,1,0
23:59.8,0.333639706,76.06148251484012,1,0
23:59.8,0.270799598,58.85000141945172,1,0
23:59.9,0.318045515,71.79033893891922,1,0
23:59.9,0.315478334,71.08720540436292,1,0
23:59.9,0.319889509,72.29539643931386,1,0
24:00.0,0.366174226,84.97246777170083,1,0
24:00.0,0.315716995,71.1525730401045,1,0
24:00.1,0.245927649,52.03774259871635,1,0
24:00.1,0.24159782,50.85183168367203,1,0
24:00.1,0.248287651,52.68413120466972,1,0
24:00.2,0.300441541,66.96872937541069,1,0
24:00.2,0.246040175,52.06856271000165,1,0
24:00.3,0.278929604,61.07675514454708,1,0
24:00.3,0.265702755,57.45401055099775,1,0
24:00.3,0.287156199,63.32996394428238,1,0
24:00.4,0.290620145,64.27871535467852,1,0
24:00.4,0.284121501,62.49878066150997,1,0
24:00.4,0.277542554,60.6968515190893,1,0
24:00.5,0.285315139,62.825710046668526,1,0
24:00.5,0.310429176,69.70427513529607,1,0
24:00.6,0.304204427,67.99935843246294,1,0
24:00.6,0.29361011,65.09764657092299,1,0
24:00.6,0.333304993,75.96980688513113,1,0
24:00.7,0.368227633,85.53488207820772,1,0
24:00.7,0.333025847,75.89335068136627,1,0
24:00.7,0.345503831,79.3109862100092,1,0
24:00.8,0.302028866,67.40348697050803,1,0
24:00.8,0.318345342,71.87245952888361,1,0
24:00.8,0.289075978,63.85577844424829,1,0
24:00.9,0.253724462,54.1732370118351,1,0
24:00.9,0.273717327,59.64914768325139,1,0
24:01.0,0.36451592,84.51826896018115,1,0
24:01.0,0.321433924,72.71840127526885,1,0
24:01.0,0.320227235,72.38789730937,1,0
24:01.1,0.28542439,62.855633157576484,1,0
24:01.1,0.301656851,67.30159457497457,1,0
24:01.1,0.353640009,81.5394304042126,1,0
24:01.2,0.333025847,75.89335068136627,1,0
24:01.2,0.288070265,63.58032044715372,1,0
24:01.2,0.329110615,74.8209950840134,1,0
24:01.3,0.264855747,57.22202078134867,1,0
24:01.3,0.310215336,69.64570580378829,1,0
24:01.4,0.227192526,46.90631896503521,1,0
24:01.4,0.274933926,59.98236593120806,1,0
24:01.4,0.324417554,73.53559737780633,1,0
24:01.5,0.309744272,69.5166845562322,1,0
24:01.5,0.318345342,71.87245952888361,1,0
24:01.5,0.287664978,63.46931507557309,1,0
24:01.6,0.302829262,67.62271002822182,1,0
24:01.6,0.312490721,70.26891838503066,1,0
24:01.6,0.30275077,67.60121159963639,1,0
24:01.7,0.218059756,44.404914954024754,0,0
24:01.7,0.277585322,60.70856538539087,1,1
24:01.7,0.338866622,77.49309949934917,1,0
24:01.8,0.328943844,74.77531763365384,1,0
24:01.8,0.350074075,80.56274516954683,1,0
24:01.8,0.379291066,88.56508164326252,1,0
24:01.9,0.324465262,73.54866427673812,1,0
24:01.9,0.276133925,60.31103755129797,1,0
24:01.9,0.33484916,76.39274379556137,1,0
24:02.0,0.343137255,78.6627970298633,1,0
24:02.0,0.322142276,72.91241410314116,1,0
24:02.0,0.396479732,93.27294115098239,1,0
24:02.1,0.360209713,83.33882795136986,1,0
24:02.1,0.368692174,85.66211672012675,1,0
24:02.1,0.367647059,85.37586678139324,1,0
24:02.2,0.355667554,82.09476128361767,1,0
24:02.2,0.347222222,79.78164189715389,1,0
24:02.2,0.319259408,72.12281603175497,1,0
24:02.3,0.343719025,78.82213990299879,1,0
24:02.3,0.303738505,67.87174554397258,1,0
24:02.3,0.294349642,65.30019939017396,1,0
24:02.4,0.333113463,75.91734811191897,1,0
24:02.4,0.269380833,58.461411269729226,1,0
24:02.4,0.328473707,74.64655028513589,1,0
24:02.5,0.364013964,84.38078660250096,1,0
24:02.5,0.360145629,83.3212757766582,1,0
24:02.6,0.325639773,73.87035490579983,1,0
24:02.6,0.315175824,71.0043499588222,1,0
24:02.6,0.383240138,89.64670578802571,1,0
24:02.7,0.330465462,75.19207852530289,1,0
24:02.7,0.290161058,64.15297452651767,1,0
24:02.7,0.345674987,79.35786468224802,1,0
24:02.8,0.3147415,70.88539154908692,1,0
24:02.8,0.267632164,57.98246264291287,1,0
24:02.8,0.376934985,87.91976697272274,1,0
24:02.9,0.324417554,73.53559737780633,1,0
24:02.9,0.346309274,79.53159160693045,1,0
24:02.9,0.313335413,70.50027381792434,1,0
24:03.0,0.275520526,60.14303170871682,1,0
24:03.0,0.2875,63.4241287158018,1,0
24:03.1,0.399987829,94.23378522203792,1,0
24:03.1,0.304803705,68.16349662853163,1,0
24:03.1,0.361898211,83.80129614774219,1,0
24:03.2,0.316660217,71.41091517442666,1,0
24:03.2,0.297669171,66.20939595980896,1,0
24:03.2,0.282506225,62.05636747632203,1,0
24:03.3,0.304388241,68.04970384539679,1,0
24:03.3,0.277940837,60.805938542382044,1,0
24:03.3,0.382187671,89.35844218615507,1,0
24:03.4,0.309664301,69.49478103953743,1,0
24:03.4,0.282041289,61.92902464657123,1,0
24:03.4,0.257093725,55.09605538811624,1,0
24:03.5,0.316660217,71.41091517442666,1,0
24:03.5,0.275690134,60.18948619421241,1,0
24:03.5,0.350877193,80.78271376467346,1,0
24:03.6,0.282416161,62.03169955510561,1,0
24:03.6,0.34592032,79.42505973372016,1,0
24:03.6,0.301692183,67.31127177110642,1,0
24:03.7,0.344764139,79.10838956783905,1,0
24:03.7,0.272674307,59.36347155086613,1,0
24:03.7,0.372031427,86.57671556012586,1,0
24:03.8,0.411916079,97.50085232154173,1,0
24:03.8,0.30010167,66.87564100434406,1,0
24:03.8,0.307027177,68.77249058974706,1,0
24:03.9,0.338632354,77.4289350766328,1,0
24:03.9,0.25769817,55.26160879058178,1,0
24:03.9,0.261708095,56.359900160982114,1,0
24:04.0,0.274828447,59.953475945620184,1,0
24:04.0,0.284121501,62.49878066150997,1,0
24:04.0,0.295771374,65.68960218115431,1,0
24:04.1,0.263548793,56.86405490924129,1,0
24:04.1,0.312294611,70.21520518075647,1,0
24:04.1,0.308711031,69.23368682588968,1,0
24:04.2,0.364961276,84.64024896019511,1,0
24:04.2,0.335454306,76.55848919719163,1,0
24:04.2,0.34694423,79.70550176619375,1,0
24:04.3,0.239177531,50.1889308756582,1,0
24:04.3,0.273000304,59.45275992705182,1,0
24:04.3,0.311592207,70.02282146990535,1,0
24:04.4,0.296540287,65.90020225783623,1,0
24:04.4,0.30174972,67.32703076674318,1,0
24:04.4,0.267769995,58.02021362276252,1,0
24:04.5,0.327548231,74.39306866033925,1,0
24:04.5,0.294183731,65.25475748800508,1,0
24:04.5,0.360209713,83.33882795136986,1,0
24:04.6,0.303055055,67.68455320568694,1,0
24:04.6,0.343137255,78.6627970298633,1,0
24:04.6,0.294560749,65.3580201714432,1,0
24:04.7,0.329043329,74.80256590313127,1,0
24:04.7,0.371124135,86.32821441009607,1,0
24:04.7,0.342880647,78.59251383205394,1,0
24:04.8,0.38429764,89.93634844238485,1,0
24:04.8,0.343137255,78.6627970298633,1,0
24:04.8,0.371124135,86.32821441009607,1,0
24:04.9,0.343137255,78.6627970298633,1,0
24:04.9,0.314028114,70.68999994261938,1,0
24:05.0,0.311403509,69.97113836236298,1,0
24:05.0,0.308306098,69.12277841251776,1,0
24:05.0,0.315401268,71.06609754754483,1,0
24:05.1,0.305341716,68.31085420715978,1,0
24:05.1,0.339432769,77.64816333831824,1,0
24:05.1,0.347929764,79.97543287149773,1,0
24:05.2,0.368772289,85.68405967744879,1,0
24:05.2,0.333333333,75.97756901969403,1,0
24:05.2,0.299906489,66.82218224689446,1,0
24:05.3,0.371732026,86.49471164868382,1,0
24:05.3,0.315998653,71.22971726370076,1,0
24:05.3,0.287156199,63.32996394428238,1,0
24:05.4,0.291217603,64.44235506504134,1,0
24:05.4,0.291541897,64.53117700103083,1,0
24:05.4,0.284121501,62.49878066150997,1,0
24:05.5,0.311770685,70.07170538848393,1,0
24:05.5,0.291665502,64.56503157557732,1,0
24:05.6,0.325650384,73.87326118702238,1,0
24:05.6,0.335454306,76.55848919719163,1,0
24:05.7,0.313673351,70.59283275334842,1,0
24:05.7,0.308929268,69.29346046599566,1,0
24:05.7,0.307894737,69.01010941336708,1,0
24:05.8,0.304550686,68.09419643357853,1,0
24:05.8,0.330555556,75.21675466331665,1,0
24:05.9,0.28693376,63.26903940476094,1,0
24:05.9,0.302913808,67.6458666065124,1,0
24:06.2,0.239599199,50.30442289248494,1,0
24:06.2,0.21751527,44.25578391663533,0,0
24:06.3,0.251322256,53.51528901537036,1,1
24:06.3,0.272704085,59.37162754391532,1,0
24:06.3,0.272388709,59.28524818788463,1,0
24:06.4,0.272199913,59.233538238804265,1,0
24:06.4,0.270210282,58.688591747889596,1,0
24:06.4,0.347619153,79.89035861677941,1,0
24:06.6,0.264730986,57.18784958621098,1,0
24:06.6,0.250955545,53.4148493496083,1,0
24:06.7,0.29361011,65.09764657092299,1,0
24:06.7,0.334365325,76.26022465737358,1,0
24:06.7,0.319187837,72.10321321831806,1,0
24:06.8,0.306022351,68.49727553596081,1,0
24:06.8,0.31928274,72.12920650894698,1,0
24:06.9,0.328152227,74.55849908473779,1,0
24:06.9,0.349563319,80.42285255131077,1,0
24:06.9,0.333025847,75.89335068136627,1,0
24:07.0,0.401371912,94.61287620623783,1,0
24:07.0,0.352941176,81.34802476613933,1,0
24:07.1,0.265158688,57.30499427487796,1,0
24:07.1,0.311810444,70.08259511001135,1,0
24:07.1,0.322510319,73.01321859470552,1,0
24:07.2,0.333025847,75.89335068136627,1,0
24:07.2,0.324318065,73.50834801275592,1,0
24:07.2,0.314028114,70.68999994261938,1,0
24:07.3,0.357513238,82.60028166359635,1,0
24:07.3,0.323206884,73.20400304289917,1,0
24:07.3,0.314028114,70.68999994261938,1,0
24:07.4,0.264342851,57.081542031568354,1,0
24:07.4,0.332739567,75.8149405231917,1,0
24:07.4,0.31773556,71.70544435816959,1,0
24:07.5,0.322971121,73.13942914978155,1,0
24:07.5,0.31524311,71.02277913970433,1,0
24:07.5,0.320337316,72.41804775167128,1,0
24:07.6,0.349071207,80.28806639873424,1,0
24:07.8,0.271925354,59.158338383354156,1,0
24:07.8,0.265026387,57.268757924673075,1,0
24:07.8,0.321662299,72.78095164509253,1,0
24:07.9,0.237359638,49.691022262850936,1,0
24:07.9,0.333726087,76.08514168723525,1,0
24:07.9,0.265396341,57.37008582622861,1,0
24:08.0,0.301879333,67.36253089190555,1,0
24:08.0,0.304609489,68.11030217806345,1,0
24:08.0,0.323064391,73.16497517274139,1,0
24:08.1,0.293377895,65.03404445103857,1,0
24:08.1,0.277416826,60.662415469183706,1,0
24:08.1,0.307027177,68.77249058974706,1,0
24:08.2,0.272224132,59.24017165930457,1,0
24:08.3,0.218286138,44.466919454611165,0,0
24:08.3,0.22324198,45.824291101628894,0,0
24:08.3,0.243493521,51.37105138208516,1,1
24:08.4,0.260842109,56.122712445329704,1,0
24:08.5,0.267632164,57.98246264291287,1,0
24:08.5,0.27121775,58.9645304276291,1,0
24:08.5,0.265240871,57.327503643430646,1,0
24:08.6,0.27223089,59.24202262985418,1,0
24:08.6,0.274317726,59.8135929136477,1,0
24:08.7,0.302725424,67.59426950144896,1,0
24:08.8,0.251868492,53.6648993659385,1,0
24:08.8,0.252004988,53.7022846983061,1,0
24:08.9,0.256397083,54.90524985014274,1,0
24:08.9,0.271357789,59.002886163763705,1,0
24:09.0,0.237069607,49.611584731114405,1,0
24:09.2,0.253052136,53.98909146200667,1,0
24:09.6,0.293963204,65.19435663236806,1,0
24:09.6,0.278022045,60.82818086502086,1,0
24:10.0,0.282563425,62.07203416993522,1,0
24:10.7,0.268695725,58.27376481644338,1,0
24:10.8,0.256523954,54.939998960027346,1,0
24:10.8,0.193149437,37.582146849479265,0,0
24:10.8,0.231260835,48.020601318650805,1,1
24:10.9,0.276725375,60.473031711044925,1,0
24:10.9,0.22056545,45.09120761462661,0,0
24:10.9,0.323542026,73.29579617281026,1,1
24:11.0,0.274957851,59.98891882709434,1,0
24:11.0,0.271291221,58.98465363823148,1,0
24:11.0,0.299126782,66.60862576652619,1,0
24:11.1,0.29604171,65.76364538543086,1,0
24:11.1,0.265522108,57.404532557970754,1,0
24:11.1,0.25769817,55.26160879058178,1,0
24:11.2,0.223190027,45.810061525872136,0,0
24:11.2,0.316711803,71.4250442313625,1,1
24:11.2,0.286054889,63.028322574646886,1,0
24:11.3,0.316021946,71.23609705905622,1,0
24:11.3,0.245326267,51.8730281312602,1,0
24:11.3,0.300665925,67.03018663729362,1,0
24:11.4,0.2416189,50.857605353276334,1,0
24:11.4,0.288750717,63.7666916534909,1,0
24:11.4,0.291754117,64.58930262548175,1,0
24:11.5,0.279018476,61.10109658501548,1,0
24:11.5,0.32560473,73.86075686481578,1,0
24:11.5,0.308088023,69.06304914311745,1,0
24:11.6,0.349107461,80.29799612443797,1,0
24:11.6,0.318186581,71.82897596341643,1,0
24:11.6,0.359170952,83.054318330315,1,0
24:11.7,0.290823828,64.334502752497,1,0
24:11.7,0.279687936,61.28445715680378,1,0
24:11.7,0.278026462,60.82939065148396,1,0
24:11.8,0.310697542,69.77777876987997,1,0
24:11.8,0.28902054,63.840594350532754,1,0
24:11.8,0.285949416,62.999434232418494,1,0
24:11.9,0.277155469,60.590831552353904,1,0
24:11.9,0.29029015,64.1883319532994,1,0
24:11.9,0.325430642,73.81307533758267,1,0
24:12.0,0.304153613,67.98544082111222,1,0
24:12.0,0.265017385,57.26629233768171,1,0
24:12.1,0.28269817,62.10893991523086,1,0
24:12.1,0.238240258,49.93221813225047,1,0
24:12.1,0.266482078,57.66746185635995,1,0
24:12.2,0.285887641,62.982514477209484,1,0
24:12.2,0.280821329,61.594885843418155,1,0
24:12.3,0.260709058,56.086270675191074,1,0
24:12.3,0.361568526,83.71099765326898,1,0
24:12.3,0.283092557,62.21695985044114,1,0
24:12.4,0.316711803,71.4250442313625,1,0
24:12.4,0.30474932,68.14860094440307,1,0
24:12.5,0.319772764,72.26342077242798,1,0
24:12.5,0.263299329,56.79572840477412,1,0
24:12.6,0.266727425,57.73466074233752,1,0
24:12.6,0.301421156,67.23703930659761,1,0
24:12.6,0.313011855,70.41165346736318,1,0
24:12.7,0.325930029,73.94985406351647,1,0
24:12.7,0.30133528,67.21351845029119,1,0
24:12.8,0.349424875,80.38493367490194,1,0
24:12.8,0.364562272,84.53096445987273,1,0
24:12.8,0.259076035,55.63899670658435,1,0
24:12.9,0.245116173,51.81548480384812,1,0
24:12.9,0.290147298,64.14920575546665,1,0
24:13.0,0.290279368,64.18537883633194,1,0
24:13.0,0.227947469,47.11309275308465,1,0
24:13.0,0.304224002,68.00471989273353,1,0
24:13.1,0.311111807,69.8912431550141,1,0
24:13.1,0.278026462,60.82939065148396,1,0
24:13.1,0.261661656,56.347180832578225,1,0
24:13.2,0.290576522,64.26676730965251,1,0
24:13.2,0.305387189,68.32330895468903,1,0
24:13.2,0.285931692,62.99457974854437,1,0
24:13.3,0.269961729,58.62051476016858,1,0
24:13.3,0.342832733,78.57939051111369,1,0
24:13.4,0.25769817,55.26160879058178,1,0
24:13.4,0.294462876,65.33121341787668,1,0
24:13.4,0.300958104,67.11021249172036,1,0
24:13.5,0.280945715,61.62895432858898,1,0
24:13.5,0.291698528,64.57407717388624,1,0
24:13.5,0.325862232,73.93128492318615,1,0
24:13.6,0.300974531,67.11471173605575,1,0
24:13.6,0.341570942,78.23379447962961,1,0
24:13.6,0.305320332,68.30499727400901,1,0
24:13.7,0.273514855,59.593691970152584,1,0
24:13.7,0.303812309,67.89195996102552,1,0
24:13.7,0.274957851,59.98891882709434,1,0
24:13.8,0.119355928,17.370603210568397,0,0
24:13.8,0.262727456,56.63909625308426,1,1
24:13.9,0.250737506,53.35512994036481,1,0
24:13.9,0.272818439,59.40294833205245,1,0
24:13.9,0.276448646,60.39723750725321,1,0
24:14.0,0.279411765,61.20881578544276,1,0
24:14.0,0.288602941,63.726216805319865,1,0
24:14.0,0.271612599,59.07267690151857,1,0
24:14.1,0.242200616,51.01693343617659,1,0
24:14.1,0.223587246,45.91885712675221,0,0
24:14.1,0.199458314,39.31010564322657,0,0
24:14.2,0.222035915,45.493958045114894,0,0
24:14.3,0.218131084,44.42445121140312,0,0
24:14.4,0.277350098,60.64413912073229,1,1
24:14.4,0.258723597,55.54246631910801,1,0
24:14.4,0.273409099,59.564726116135844,1,0
24:14.5,0.243671799,51.41988052201477,1,0
24:14.5,0.205915679,41.078734297135355,0,0
24:14.5,0.247678713,52.517347199854456,1,1
24:14.6,0.26058685,56.05279872950783,1,0
24:14.6,0.294934196,65.46030478210346,1,0
24:14.6,0.220243781,45.00310464840523,0,0
24:14.7,0.159151182,28.270254463669026,0,0
24:14.7,0.177440314,33.27952417512564,0,0
24:14.7,0.224119954,46.0647622495022,0,0
24:14.8,0.188469197,36.300260728566165,0,0
24:14.8,0.207765767,41.58546090296495,0,0
24:14.8,0.192363129,37.36678239980084,0,0
24:14.9,0.288374549,63.66366177931102,1,1
24:14.9,0.223488715,45.8918701514305,0,0
24:14.9,0.225644396,46.48229661567509,1,1
24:15.0,0.194070066,37.83430091371745,0,0
24:15.0,0.274673075,59.91092060436023,1,1
24:15.0,0.249449699,53.00240830221917,1,0
24:15.1,0.272749549,59.384079826405355,1,0
24:15.1,0.181070508,34.27380978971421,0,0
24:15.2,0.246167236,52.103363859602815,1,1
24:15.2,0.248474081,52.73519312233246,1,0
24:15.2,0.195176267,38.13728189521416,0,0
24:15.3,0.290292774,64.18905064917423,1,1
24:15.3,0.220452636,45.06030862208677,0,0
24:15.3,0.231874382,48.18864769743221,1,1
24:15.4,0.198097136,38.93728818380307,0,0
24:15.4,0.280383261,61.47490197737364,1,1
24:15.4,0.197137627,38.674485150199835,0,0
24:15.5,0.146579532,24.826964450341244,0,0
24:15.5,0.269428598,58.47449378057598,1,1
24:15.6,0.220005583,44.93786382523606,0,0
24:15.6,0.253073375,53.994908680636925,1,1
24:15.6,0.239013002,50.143867493953906,1,0
24:15.7,0.321693583,72.78952012136867,1,0
24:15.8,0.192243887,37.334122821482225,0,0
24:15.8,0.192494503,37.40276485096763,0,0
24:15.9,0.27753164,60.693862248213534,1,1
24:15.9,0.293527458,65.07500874643841,1,0
24:15.9,0.250534844,53.29962218754945,1,0
24:16.1,0.271258806,58.975775388695254,1,0
24:16.2,0.228184587,47.17803777154923,1,0
24:16.5,0.251944662,53.685761814409084,1,0
24:16.6,0.302627142,67.56735072554527,1,0
24:17.3,0.276197473,60.328442919230355,1,0
24:17.3,0.278619875,60.99192246367083,1,0
24:17.5,0.23442841,48.88817871413722,1,0
24:17.5,0.279976434,61.36347481019574,1,0
24:17.6,0.227781287,47.067576625846385,1,0
24:17.6,0.175539081,32.75878929928125,0,0
24:17.6,0.197390589,38.74376973323797,0,0
24:18.0,0.235974596,49.311668615029085,1,1
24:18.1,0.304385902,68.04906320909676,1,0
24:18.2,0.349968575,80.53384943220081,1,0
24:18.2,0.324028482,73.42903318519315,1,0
24:18.3,0.337304741,77.06531084397726,1,0
24:18.4,0.311735725,70.06213008063924,1,0
24:18.7,0.299530513,66.71920496021761,1,0
24:18.7,0.321331049,72.69022450769093,1,0
24:18.8,0.342719891,78.54848384956298,1,0
24:18.9,0.293875718,65.17039480793721,1,0
24:18.9,0.335636387,76.60835995313194,1,0
24:19.0,0.326875861,74.20891105920803,1,0
24:19.1,0.300091495,66.87285414057634,1,0
24:19.7,0.125492389,19.051338426588206,0,0
24:19.8,0.266778872,57.7487517281123,1,1
24:19.8,0.27121775,58.9645304276291,1,0
24:19.8,0.177325823,33.24816586361395,0,0
24:19.9,0.236883446,49.560596490734575,1,1
24:19.9,0.238241708,49.9326152774557,1,0
24:19.9,0.309258338,69.3835905161232,1,0
24:20.0,0.205077661,40.84920682775871,0,0
24:20.0,0.264556316,57.140008653109284,1,1
24:20.0,0.228555155,47.27953384355719,1,0
24:20.1,0.243417789,51.35030889885589,1,0
24:20.2,0.301777293,67.33458282518717,1,0
24:20.8,0.352241481,81.15638303208888,1,0
24:20.9,0.339041539,77.54100808408238,1,0
24:21.0,0.352521243,81.23300795409264,1,0
24:21.0,0.340189248,77.85535782639197,1,0
24:21.0,0.361857519,83.79015088381722,1,0
24:21.1,0.319209221,72.10907015146884,1,0
24:21.1,0.27296233,59.44235910496671,1,0
24:21.2,0.284694264,62.65565657818786,1,0
24:21.2,0.332820118,75.83700289796856,1,0
24:21.4,0.339584953,77.68984550791318,1,0
24:21.4,0.327166875,74.28861782800439,1,0
24:21.5,0.334580762,76.31923139639362,1,0
24:21.5,0.338313742,77.34166940206131,1,0
24:21.6,0.326152112,74.01068109704269,1,0
24:21.8,0.143555303,23.998648555950584,0,0
24:21.9,0.149224267,25.551339501619193,0,0
24:21.9,0.312025882,70.14160212292462,1,1
24:22.0,0.301618078,67.29097491218674,1,0
24:22.0,0.323693843,73.33737782358428,1,0
24:22.0,0.316813347,71.45285644703137,1,0
24:22.1,0.302847016,67.6275727288933,1,0
24:22.1,0.333967828,76.15135291417141,1,0
24:22.2,0.293659106,65.11106624435432,1,0
24:22.2,0.169412019,31.080628405871057,0,0
24:22.2,0.303519003,67.81162542891168,1,1
24:22.3,0.298402044,66.41012492394155,1,0
24:22.3,0.325650384,73.87326118702238,1,0
24:22.3,0.352027582,81.09779754087963,1,0
24:22.4,0.309569731,69.46887895535912,1,0
24:22.4,0.316440474,71.35072905109371,1,0
24:22.4,0.310454277,69.71115012963847,1,0
24:22.5,0.297079345,66.04784660269186,1,0
24:22.5,0.298227055,66.36219661889471,1,0
24:22.5,0.325430642,73.81307533758267,1,0
24:22.6,0.329251312,74.8595310419032,1,0
24:22.6,0.305028354,68.22502647212448,1,0
24:22.6,0.316878454,71.47068881453265,1,0
24:22.7,0.342105263,78.38014139218376,1,0
24:22.7,0.298402044,66.41012492394155,1,0
24:22.7,0.315786673,71.17165737362863,1,0
24:22.8,0.298015086,66.30413974164827,1,0
24:22.8,0.33845245,77.37966058628685,1,0
24:22.9,0.303519003,67.81162542891168,1,0
24:22.9,0.352747775,81.2950535386658,1,0
24:22.9,0.330469312,75.1931330142961,1,0
24:23.0,0.181571614,34.41105933813615,0,0
24:23.0,0.302627142,67.56735072554527,1,1
24:23.1,0.156786199,27.622501595462378,0,0
24:23.1,0.192467909,37.395480934010465,0,0
24:23.2,0.177741073,33.361900033594374,0,0
24:23.2,0.153520007,26.727913669835196,0,0
24:23.3,0.157590269,27.842730936958247,0,0
24:23.3,0.182403944,34.63902890273532,0,0
24:23.4,0.319981564,72.32060968198104,1,1
24:23.5,0.312524366,70.27813352325822,1,0
24:23.5,0.23426704,48.84398056119383,1,0
24:23.6,0.226864683,46.81652498191928,1,0
24:23.6,0.252336658,53.7931268708706,1,0
24:23.6,0.228677801,47.31312575448174,1,0
24:23.7,0.228850622,47.360460258973454,1,0
24:23.7,0.22787557,47.0934001026634,1,0
24:23.7,0.314028114,70.68999994261938,1,0
24:23.8,0.385291016,90.20842741851604,1,0
24:23.8,0.358556549,82.8860374989159,1,0
24:23.8,0.357965248,82.72408414926245,1,0
24:23.9,0.376837157,87.89297254435225,1,0
24:23.9,0.364766082,84.58678664213332,1,0
24:23.9,0.357843137,82.69063877122397,1,0
24:24.0,0.3203587,72.42390468482208,1,0
24:24.0,0.348241361,80.06077718495564,1,0
24:24.0,0.324625546,73.59256498161744,1,0
24:24.1,0.372339131,86.66099360718101,1,0
24:24.1,0.34879823,80.21329984239772,1,0
24:24.1,0.32710522,74.27173093998476,1,0
24:24.2,0.278723252,61.02023672565774,1,0
24:24.2,0.275599107,60.16455451380107,1,0
24:24.3,0.185587183,35.51089656201118,0,0
24:24.3,0.267740913,58.01224825941185,1,1
24:24.3,0.230533659,47.8214327243349,1,0
24:24.4,0.365260652,84.72224602430603,1,0
24:24.4,0.237454751,49.71707307106128,1,0
24:24.4,0.329531033,74.9361447342839,1,0
24:24.5,0.318952613,72.0387869536595,1,0
24:24.5,0.256932094,55.05178574903591,1,0
24:24.5,0.237454751,49.71707307106128,1,0
24:24.6,0.272253255,59.2481482522783,1,0
24:24.6,0.332313956,75.69836854529999,1,0
24:24.6,0.278314782,60.90835955187832,1,0
24:24.7,0.400958574,94.49966572014182,1,0
24:24.7,0.360854503,83.51543157680436,1,0
24:24.7,0.347222222,79.78164189715389,1,0
24:24.8,0.421000586,99.98903742286944,1,0
24:24.8,0.395397856,92.97662262266996,1,0
24:24.9,0.353321172,81.45210310366102,1,0
24:24.9,0.394763905,92.80298772611788,1,0
24:25.0,0.380267981,88.83265206268797,1,0
24:25.0,0.380525176,88.90309603583214,1,0
24:25.0,0.373117498,86.874183070601,1,0
24:25.1,0.285954642,63.000865598516775,1,0
24:25.1,0.313449854,70.53161843477379,1,0
24:25.1,0.394909125,92.84276250315474,1,0
24:25.2,0.413567204,97.9530843056692,1,0
24:25.2,0.403143175,95.0980131770314,1,0
24:25.2,0.391246737,91.83965916943708,1,0
24:25.3,0.389586316,91.38488107370424,1,0
24:25.3,0.359728794,83.20710748588446,1,0
24:25.4,0.388278222,91.02660296329758,1,0
24:25.4,0.365956691,84.91288640465281,1,0
24:25.5,0.320833115,72.5538437486421,1,0
24:25.5,0.382803399,89.5270859261038,1,0
24:25.5,0.39223227,92.10959000084783,1,0
24:25.6,0.404215309,95.3916634373512,1,0
24:25.6,0.38823548,91.0148962182204,1,0
24:25.7,0.378039842,88.2223798416982,1,0
24:25.8,0.225477321,46.43653590176906,1,0
24:25.8,0.119959966,17.53604513848323,0,0
24:25.8,0.215610695,43.734133689566185,0,0
24:25.9,0.244099075,51.5369085321594,1,1
24:25.9,0.139380162,22.85510563918665,0,0
24:26.3,0.338632354,77.4289350766328,1,1
24:26.3,0.323542026,73.29579617281026,1,0
24:26.3,0.328947368,74.77628283344919,1,0
24:26.4,0.338868778,77.49369001318536,1,0
24:26.4,0.352617434,81.25935401922109,1,0
24:26.4,0.391333337,91.86337832445287,1,0
24:26.5,0.327599398,74.40708295600544,1,0
24:26.5,0.354772124,81.8495090552599,1,0
24:26.5,0.385749814,90.33408909152911,1,0
24:26.6,0.325452506,73.81906373949103,1,0
24:26.6,0.325492646,73.83005781434477,1,0
24:27.0,0.351371763,80.91817314684619,1,0
24:27.1,0.369510033,85.88612277557772,1,0
24:27.1,0.366484129,85.05734811000171,1,0
24:27.2,0.346710526,79.64149181926756,1,0
24:27.2,0.368421053,85.5878585096529,1,0
24:27.3,0.365260652,84.72224602430603,1,0
24:27.8,0.373237055,86.9069289252918,1,0
24:27.8,0.367647059,85.37586678139324,1,0
24:27.8,0.399971521,94.22931857099869,1,0
24:27.9,0.396703547,93.33424256760894,1,0
24:28.0,0.37614948,87.70462245932003,1,0
24:28.1,0.355705934,82.10527330636023,1,0
24:28.2,0.34204227,78.36288803500234,1,0
24:28.2,0.324343166,73.51522300709831,1,0
24:28.3,0.325492646,73.83005781434477,1,0
24:28.3,0.372109668,86.59814524150681,1,0
24:28.5,0.342832733,78.57939051111369,1,0
24:28.7,0.315680413,71.14255347741643,1,0
24:28.8,0.2865544,63.165135263343075,1,0
24:28.8,0.366531325,85.07027477559208,1,0
24:28.9,0.265240871,57.327503643430646,1,0
24:28.9,0.260288006,55.970947376603256,1,0
24:29.0,0.233125521,48.5313262180707,1,0
24:29.0,0.232476393,48.353534443739456,1,0
24:29.1,0.244798917,51.72859052851686,1,0
24:29.1,0.231460136,48.075188516269755,1,0
24:29.3,0.217922618,44.367353782193874,0,0
24:29.4,0.199836073,39.41357128155922,0,0
24:29.4,0.220024435,44.94302726069053,0,0
24:29.4,0.207653748,41.55477965555486,0,0
24:29.5,0.260240807,55.95801988933316,1,1
24:29.5,0.272407381,59.290362322555,1,0
24:29.5,0.258307078,55.4283845785997,1,0
24:29.6,0.259426218,55.73490946479328,1,0
24:29.6,0.252395029,53.80911429347367,1,0
24:29.6,0.231274256,48.02427723989177,1,0
24:29.7,0.223154789,45.800410075705315,0,0
24:29.7,0.198404791,39.021552810089226,0,0
24:29.7,0.20860486,41.81528280757995,0,0
24:29.8,0.223794357,45.975583430614506,0,0
24:29.8,0.237130869,49.62836397908873,1,1
24:29.8,0.26535624,57.35910243321144,1,0
24:29.9,0.267716357,58.00552253688798,1,0
24:29.9,0.273071557,59.4722756424368,1,0
24:29.9,0.286386644,63.119188028137216,1,0
24:30.0,0.277030764,60.556675695237935,1,0
24:30.0,0.245954761,52.04516839237442,1,0
24:30.0,0.278295156,60.90298412305223,1,0
24:30.1,0.276714457,60.47004134459617,1,0
24:30.1,0.276928296,60.528610402210724,1,0
