Unnamed: 0,x1,y1,x2,y2,confidence,cluster,new_cluster,Time (seconds),Timestamp (Current Time),X,Y,Result
442,0.1449,0.313687046,0.2547,0.419731235,0.2652,-1,1,14.7,2025-01-14 13:42:10.964600,-0.0234377955021782,-0.3574412584085955,X
443,0.1445,0.313501816,0.2544,0.419916465,0.271,-1,1,14.8,2025-01-14 13:42:11.083200,-0.0310576702966945,-0.3575376032677385,X
455,0.1529,0.328598063,0.2687,0.414915254,0.3293,-1,1,15.2,2025-01-14 13:42:11.476000,-0.0399197563999163,-0.3664167629243358,X
465,0.1277,0.320170097,0.2883,0.428529661,0.3269,-1,1,15.5,2025-01-14 13:42:11.777900,0.1166579506068532,-0.5169491096863116,X
467,0.12,0.313687046,0.2903,0.426306901,0.3884,-1,1,15.6,2025-01-14 13:42:11.869400,0.1101214293388644,-0.51597868590146,X
470,0.1201,0.320262712,0.2881,0.426584746,0.5562,-1,1,15.7,2025-01-14 13:42:11.989700,0.100587030293561,-0.5202401803227003,X
473,0.1148,0.317021186,0.2895,0.427325666,0.3877,-1,1,15.8,2025-01-14 13:42:12.082000,0.0863799924225778,-0.5180422096854744,X
476,0.1176,0.320355327,0.2996,0.426955206,0.3931,-1,1,15.9,2025-01-14 13:42:12.171000,0.0693902730447977,-0.5187422575353013,X
479,0.1205,0.320170097,0.276,0.423435835,0.383,-1,1,16.0,2025-01-14 13:42:12.292000,0.0486122615588669,-0.5184966435369253,X
482,0.1183,0.315909806,0.2972,0.425658596,0.4265,-1,1,16.1,2025-01-14 13:42:12.382200,0.0316567013165821,-0.5137736528808943,X
485,0.1225,0.308500605,0.3061,0.42149092,0.5223,-1,1,16.2,2025-01-14 13:42:12.473000,0.017574550585365,-0.5065159641251851,X
488,0.1199,0.316650726,0.3019,0.423435835,0.2874,-1,1,16.3,2025-01-14 13:42:12.563100,0.0101753907199826,-0.5029301043767943,X
492,-0.1996,0.161891041,-0.0429,0.345083535,0.5079,-1,1,16.4,2025-01-14 13:42:12.685600,0.2452150507119695,-0.5486054147031496,X
494,-0.2031,0.172078692,-0.0448,0.343231235,0.4322,-1,1,16.5,2025-01-14 13:42:12.775200,0.3797469626957525,-0.5584331134752366,X
497,0.1115,0.316835956,0.3136,0.424176755,0.5172,-1,1,16.6,2025-01-14 13:42:12.864600,0.4124880018916325,-0.5625242387971419,X
500,-0.2251,0.162354116,-0.0498,0.350640436,0.5453,-1,1,16.7,2025-01-14 13:42:12.986800,0.4207481876913595,-0.5722643117018634,X
503,0.0904,0.3078523,0.3043,0.42186138,0.4611,-1,1,16.8,2025-01-14 13:42:13.077100,0.4055675830432457,-0.5789697395183768,X
506,0.1196,0.311834746,0.2793,0.42000908,0.5081,-1,1,16.9,2025-01-14 13:42:13.166100,0.385166138851126,-0.6055179360123656,X
509,0.1121,0.305722155,0.3062,0.416860169,0.4362,-1,1,17.0,2025-01-14 13:42:13.316600,0.2019142100956474,-0.6543187433212522,X
512,0.1056,0.30488862,0.305,0.417508475,0.5119,-1,1,17.1,2025-01-14 13:42:13.378800,0.1115788997491155,-0.681258073786386,X
517,0.0944,0.308500605,0.295,0.413155569,0.3956,-1,1,17.2,2025-01-14 13:42:13.469800,0.0230741190409218,-0.6326174343564547,X
518,0.0949,0.30896368,0.2964,0.413155569,0.4237,-1,1,17.3,2025-01-14 13:42:13.591800,-0.0225077810992122,-0.5745254950294771,X
521,0.0882,0.30544431,0.2866,0.413526029,0.4726,-1,1,17.4,2025-01-14 13:42:13.682400,-0.03742944860956,-0.5631903697689536,X
524,0.0928,0.300165254,0.2671,0.417323245,0.5832,-1,1,17.5,2025-01-14 13:42:13.773100,-0.0469525359754759,-0.5601293933255769,X
527,0.0812,0.306463075,0.2754,0.414544794,0.4764,-1,1,17.6,2025-01-14 13:42:13.863300,-0.0571589664798562,-0.5576488401648376,X
531,0.0653,0.299516949,0.2621,0.415378329,0.3681,-1,1,17.7,2025-01-14 13:42:13.983800,0.1958681897187074,-0.6001192234935674,X
537,0.2077,0.321651937,0.2865,0.405653753,0.2766,-1,1,17.9,2025-01-14 13:42:14.165100,0.4012438658591062,-0.6240877318903053,X
540,0.0752,0.30637046,0.2839,0.4170454,0.2992,-1,1,18.0,2025-01-14 13:42:14.286700,0.3974239488002517,-0.6166110220611417,X
549,0.0648,0.30525908,0.2668,0.417323245,0.3259,-1,1,18.3,2025-01-14 13:42:14.587500,0.2588821606166318,-0.5851120076559723,X
561,0.0654,0.300350484,0.2552,0.425751211,0.2563,-1,1,18.7,2025-01-14 13:42:14.980100,-0.1500992206648739,-0.5971525865412247,X
563,0.0596,0.303684625,0.2716,0.426492131,0.3771,-1,1,18.8,2025-01-14 13:42:15.070400,-0.1754051711192574,-0.5668983825921492,X
571,0.054,0.000277845,0.3502,0.333043584,0.6918,-1,1,19.0,2025-01-14 13:42:15.283900,0.2779727401302401,-0.5970793470102925,X
572,0.0514,-0.004352906,0.3532,0.333506659,0.6967,-1,1,19.1,2025-01-14 13:42:15.373200,0.2660059425586174,-0.4863336779078883,X
575,0.0599,-0.001203995,0.3639,0.333969734,0.6623,-1,1,19.2,2025-01-14 13:42:15.464100,0.1282842040073208,-0.1936483714318397,O
578,0.0675,-0.006205206,0.3463,0.328042373,0.7757,-1,1,19.3,2025-01-14 13:42:15.585200,0.0939980451172854,-0.1242389192077295,O
581,0.0623,-0.00259322,0.3684,0.337859564,0.8032,-1,1,19.4,2025-01-14 13:42:15.674700,0.0915479491847776,-0.1087628831822505,O
584,0.0598,-0.00055569,0.3672,0.332210048,0.7937,-1,1,19.5,2025-01-14 13:42:15.765200,0.090018223092455,-0.103123700870225,O
587,0.0681,-0.004815981,0.3494,0.318966102,0.609,-1,1,19.6,2025-01-14 13:42:15.885700,0.1203804795724807,-0.0814773215536266,O
590,0.077,-0.006853511,0.3775,0.323596852,0.5884,-1,1,19.7,2025-01-14 13:42:15.977200,0.1714298519847586,-0.0469108786511648,O
593,0.0845,-0.000833535,0.3887,0.328875908,0.7876,-1,1,19.8,2025-01-14 13:42:16.068000,0.1982993316244687,-0.0327433889116744,O
596,0.09,-0.012225182,0.389,0.316095036,0.7556,-1,1,19.9,,,,X
599,0.1002,-0.015744552,0.3872,0.287476998,0.8243,-1,1,20.0,2025-01-14 13:42:16.304900,0.2437498311416123,-0.4101732847301854,X
602,0.1009,-0.015096247,0.3977,0.295812349,0.7988,-1,1,20.1,2025-01-14 13:42:16.371100,0.3327680984252238,-0.3771271724239912,X
605,-0.3518,0.006946126,0.0623,0.449368039,0.7124,-1,1,20.2,2025-01-14 13:42:16.490900,0.2931568004848878,-0.1353133466141015,O
608,-0.3497,0.016578087,0.0649,0.45937046,0.6066,-1,1,20.3,2025-01-14 13:42:16.580800,0.0620383097531974,-0.131432523373873,O
611,-0.2793,0.244411017,-0.114,0.45696247,0.7566,-1,1,20.4,2025-01-14 13:42:16.671600,-0.0093962126713011,-0.1190449286158704,X
614,-0.3493,0.011206416,0.0593,0.460389225,0.8141,-1,1,20.5,2025-01-14 13:42:16.762800,-0.0315908334556794,-0.1100613154377769,O
617,0.104,-0.001759685,0.429,0.305907385,0.8693,-1,1,20.6,2025-01-14 13:42:16.884300,-0.0356259677287276,-0.1228990717412593,O
620,-0.3448,0.098912833,-0.2084,0.277011501,0.882,-1,1,20.7,2025-01-14 13:42:16.974600,-0.0343388008195681,-0.125494018074121,O
623,0.1148,-0.005371671,0.4467,0.332765738,0.7748,-1,1,20.8,2025-01-14 13:42:17.063800,-0.1128397509294281,-0.1159585799064206,O
626,0.1052,0.004723366,0.4466,0.297201574,0.485,-1,1,20.9,2025-01-14 13:42:17.185100,-0.2433905423804709,-0.0972761346547138,X
629,-0.3483,0.040935835,-0.1061,0.280067797,0.765,-1,1,21.0,2025-01-14 13:42:17.276300,-0.267048414029666,-0.0956913707092096,O
632,-0.3548,0.03658293,-0.045,0.283494552,0.835,-1,1,21.1,2025-01-14 13:42:17.367300,-0.2764917080845313,-0.0928401732080029,O
635,-0.3596,0.038342615,-0.0533,0.287662228,0.8608,-1,1,21.2,2025-01-14 13:42:17.488000,-0.2807569924127346,-0.0886244534935952,O
638,-0.3534,0.053901937,-0.0376,0.288680993,0.8548,-1,1,21.3,2025-01-14 13:42:17.578000,-0.2819858625998517,-0.086384544505919,O
641,-0.3621,0.057328692,-0.0497,0.296923729,0.878,-1,1,21.4,2025-01-14 13:42:17.669100,-0.3090856179567728,-0.0892861377796005,O
644,-0.3614,0.062422518,-0.0519,0.296182809,0.857,-1,1,21.5,2025-01-14 13:42:17.789200,-0.5285248677878096,-0.1203845145125873,O
647,-0.3614,0.043806901,-0.0416,0.293496973,0.8684,-1,1,21.6,2025-01-14 13:42:17.880700,-0.5707389410584223,-0.1387630157109255,O
650,-0.3632,0.067145884,-0.0526,0.296738499,0.8751,-1,1,21.7,2025-01-14 13:42:17.970300,-0.5826566257099122,-0.1440189983343237,O
653,-0.3639,0.043251211,-0.0448,0.295071429,0.7796,-1,1,21.8,2025-01-14 13:42:18.062800,-0.5854441242621805,-0.1450542914180009,O
656,-0.3624,0.03843523,-0.0471,0.293589588,0.8947,-1,1,21.9,2025-01-14 13:42:18.182200,-0.5854774247069614,-0.1488401648377708,O
659,-0.3654,0.043251211,-0.0489,0.294145278,0.878,-1,1,22.0,2025-01-14 13:42:18.273100,-0.5847020898228187,-0.1524270708651749,O
662,-0.3674,0.039824455,-0.0409,0.301091404,0.8818,-1,1,22.1,2025-01-14 13:42:18.363400,-0.5133383989104263,-0.1410308254722902,O
665,-0.3655,0.046770581,-0.0408,0.298035109,0.8692,-1,1,22.2,2025-01-14 13:42:18.484800,-0.29070691398914,-0.086112337582621,O
668,-0.366,0.066960654,-0.0363,0.309426755,0.878,-1,1,22.3,2025-01-14 13:42:18.576000,-0.2448173303054364,-0.0903254415994954,O
671,-0.304,0.062607748,-0.0314,0.296645884,0.8031,-1,1,22.4,2025-01-14 13:42:18.665900,-0.2337093281666682,-0.0830735945682772,O
674,-0.2979,0.058995763,-0.0343,0.297386804,0.6872,-1,1,22.5,2025-01-14 13:42:18.786700,-0.2368453294869575,-0.0828245801631078,O
677,-0.3001,0.071035714,-0.0347,0.289884988,0.8471,-1,1,22.6,2025-01-14 13:42:18.877700,-0.2558700411396628,-0.0988014350762945,O
680,0.4002,0.215237288,0.4603,0.301276634,0.687,-1,1,22.7,2025-01-14 13:42:18.967000,-0.2843088304192653,-0.1155161782636231,X
683,0.1148,-0.00092615,0.3268,0.34295339,0.8447,-1,1,22.8,2025-01-14 13:42:19.088000,-0.3091949439452986,-0.1320394523915147,X
686,0.1105,0.011391646,0.326,0.363699153,0.6735,-1,1,22.9,2025-01-14 13:42:19.178200,-0.3162621779621846,-0.1379429945342383,X
689,0.1198,0.010280266,0.3424,0.365921913,0.6761,-1,1,23.0,2025-01-14 13:42:19.269900,-0.3214380933212504,-0.1411391153501685,X
692,-0.3601,0.081964286,-0.0447,0.329061138,0.6972,-1,1,23.1,2025-01-14 13:42:19.388900,-0.3754884850622373,-0.1712344592690554,X
695,-0.372,0.093633777,-0.0603,0.334988499,0.7411,-1,1,23.2,2025-01-14 13:42:19.477000,-0.0032868376745735,-0.623218971549581,X
698,-0.389,0.087984262,-0.0692,0.339341404,0.5593,-1,1,23.3,2025-01-14 13:42:19.572300,0.2749370590178125,-0.3630065036703467,X
701,-0.3895,0.07761138,-0.0696,0.335822034,0.7639,-1,1,23.4,2025-01-14 13:42:19.663100,0.3466106116160745,-0.1777396990343541,X
704,-0.3895,0.081779056,-0.0731,0.332950969,0.8376,-1,1,23.5,2025-01-14 13:42:19.783000,0.3629964200974674,-0.1167938593187187,X
707,0.0807,-0.00296368,0.4952,0.361754237,0.6501,-1,1,23.6,2025-01-14 13:42:19.874200,0.3731294941201674,-0.0935208648960834,O
710,-0.3985,0.067516344,-0.0686,0.330450363,0.8096,-1,1,23.7,2025-01-14 13:42:19.964200,0.5002304851539703,-0.0328964944072898,X
713,-0.392,0.063441283,-0.0587,0.332117433,0.8466,-1,1,23.8,2025-01-14 13:42:20.085700,0.5783112318211509,0.006838566820958,X
716,0.0962,-0.005001211,0.4984,0.360920702,0.8539,-1,1,23.9,2025-01-14 13:42:20.175800,0.5975897808265251,0.0176095733134681,O
719,0.1044,-0.001759685,0.4988,0.370645278,0.8621,-1,1,24.0,2025-01-14 13:42:20.267300,0.5581225753768131,0.0029995075513444,O
722,-0.3937,0.099005448,-0.0602,0.353418886,0.8706,-1,1,24.1,2025-01-14 13:42:20.387000,0.3988101059938494,-0.0918077573916123,X
725,-0.4045,0.107340799,-0.073,0.375739104,0.8324,-1,1,24.2,2025-01-14 13:42:20.479000,0.3551062043336233,-0.1195349359537739,X
728,-0.4123,0.136514528,-0.0787,0.396207022,0.9088,-1,1,24.3,2025-01-14 13:42:20.656700,0.377988531661916,-0.696248985109357,X
731,-0.4224,0.145035109,-0.0905,0.412692494,0.8827,-1,1,24.4,2025-01-14 13:42:20.689100,0.3700857496924942,-0.6595676635613105,X
734,-0.4295,0.164391646,-0.0921,0.435290557,0.8523,-1,1,24.5,2025-01-14 13:42:20.781000,0.3184391683601372,-0.4640134077167959,X
737,-0.4376,0.181525424,-0.0866,0.46251937,0.8778,-1,1,24.6,2025-01-14 13:42:20.870700,0.2658878202261873,-0.3364631026218356,X
740,-0.4451,0.178376513,-0.0872,0.461871065,0.9259,-1,1,24.7,2025-01-14 13:42:20.962200,0.2567041230348809,-0.3439201075295818,X
743,0.0814,0.111693705,0.4989,0.463075061,0.8689,-1,1,24.8,2025-01-14 13:42:21.082200,0.2574386177508961,-0.3805146751094407,X
746,0.0802,0.129290557,0.4994,0.463075061,0.8703,-1,1,24.9,2025-01-14 13:42:21.173000,0.2646679558197342,-0.4197890248121579,X
749,-0.4793,0.243670097,-0.0823,0.463075061,0.8802,-1,1,25.0,2025-01-14 13:42:21.264000,0.4206529986841086,-0.4103276108846497,X
752,-0.4874,0.244225787,-0.0901,0.463075061,0.8425,-1,1,25.1,2025-01-14 13:42:21.384300,0.5847211485679444,-0.401383494739309,X
755,-0.4887,0.289514528,-0.0894,0.463075061,0.8437,-1,1,25.2,2025-01-14 13:42:21.474100,0.615839576468607,-0.4255574225823281,X
758,-0.4985,0.312946126,-0.125,0.463075061,0.8502,-1,1,25.3,,,,X
761,-0.4994,0.341378935,-0.1414,0.463075061,0.6979,-1,1,25.4,2025-01-14 13:42:21.682100,0.1617371187491764,-0.4904037032696916,X
764,-0.4984,0.352770581,-0.1482,0.463075061,0.5924,-1,1,25.5,2025-01-14 13:42:21.778000,-0.2448205765752106,-0.098277510860376,X
768,-0.2254,0.364069613,-0.1104,0.45585109,0.2881,-1,1,25.6,2025-01-14 13:42:21.867100,-0.3565640936173939,0.0189426199663517,X
777,-0.3338,0.057699153,-0.2606,0.163002421,0.3622,-1,1,25.9,2025-01-14 13:42:22.169400,-0.3693191064338764,-0.0231423839258061,O
806,-0.1293,-0.002685835,0.2226,0.463075061,0.4689,-1,1,26.9,,,,X
870,-0.0237,0.045937046,0.1023,0.196251211,0.5964,-1,1,29.0,2025-01-14 13:42:25.280300,-0.7463443337198838,0.1754243969247768,X
872,-0.0177,0.034638015,0.1183,0.224406174,0.7973,-1,1,29.1,2025-01-14 13:42:25.370900,-0.2418621776270858,0.2075650157778876,O
875,0.2311,0.273584746,0.3836,0.463075061,0.5424,-1,1,29.2,2025-01-14 13:42:25.491900,-0.027425251496897,0.2146340778654793,X
878,-0.0781,0.010095036,0.1396,0.257377119,0.4947,-1,1,29.3,2025-01-14 13:42:25.582900,0.1052743296924147,0.0938350014508403,O
881,-0.059,-0.000833535,0.1553,0.235890436,0.4407,-1,1,29.4,2025-01-14 13:42:25.673700,0.1420000079585966,0.0608161011179841,O
885,-0.0108,-0.007316586,0.1891,0.185415254,0.3959,-1,1,29.5,2025-01-14 13:42:25.763300,0.1613420163021383,0.0608397295857015,O
887,-0.0713,-0.025932203,0.197,0.279234262,0.6362,-1,1,29.6,2025-01-14 13:42:25.884000,0.1921114178428807,0.0456191600193074,O
890,0.0323,0.00351937,0.1481,0.170782082,0.4305,-1,1,29.7,2025-01-14 13:42:26.003200,0.2658798616293214,-0.2113128743935068,O
893,0.0457,-0.051401332,0.2361,0.161798426,0.7867,-1,1,29.8,2025-01-14 13:42:26.065800,0.3673823399992165,-0.169319855864603,O
896,0.0722,-0.075481235,0.2598,0.160038741,0.7855,-1,1,29.9,2025-01-14 13:42:26.188100,0.372254362620062,-0.0038977380842769,O
899,0.0721,-0.077703995,0.2803,0.15337046,0.4151,-1,1,30.0,2025-01-14 13:42:26.278000,0.3919756609352898,0.0692736103322146,O
902,0.1119,-0.112805085,0.3091,0.121418281,0.6533,-1,1,30.1,2025-01-14 13:42:26.368200,0.4078081374977457,0.0880702656572167,O
905,0.0296,-0.130957627,0.3344,0.172078692,0.5855,-1,1,30.2,,,,X
908,0.0425,-0.1567046,0.32,0.120029056,0.643,-1,1,30.3,2025-01-14 13:42:26.608100,0.3050052662873206,-0.0886192220985286,O
912,0.0502,-0.149943705,0.3009,0.11678753,0.7572,-1,1,30.4,2025-01-14 13:42:26.670100,0.2692106391360647,-0.1129538409600097,O
914,0.0572,-0.165225182,0.3087,0.145035109,0.7804,-1,1,30.5,2025-01-14 13:42:26.762200,0.2338451479052866,-0.0898890560610244,O
918,0.1178,-0.163650726,0.3462,0.089558717,0.5498,-1,1,30.6,2025-01-14 13:42:26.883300,0.2396004700598631,-0.0649190842687066,O
920,0.1112,-0.172541768,0.3549,0.15003632,0.4381,-1,1,30.7,2025-01-14 13:42:26.971800,0.2910954191782495,-0.0419326831058024,O
923,0.1523,-0.174208838,0.3791,0.140589588,0.8698,-1,1,30.8,2025-01-14 13:42:27.064200,0.3299201773678027,-0.0241472477281793,O
926,0.1798,-0.083723971,0.3789,0.082519976,0.808,-1,1,30.9,,,,X
929,0.1623,-0.246911622,0.3651,0.091596247,0.7804,-1,1,31.0,2025-01-14 13:42:27.269700,0.3002882268685998,-0.6508004557591381,X
932,0.1309,-0.124845036,0.3421,0.094837772,0.5951,-1,1,31.1,2025-01-14 13:42:27.365400,0.4019506102044707,-0.1457364653346836,O
935,0.1134,-0.140960048,0.3349,0.096041768,0.8283,-1,1,31.2,2025-01-14 13:42:27.484600,0.4030434512162095,0.2065011767151304,O
938,0.0848,-0.157352906,0.3137,0.080482446,0.7952,-1,1,31.3,2025-01-14 13:42:27.577600,0.3885893826872451,0.2448102468381449,O
941,0.0772,-0.166892252,0.3036,0.087984262,0.8273,-1,1,31.4,2025-01-14 13:42:27.667300,0.3740419053634867,0.2603353184733814,O
944,0.0738,-0.175505448,0.2905,0.107711259,0.7996,-1,1,31.5,2025-01-14 13:42:27.789000,0.3155725027127294,0.2199633436147685,O
947,0.0716,-0.18773063,0.291,0.154944915,0.8643,-1,1,31.6,2025-01-14 13:42:27.877700,0.2851005013706587,0.213717441540904,O
950,0.0653,-0.188378935,0.2885,0.195325061,0.837,-1,1,31.7,2025-01-14 13:42:27.969100,0.2670952231454425,0.215752794262485,O
953,0.0488,-0.19125,0.2935,0.274233051,0.9357,-1,1,31.8,2025-01-14 13:42:28.088600,0.2553174422493841,0.218352239595104,O
956,0.0362,-0.19125,0.2862,0.320077482,0.926,-1,1,31.9,2025-01-14 13:42:28.179700,0.2448010989565649,0.0173582919704364,O
959,0.0292,-0.187823245,0.2808,0.343601695,0.9399,-1,1,32.0,2025-01-14 13:42:28.271900,0.2415484413611628,-0.1244548886340617,O
962,0.0245,-0.185785714,0.2794,0.362217312,0.9283,-1,1,32.1,2025-01-14 13:42:28.361700,0.2347165095437188,-0.1760821315075066,O
965,0.0135,-0.184581719,0.2752,0.375183414,0.8985,-1,1,32.2,2025-01-14 13:42:28.483700,0.2353014664133596,-0.204204018827442,O
968,0.026,-0.180136199,0.2713,0.371015738,0.9098,-1,1,32.3,,,,X
971,0.0239,-0.173838378,0.2787,0.394262107,0.9214,-1,1,32.4,2025-01-14 13:42:28.692000,0.2468291798184223,-0.3016404085510291,O
974,0.0184,-0.167818402,0.2799,0.376572639,0.9101,-1,1,32.5,2025-01-14 13:42:28.784400,0.2499215135743291,-0.3104020361984636,O
977,0.0122,-0.158371671,0.2763,0.357123487,0.8736,-1,1,32.6,2025-01-14 13:42:28.876300,0.2464511464672938,-0.2956182009302117,O
980,-0.0043,-0.156426755,0.2813,0.359253632,0.905,-1,1,32.7,2025-01-14 13:42:28.965300,0.2681343436283366,-0.3215017486809908,O
983,0.0016,-0.156889831,0.272,0.364625303,0.8908,-1,1,32.8,2025-01-14 13:42:29.087400,0.3067467329436271,-0.3647690478581971,O
986,0.018,-0.156241525,0.2907,0.376850484,0.892,-1,1,32.9,2025-01-14 13:42:29.177700,0.3210893811164694,-0.3861209868224645,O
989,0.0184,-0.15318523,0.2708,0.376387409,0.8471,-1,1,33.0,2025-01-14 13:42:29.268900,0.3283194522139662,-0.4002567394318844,O
992,0.0165,-0.153092615,0.2899,0.393984262,0.6579,-1,1,33.1,2025-01-14 13:42:29.388500,0.3312045482962212,-0.4157788989238671,X
995,0.0227,-0.00074092,0.2298,0.405005448,0.8256,-1,1,33.2,2025-01-14 13:42:29.479700,0.3305969722565405,-0.4215283764818798,X
998,0.0338,0.065664044,0.2298,0.416674939,0.532,-1,1,33.3,2025-01-14 13:42:29.570200,0.3296900063689716,-0.4222384511722509,X
1001,0.0692,0.154018765,0.233,0.372404964,0.4569,-1,1,33.4,2025-01-14 13:42:29.691200,0.3304945576810824,-0.4211661023735187,X
1004,0.0777,0.1548523,0.2344,0.375924334,0.7235,-1,1,33.5,2025-01-14 13:42:29.781900,0.3313182724566992,-0.4209546668229109,X
1007,0.0657,0.174671913,0.2408,0.392872881,0.8634,-1,1,33.6,2025-01-14 13:42:29.873000,0.3315392282381068,-0.4209315614947001,X
1010,0.0576,0.181062349,0.2381,0.377591404,0.7608,-1,1,33.7,,,,X
1013,0.1447,-0.139200363,0.2319,-0.006390436,0.8352,-1,1,33.8,2025-01-14 13:42:30.111100,0.3194151436600034,-0.5199428627030827,X
1016,0.1079,-0.139848668,0.2304,0.007501816,0.7636,-1,1,33.9,2025-01-14 13:42:30.174400,0.3052142841734293,-0.5370833542589135,X
1019,0.0131,-0.140960048,0.2362,0.401856538,0.8905,-1,1,34.0,2025-01-14 13:42:30.264500,0.278277365897119,-0.4564425327764337,X
1022,0.0164,-0.142349274,0.2513,0.387130751,0.894,-1,1,34.1,2025-01-14 13:42:30.385600,0.2154191112299778,-0.2152050323230462,O
1025,0.1075,-0.136236683,0.2301,0.010465496,0.7785,-1,1,34.2,2025-01-14 13:42:30.477600,0.1871422165655678,-0.1019069655676551,O
1028,0.0264,0.033897094,0.2517,0.402875303,0.7544,-1,1,34.3,2025-01-14 13:42:30.567600,0.1866953832389015,-0.0782908788185695,O
1031,0.0281,-0.105118039,0.256,0.407228208,0.7261,-1,1,34.4,2025-01-14 13:42:30.688900,0.1896780768511432,-0.0816943372589721,O
1096,-0.0303,0.19162046,0.1621,0.463075061,0.2783,-1,1,36.5,2025-01-14 13:42:32.772900,-0.4304613410110058,0.3066544391525978,X
1263,-0.4994,-0.281734867,-0.2368,0.450016344,0.2602,-1,1,42.1,2025-01-14 13:42:38.389900,-0.5225684863439903,0.0619831381674215,O
1265,-0.4994,-0.280901332,-0.2327,0.455202785,0.4231,-1,1,42.2,2025-01-14 13:42:38.480900,-0.5102846015182909,0.0731153899272628,O
1341,0.1724,-0.100579903,0.4993,0.45622155,0.7825,-1,1,44.7,2025-01-14 13:42:40.988500,-0.083755603218708,0.0372490151026889,X
1343,0.166,-0.11808414,0.4992,0.454461864,0.7563,-1,1,44.8,2025-01-14 13:42:41.079900,-0.0860753980712132,0.0616931445008971,X
1346,0.1738,-0.125030266,0.4998,0.457425545,0.7602,-1,1,44.9,2025-01-14 13:42:41.169900,-0.0860205989430566,0.0663277245803027,X
1349,0.1745,-0.103173123,0.499,0.454647094,0.735,-1,1,45.0,2025-01-14 13:42:41.261400,-0.0816264377048162,0.0757990781584374,X
1352,0.2005,-0.129197942,0.5,0.4571477,0.7233,-1,1,45.1,2025-01-14 13:42:41.381700,-0.0564945997778715,-0.0265827237014281,X
1355,0.1946,-0.124381961,0.5,0.454554479,0.7577,-1,1,45.2,2025-01-14 13:42:41.470600,-0.0199391963199449,-0.2012888239265874,O
1358,0.1459,-0.137996368,0.5,0.447145278,0.5971,-1,1,45.3,2025-01-14 13:42:41.562900,0.3256773027728796,-0.2144466544182269,O
1361,0.1634,-0.143738499,0.4927,0.455573245,0.5768,-1,1,45.4,2025-01-14 13:42:41.683800,0.5140637831273974,-0.1943215647869914,O
1364,0.1509,-0.144016344,0.497,0.457055085,0.759,-1,1,45.5,2025-01-14 13:42:41.772200,0.5298455759940233,-0.1935882975784917,O
1367,0.1563,-0.145405569,0.4995,0.45548063,0.7631,-1,1,45.6,2025-01-14 13:42:41.864000,0.5342448998483884,-0.193355762067782,O
1370,0.1502,-0.109934019,0.4987,0.45603632,0.7961,-1,1,45.7,2025-01-14 13:42:41.985600,0.54302605958769,-0.1913370539015045,O
1373,0.142,-0.097801453,0.4996,0.45548063,0.6977,-1,1,45.8,2025-01-14 13:42:42.075800,0.5694409567406277,-0.1957362212029139,O
1376,0.1421,-0.105673729,0.499,0.457981235,0.735,-1,1,45.9,2025-01-14 13:42:42.166100,0.5860870951142381,-0.1990678351510686,O
1379,0.1372,-0.11715799,0.4983,0.453906174,0.7109,-1,1,46.0,,,,X
1382,0.1316,-0.136607143,0.4995,0.450572034,0.6427,-1,1,46.1,2025-01-14 13:42:42.374500,0.5488939540005665,-0.6817645600187492,X
1385,0.1509,-0.135588378,0.4989,0.45807385,0.6453,-1,1,46.2,2025-01-14 13:42:42.468300,0.5063598613612423,-0.5719449350330484,X
1388,0.1171,-0.139385593,0.4988,0.45881477,0.5963,-1,1,46.3,2025-01-14 13:42:42.589900,0.4312391891362637,-0.3261550745927183,O
1391,0.1308,-0.122714891,0.4994,0.455943705,0.6243,-1,1,46.4,2025-01-14 13:42:42.680200,0.4229396292257267,-0.2912256600625534,O
1394,0.1483,-0.11178632,0.4999,0.454091404,0.5287,-1,1,46.5,2025-01-14 13:42:42.770000,0.4254413513194828,-0.2811888798676387,O
1397,0.1268,-0.109934019,0.4996,0.45918523,0.7404,-1,1,46.6,2025-01-14 13:42:42.862700,0.4268013289181269,-0.2767936361125293,O
1400,0.1318,-0.132624697,0.4998,0.453535714,0.6447,-1,1,46.7,2025-01-14 13:42:42.983000,0.4933579226051584,-0.2542656795372934,O
1403,0.1758,-0.166429177,0.4999,0.45566586,0.6901,-1,1,46.8,2025-01-14 13:42:43.074500,0.6079787865694906,-0.2009357047595928,O
1407,0.1833,-0.2295,0.5,0.45585109,0.5409,-1,1,46.9,2025-01-14 13:42:43.165600,0.6529893641730355,-0.1707468060589319,O
1409,0.2149,0.183192494,0.4955,0.462797215,0.3125,-1,1,47.0,2025-01-14 13:42:43.284400,0.6813157906310976,-0.1493581601392805,X
1412,0.2038,-0.175505448,0.5,0.46048184,0.6462,-1,1,47.1,2025-01-14 13:42:43.372200,0.6470805248736518,-0.3123390474117846,O
1415,0.0951,-0.162631961,0.499,0.4552954,0.6578,-1,1,47.2,2025-01-14 13:42:43.463000,0.5421965853011834,-0.6945744155485432,X
1418,0.0801,-0.147257869,0.4993,0.451776029,0.753,-1,1,47.3,2025-01-14 13:42:43.586700,0.4379750941994183,-0.2320201311057355,O
1421,-0.0573,-0.121140436,0.4976,0.46029661,0.3357,-1,1,47.4,2025-01-14 13:42:43.677700,0.3630046928494728,-0.1579466286100112,O
1424,-0.1425,-0.122437046,0.4992,0.463075061,0.4486,-1,1,47.5,2025-01-14 13:42:43.767300,0.3399777494386569,-0.1275435914712913,O
1427,-0.0474,-0.142164044,0.5,0.442144068,0.7815,-1,1,47.6,2025-01-14 13:42:43.887800,0.1027316627121513,-0.2079965186809629,O
1431,-0.1267,-0.276363196,0.5,0.450942494,0.4359,-1,3,47.7,2025-01-14 13:42:43.979700,0.0199993256136338,-0.2361361055542069,O
1433,0.1457,-0.210050847,0.4991,0.379814165,0.8591,-1,3,47.8,2025-01-14 13:42:44.069800,0.0022897511493364,-0.2384301594808223,O
1436,0.1037,-0.146887409,0.4994,0.430845036,0.6405,-1,3,47.9,,,,X
1439,0.1227,0.004445521,0.3497,0.448719734,0.3637,-1,3,48.0,2025-01-14 13:42:44.280400,0.0652393411873512,-0.3534399387020001,X
1442,0.0304,-0.084187046,0.4973,0.440847458,0.3641,-1,3,48.1,2025-01-14 13:42:44.370800,0.0336565501032416,-0.2736899366094421,O
1445,0.0599,-0.11678753,0.5,0.443996368,0.7249,-1,3,48.2,2025-01-14 13:42:44.461900,-0.0005045331539439,-0.1766882758158882,O
1448,0.0724,-0.100579903,0.5,0.444181598,0.6518,-1,3,48.3,2025-01-14 13:42:44.582000,0.046035592520678,-0.1530360052509255,O
1451,0.048,-0.107248184,0.499,0.450294189,0.5954,-1,3,48.4,2025-01-14 13:42:44.673100,0.2521520150643671,-0.1948179369888926,O
1454,0.0283,-0.099190678,0.4989,0.4571477,0.6557,-1,3,48.5,2025-01-14 13:42:44.764100,0.3388882594150722,-0.2173746662369947,O
1457,0.071,-0.107618644,0.5,0.45603632,0.7296,-1,3,48.6,2025-01-14 13:42:44.885400,0.3689378268129734,-0.2381203737029626,O
1460,0.0693,-0.115027845,0.4988,0.45992615,0.5759,-1,3,48.7,2025-01-14 13:42:44.973100,0.3813685268071719,-0.3041948987620426,O
1463,0.0768,-0.108730024,0.4992,0.457240315,0.7663,-1,3,48.8,2025-01-14 13:42:45.093100,0.1886089021932425,-0.3602457221138742,X
1466,0.0766,-0.109934019,0.4999,0.45881477,0.7448,-1,3,48.9,2025-01-14 13:42:45.186600,0.1662009491255071,-0.2180783760633681,O
1469,0.0752,-0.109007869,0.5,0.45974092,0.6633,-1,3,49.0,2025-01-14 13:42:45.277400,0.0789716906426376,-0.0683198398216581,O
1472,-0.0814,0.202178571,0.0329,0.335729419,0.3354,-1,3,49.1,2025-01-14 13:42:45.369000,0.0618211238334632,-0.0197657799800787,O
1475,-0.1119,0.188749395,0.0378,0.340823245,0.5756,-1,3,49.2,2025-01-14 13:42:45.489200,0.0659723698460491,-0.0036788042007403,O
1478,0.1115,-0.111508475,0.4999,0.438809927,0.7904,-1,3,49.3,2025-01-14 13:42:45.579600,0.2385867961432637,-0.2076990266815097,O
1481,0.1241,-0.119473366,0.4984,0.418249395,0.6587,-1,3,49.4,2025-01-14 13:42:45.670400,0.3978125587077414,-0.3828241616515024,X
1484,0.1185,-0.137533293,0.4992,0.409914044,0.6633,-1,3,49.5,2025-01-14 13:42:45.761100,0.4261948000622443,-0.4146572006316734,X
1771,-0.3209,0.248208232,-0.2072,0.463075061,0.2745,-1,3,59.0,,,,X
1779,-0.3789,0.072147094,-0.1648,0.463075061,0.3305,-1,3,59.3,2025-01-14 13:42:55.577600,-0.1849163226842421,0.1388000365500136,O
1787,-0.3799,0.010280266,-0.1696,0.462426755,0.5109,-1,3,59.6,2025-01-14 13:42:55.880200,0.0458643151386542,-0.041645043567058,O
1792,-0.4195,-0.049271186,-0.1915,0.461500605,0.273,-1,3,59.7,2025-01-14 13:42:55.970700,0.2050904232737854,-0.1873904894632727,X
1807,-0.4281,-0.105303269,-0.2015,0.453535714,0.4717,-1,3,60.2,2025-01-14 13:42:56.483900,0.6986057376038044,-0.5966320627320995,X
1891,-0.1701,0.081779056,0.0291,0.367125908,0.5523,-1,3,63.0,2025-01-14 13:42:59.263300,0.5354579575601537,-0.6406412609196652,X
1892,-0.1713,-0.240243341,0.288,0.348602906,0.7087,-1,3,63.1,2025-01-14 13:42:59.384600,0.3729903233933946,-0.4629320783565328,O
1895,-0.1693,-0.22838862,0.2768,0.358234867,0.7806,-1,3,63.2,2025-01-14 13:42:59.474700,0.171220205788371,-0.2098621213516249,O
1898,-0.1627,0.096319613,0.0368,0.386389831,0.5296,-1,3,63.3,2025-01-14 13:42:59.565200,0.1097231853404319,0.1138152075957067,O
1901,-0.1585,0.099746368,0.0348,0.400096852,0.4972,-1,3,63.4,2025-01-14 13:42:59.687000,0.1107847155566062,0.1987441687382992,O
1904,-0.1462,-0.23153753,0.2787,0.443162833,0.3855,-1,3,63.5,2025-01-14 13:42:59.776200,0.1078489357785212,0.2218951408710064,O
1907,-0.1137,-0.22838862,0.2413,0.383333535,0.4055,-1,3,63.6,2025-01-14 13:42:59.866900,0.1066085465696246,0.2302426251279949,O
1910,-0.0345,-0.22672155,0.1569,0.135217918,0.2866,-1,3,63.7,2025-01-14 13:42:59.988200,0.1174863777095617,0.2321137207634769,O
1913,-0.0277,-0.207735472,0.1687,0.136607143,0.4419,-1,3,63.8,2025-01-14 13:43:00.078100,0.247306172038475,0.2744753433887723,O
1916,-0.0256,-0.207550242,0.1689,0.134013923,0.4861,-1,3,63.9,2025-01-14 13:43:00.171800,0.3222967840357246,0.2994930080661138,O
1919,-0.0342,-0.213014528,0.16,0.131976392,0.5698,-1,3,64.0,2025-01-14 13:43:00.261100,0.3394866202373293,0.3076397724133891,O
1922,-0.0435,-0.215885593,0.1536,0.129753632,0.4639,-1,3,64.1,2025-01-14 13:43:00.380300,0.3447817051126233,0.3106601183550821,O
1925,-0.0476,-0.210699153,0.1409,0.130587167,0.4137,-1,3,64.2,2025-01-14 13:43:00.471900,0.3448271528894626,0.3108533312128747,O
1952,-0.1275,0.11752845,0.0748,0.424547215,0.7391,-1,31,65.1,2025-01-14 13:43:01.378300,0.3777306102924342,0.4131818600329788,X
1955,-0.0358,-0.205512712,0.164,0.120677361,0.6252,-1,31,65.2,2025-01-14 13:43:01.468600,0.377565783562607,0.4230963127732533,X
1958,-0.0273,-0.212736683,0.1858,0.118547215,0.5959,-1,31,65.3,2025-01-14 13:43:01.588600,0.3800246758390191,0.4303484213742248,X
1961,-0.0224,-0.211254843,0.1833,0.118176755,0.6786,-1,31,65.4,,,,X
1964,-0.1163,0.106322034,0.107,0.391113196,0.5432,-1,31,65.5,2025-01-14 13:43:01.768000,0.4347508152849457,0.2118862788877636,X
1967,-0.1129,-0.206994552,0.2031,0.396947942,0.3975,-1,31,65.6,2025-01-14 13:43:01.862400,0.4157088250995712,0.2360263596047019,O
1970,-0.1172,0.113546005,0.0949,0.420286925,0.467,-1,31,65.7,2025-01-14 13:43:01.980700,0.3727777450823722,0.3286548095353685,X
1973,-0.1155,0.115213075,0.1679,0.453813559,0.4874,-1,31,65.8,2025-01-14 13:43:02.073000,0.3612697187327147,0.3607494182688687,O
1976,-0.1132,0.118917676,0.1043,0.421953995,0.5685,-1,31,65.9,2025-01-14 13:43:02.164100,0.3588587874742573,0.3753212076570884,X
1979,-0.036,-0.243947942,0.226,0.123918886,0.3897,-1,31,66.0,2025-01-14 13:43:02.284400,0.3493433424557002,0.3808389344136514,X
1982,-0.037,-0.195510291,0.1678,0.120862591,0.6882,-1,31,66.1,,,,X
1985,-0.0418,-0.191898305,0.1643,0.122251816,0.7112,-1,31,66.2,2025-01-14 13:43:02.491000,0.3270959226642196,0.1565288263818557,O
1988,-0.0437,-0.192268765,0.1659,0.122807506,0.7905,-1,31,66.3,2025-01-14 13:43:02.586200,0.3471783946714259,0.2635349268860226,O
1991,-0.0432,-0.19069431,0.1655,0.120492131,0.7903,-1,31,66.4,2025-01-14 13:43:02.677500,0.3238312224551389,0.3247310016656763,O
1994,-0.0428,-0.191342615,0.1661,0.120769976,0.8671,-1,31,66.5,2025-01-14 13:43:02.767600,0.312888570638097,0.3542204628459348,O
1997,-0.043,-0.195325061,0.1693,0.108915254,0.8355,-1,31,66.6,2025-01-14 13:43:02.888100,0.3064031519394575,0.3715153677461477,X
2000,-0.0398,-0.211440073,0.1811,0.104284504,0.706,-1,31,66.7,2025-01-14 13:43:02.979000,0.1152068680177709,0.0852537435863097,O
2003,-0.0335,-0.217089588,0.1813,0.098449758,0.7958,-1,31,66.8,2025-01-14 13:43:03.068900,-0.0501320582544159,-0.1945922894816872,O
2006,-0.0321,-0.22598063,0.1842,0.089280872,0.7637,-1,31,66.9,,,,X
2009,-0.0274,-0.229777845,0.1968,0.080297215,0.8243,-1,31,67.0,2025-01-14 13:43:03.276900,0.0429093718970633,-0.6737589561483539,X
2012,-0.0265,-0.232926755,0.202,0.07724092,0.8507,-1,31,67.1,2025-01-14 13:43:03.371500,0.0271348464859965,-0.5222184323671295,X
2015,-0.0239,-0.231259685,0.2166,0.07298063,0.8745,-1,31,67.2,2025-01-14 13:43:03.462100,0.009218160010103,-0.3529411251824013,O
2018,-0.0137,-0.22690678,0.2108,0.07761138,0.7839,-1,31,67.3,2025-01-14 13:43:03.585400,0.0955797115259958,0.2201075557387707,O
2021,-0.0136,-0.221349879,0.2116,0.081501211,0.8061,-1,31,67.4,2025-01-14 13:43:03.673600,0.1238479145648813,0.34282814099935,X
2024,-0.0122,-0.224961864,0.214,0.083631356,0.8171,-1,31,67.5,2025-01-14 13:43:03.764100,0.1299165541118612,0.3662509277007252,X
2027,-0.0122,-0.230518765,0.2406,0.095486077,0.7509,-1,31,67.6,2025-01-14 13:43:03.885600,0.1325997531578349,0.370217022680539,X
2030,-0.0137,-0.233760291,0.2331,0.071313559,0.7743,-1,31,67.7,2025-01-14 13:43:03.974900,0.1334049327802246,0.3758001418754343,X
2033,-0.0148,-0.235056901,0.2356,0.069276029,0.7671,-1,31,67.8,2025-01-14 13:43:04.065000,0.1302181430457255,0.3829042019960215,X
2036,-0.0146,-0.237927966,0.2294,0.061125908,0.8731,-1,31,67.9,2025-01-14 13:43:04.187700,0.127308542862594,0.3863490756473678,X
2039,-0.0158,-0.238946731,0.2264,0.053068402,0.8486,-1,31,68.0,2025-01-14 13:43:04.277900,0.1278767447914646,0.3923303040068302,X
2042,-0.0167,-0.244688862,0.2275,0.046677966,0.8596,-1,31,68.1,2025-01-14 13:43:04.368600,0.2192233205318602,0.4041059127319601,X
2045,-0.0216,-0.255524818,0.2279,0.043158596,0.8538,-1,31,68.2,2025-01-14 13:43:04.489800,0.3020922103976552,0.4320927428692598,X
2048,-0.0244,-0.263489709,0.2239,0.036305085,0.7824,-1,31,68.3,2025-01-14 13:43:04.580100,0.3206292485555668,0.4424479406438942,X
2051,-0.027,-0.269324455,0.221,0.028247579,0.8369,-1,31,68.4,2025-01-14 13:43:04.671100,0.3267902497135426,0.4462698234997058,X
2054,-0.0304,-0.277845036,0.2301,0.018337772,0.7288,-1,31,68.5,2025-01-14 13:43:04.817700,0.3245905354271701,-0.1425141003535027,O
2057,-0.0333,-0.287476998,0.2321,0.004538136,0.8328,-1,31,68.6,2025-01-14 13:43:04.882000,0.3221424291438788,-0.1538966569292965,O
2060,-0.029,-0.294330508,0.2252,-0.000833535,0.855,-1,31,68.7,2025-01-14 13:43:04.974700,0.2680914090926129,0.1638880870322785,O
2063,-0.0264,-0.297942494,0.2226,-0.009168886,0.866,-1,31,68.8,2025-01-14 13:43:05.063700,0.2471914006941988,0.2718386330852955,X
2066,-0.035,-0.291552058,0.2081,-0.005464286,0.8736,-1,31,68.9,2025-01-14 13:43:05.184600,0.2381716924856811,0.2892636253428309,X
2069,-0.0402,-0.289144068,0.2004,-0.007501816,0.9029,-1,31,69.0,2025-01-14 13:43:05.274400,0.167980428553686,0.3820582854137546,X
2072,-0.0383,-0.288403148,0.199,-0.004352906,0.894,-1,31,69.1,2025-01-14 13:43:05.365200,0.1365719307409388,0.42901973421723,X
2075,-0.0353,-0.284791162,0.1995,0.00129661,0.8949,-1,31,69.2,2025-01-14 13:43:05.485400,0.1268680973570964,0.4593495318250176,X
2078,-0.0386,-0.283401937,0.1968,0.000277845,0.8803,-1,31,69.3,2025-01-14 13:43:05.576000,0.1225061579643247,0.4684003684297166,X
2081,-0.0434,-0.285717312,0.1874,-0.002315375,0.8919,-1,31,69.4,2025-01-14 13:43:05.666900,0.1182509266005835,0.4676296967464909,X
2084,-0.0459,-0.281827482,0.1826,-0.009631961,0.8645,-1,31,69.5,2025-01-14 13:43:05.844500,0.2469866762616625,0.2295799120009599,O
2087,-0.0487,-0.270806295,0.177,-0.009817191,0.8404,-1,31,69.6,2025-01-14 13:43:05.878500,0.111566228825158,0.3284264591407121,X
2090,-0.0565,-0.266360775,0.171,-0.010928571,0.8442,-1,31,69.7,2025-01-14 13:43:05.968800,0.0488850529382823,0.3829947923205912,X
2093,-0.0701,-0.261730024,0.1614,-0.001944915,0.8362,-1,31,69.8,2025-01-14 13:43:06.090700,-0.0080989404384895,0.4540476001149513,X
2096,-0.0739,-0.259507264,0.1564,0.006112591,0.8236,-1,31,69.9,2025-01-14 13:43:06.181200,-0.0222144230300013,0.4625020576820596,X
2099,-0.0728,-0.239780266,0.1575,0.012873487,0.789,-1,31,70.0,2025-01-14 13:43:06.272000,-0.0278808916393056,0.4571024732640837,X
2102,-0.0718,-0.22987046,0.1564,0.019356538,0.8514,-1,31,70.1,2025-01-14 13:43:06.362000,-0.0311785048351619,0.4488672983401831,X
2105,-0.0664,-0.224128329,0.1574,0.019726998,0.8738,-1,31,70.2,2025-01-14 13:43:06.481900,-0.0310969920483147,0.4423293623557182,X
2108,-0.0585,-0.221164649,0.1679,0.028340194,0.838,-1,31,70.3,2025-01-14 13:43:06.574400,-0.0265072168765818,0.4371866394355116,X
2111,-0.0539,-0.213477603,0.1717,0.031581719,0.6782,-1,31,70.4,2025-01-14 13:43:06.663600,-0.0187165778201027,0.4295680716101259,X
2117,-0.0171,0.045566586,0.3048,0.442977603,0.2607,-1,43,70.6,2025-01-14 13:43:06.875400,-0.0203444145624731,0.3922259376752518,O
2120,-0.0485,-0.197177361,0.1759,0.049919492,0.3228,-1,43,70.7,2025-01-14 13:43:06.966100,-0.0282638781697993,0.3693024876329822,X
2123,-0.0137,0.048437651,0.3323,0.463075061,0.5697,-1,43,70.8,2025-01-14 13:43:07.087400,-0.0369811701692523,0.3495635621475785,O
2126,-0.0584,-0.194676755,0.173,0.050475182,0.5111,-1,43,70.9,2025-01-14 13:43:07.178300,-0.0404767744058228,0.3375517559351922,X
2129,0.0054,0.045473971,0.3552,0.463075061,0.4563,-1,43,71.0,2025-01-14 13:43:07.267000,-0.043826191784173,0.3222159212974977,O
2132,-0.0627,-0.201530266,0.1674,0.042325061,0.301,-1,43,71.1,2025-01-14 13:43:07.418200,0.1462169123953259,-0.2746541699101315,O
2135,0.0124,0.045844431,0.3292,0.460389225,0.3097,-1,43,71.2,2025-01-14 13:43:07.480200,0.212457361293699,-0.4252748400588148,X
2138,0.0289,0.0401023,0.2487,0.321281477,0.4437,-1,43,71.3,2025-01-14 13:43:07.569600,0.2379781729197849,-0.4569103066853043,X
2142,0.1825,0.137996368,0.2951,0.325541768,0.3197,-1,43,71.4,2025-01-14 13:43:07.690700,0.2423101628559297,-0.4678251765421454,X
2146,0.0176,0.046122276,0.345,0.45696247,0.41,-1,43,71.5,2025-01-14 13:43:07.781900,0.2235675625184433,-0.4944327493701399,X
2149,0.0277,0.049178571,0.2624,0.333784504,0.3318,-1,43,71.6,2025-01-14 13:43:07.871100,0.2149779326958216,-0.5124068637298311,X
2150,0.0252,0.048900726,0.2639,0.333877119,0.2957,-1,43,71.7,2025-01-14 13:43:07.962600,0.2125746458790907,-0.5207200736301417,X
2154,0.0345,0.057884383,0.2629,0.334154964,0.3082,-1,43,71.8,,,,X
2156,0.0305,0.045196126,0.2964,0.370460048,0.2776,-1,43,71.9,2025-01-14 13:43:08.202700,0.2145569648089694,-0.4286825708051883,X
2159,-0.0129,0.047233656,0.3676,0.463075061,0.2756,-1,43,72.0,2025-01-14 13:43:08.265000,0.1399037554314803,-0.1362441861762825,O
2162,-0.0207,0.046585351,0.3681,0.463075061,0.2662,-1,43,72.1,2025-01-14 13:43:08.385400,0.0711474474580763,0.1589149423988528,O
2165,0.0048,0.036305085,0.3935,0.463075061,0.737,-1,43,72.2,2025-01-14 13:43:08.476800,0.055443041474133,0.2330126836917189,O
2168,0.0534,0.042510291,0.248,0.295534504,0.2594,-1,43,72.3,2025-01-14 13:43:08.566300,0.0341553865773235,0.3340859567035795,O
2171,0.0153,0.018800847,0.3823,0.460759685,0.507,-1,43,72.4,2025-01-14 13:43:08.688200,0.0309722410424419,0.3646837761186119,O
2174,-0.0668,0.028062349,0.3665,0.45566586,0.316,-1,43,72.5,2025-01-14 13:43:08.780000,0.0433771279560164,0.3618667570651735,O
2177,0.0454,0.012317797,0.3861,0.440754843,0.3142,-1,43,72.6,2025-01-14 13:43:08.869500,0.2162490043900037,-0.224914239996875,O
2180,0.0313,0.0,0.3103,0.42149092,0.4911,-1,43,72.7,2025-01-14 13:43:08.988600,0.2665469177087365,-0.3785239549067695,X
2184,0.0872,-0.015096247,0.3961,0.403430993,0.3469,-1,43,72.8,2025-01-14 13:43:09.081900,0.2800861664716459,-0.3702403023885852,X
2186,0.0966,-0.032970944,0.4146,0.410284504,0.3565,-1,43,72.9,2025-01-14 13:43:09.170600,0.3351249949996971,-0.3554220271028114,X
2189,0.2677,0.033341404,0.4119,0.283494552,0.3177,-1,43,73.0,2025-01-14 13:43:09.261100,0.3833908481581396,-0.347584525393889,X
2192,0.0359,-0.032044794,0.4109,0.408710048,0.3868,-1,43,73.1,2025-01-14 13:43:09.382700,0.3959346440025373,-0.3366800311372633,X
2195,0.0547,-0.042602906,0.3977,0.415563559,0.4545,-1,43,73.2,2025-01-14 13:43:09.473100,0.3857173764024668,-0.3359097954036264,X
2198,0.0566,-0.056865617,0.3948,0.390001816,0.6404,-1,43,73.3,2025-01-14 13:43:09.563300,0.3750966288849731,-0.3325607434719163,X
2201,0.0421,-0.058717918,0.3961,0.387964286,0.5776,-1,43,73.4,2025-01-14 13:43:09.684100,0.3622718736275345,-0.3236755677109925,X
2204,-0.003,-0.318873487,0.2602,-0.086872881,0.5397,-1,43,73.5,2025-01-14 13:43:09.775700,0.3592770326832344,-0.3214653032953603,O
2207,0.0664,-0.065756659,0.4166,0.374905569,0.4146,-1,43,73.6,2025-01-14 13:43:09.866000,0.3610563026746538,-0.3181681293647272,X
2210,0.0543,-0.0765,0.4122,0.366477603,0.463,-1,43,73.7,2025-01-14 13:43:09.985900,0.3379267352516202,-0.3357049862867696,X
2258,-0.2269,0.050012107,-0.2086,0.080667676,0.2698,-1,43,75.3,,,,X
2261,-0.2255,0.183933414,-0.1113,0.463075061,0.3206,-1,43,75.4,2025-01-14 13:43:11.681000,-0.6660663860074464,0.1931548764972253,X
2277,-0.1986,0.185322639,-0.0712,0.463075061,0.368,-1,43,75.9,2025-01-14 13:43:12.161900,-0.4962348506537883,0.2193054084952277,X
2279,-0.1923,0.196899516,-0.0685,0.463075061,0.6961,-1,43,76.0,2025-01-14 13:43:12.283000,-0.5179983668121485,0.2401408605435629,X
2282,-0.1987,0.192083535,-0.0587,0.463075061,0.4198,-1,43,76.1,2025-01-14 13:43:12.373100,-0.5325100304500106,0.2652652979942135,X
2285,-0.202,0.195695521,-0.0681,0.463075061,0.4586,-1,43,76.2,2025-01-14 13:43:12.464200,-0.5429754806102401,0.2861964584152919,X
2288,-0.207,0.19328753,-0.0886,0.463075061,0.6101,-1,43,76.3,2025-01-14 13:43:12.585300,-0.5517651225383066,0.3114960080968046,X
2292,-0.2039,0.19328753,-0.0868,0.463075061,0.2504,-1,43,76.4,2025-01-14 13:43:12.672500,-0.5968101524888103,0.3159118286725092,X
2294,-0.2031,0.197640436,-0.0867,0.463075061,0.4144,-1,43,76.5,2025-01-14 13:43:12.823900,-0.6000162104051953,0.2309489593708935,X
2317,-0.2408,0.210328692,-0.0164,0.463075061,0.348,-1,43,77.2,2025-01-14 13:43:13.490600,-0.0694491247742535,-0.085908400364942,X
2318,-0.2503,0.204957022,-0.0201,0.463075061,0.4955,-1,43,77.3,,,,X
2331,-0.2132,0.159019976,-0.085,0.463075061,0.4411,-1,43,77.7,2025-01-14 13:43:13.974200,-0.5966754846523696,0.3685527415300227,X
2333,-0.2171,0.158742131,-0.0963,0.46029661,0.2709,-1,43,77.8,2025-01-14 13:43:14.065300,-0.5793037526250281,0.3530431373861998,X
2376,-0.1056,0.234408596,0.0166,0.463075061,0.2586,-1,43,79.2,2025-01-14 13:43:15.484400,-0.1865460548292872,0.2100036916211187,O
2424,-0.3534,0.237279661,-0.291,0.34425,0.2886,-1,43,80.8,2025-01-14 13:43:17.084600,-0.8788249173614906,0.8484837150159176,X
2489,0.3701,-0.164021186,0.4994,0.215885593,0.525,-1,43,83.0,2025-01-14 13:43:19.291000,0.985435767735471,0.4041387833309618,X
2492,0.353,-0.134291768,0.4998,0.217923123,0.5598,-1,43,83.1,2025-01-14 13:43:19.380300,0.963519572179342,0.4212570414577598,X
2495,0.3542,-0.137533293,0.4999,0.224220944,0.2721,-1,43,83.2,2025-01-14 13:43:19.471900,0.9403336662679688,0.434323322535734,X
2516,0.3096,-0.193380145,0.4363,0.251820218,0.2824,-1,43,83.9,2025-01-14 13:43:20.170700,0.6892969019486203,0.2706401204755409,X
2532,0.3766,-0.160316586,0.4993,0.361754237,0.2754,-1,43,84.4,2025-01-14 13:43:20.680500,0.7832637409887213,-0.3722757510190757,X
2535,0.3843,-0.146794794,0.4994,0.408895278,0.2758,-1,43,84.5,2025-01-14 13:43:20.771900,0.7811617289507152,-0.3758718119878462,X
2622,0.021,-0.149202785,0.1111,0.032878329,0.2901,-1,43,87.4,2025-01-14 13:43:23.670900,-0.5814336197520646,0.0781653427749552,X
2626,0.0027,-0.123826271,0.0848,0.037046005,0.4835,-1,43,87.5,2025-01-14 13:43:23.761900,-0.5648296828855193,0.2133499185994928,X
2627,-0.0021,-0.11697276,0.0782,0.044640436,0.37,-1,43,87.6,2025-01-14 13:43:23.883000,-0.5502903735953864,0.2487902398908523,X
2644,-0.2577,0.091874092,-0.1767,0.240335956,0.3257,-1,43,88.1,2025-01-14 13:43:24.364800,-0.6572020798745726,0.2929019734217231,X
2645,-0.2576,0.091874092,-0.1768,0.240521186,0.3296,-1,43,88.2,2025-01-14 13:43:24.485300,-0.7770780262931097,0.3271417157022765,X
2686,-0.3128,0.219312349,-0.1107,0.38287046,0.3018,-1,43,89.5,2025-01-14 13:43:25.784600,-0.597606954640815,0.2910797041401959,X
2687,-0.308,0.225424939,-0.1105,0.38287046,0.527,-1,43,89.6,2025-01-14 13:43:25.876400,-0.5776629203317227,0.2926740589766555,X
2832,0.0737,0.075110775,0.0966,0.423621065,0.262,-1,43,94.4,2025-01-14 13:43:30.677500,0.529046888911182,-0.4029523029298602,X
2899,-0.5,0.122159201,-0.0053,0.463075061,0.6621,-1,43,96.6,2025-01-14 13:43:32.882600,0.0094674525850882,-0.076453525681267,O
2900,-0.4988,0.126975182,-0.0323,0.463075061,0.6952,-1,43,96.7,,,,X
2903,-0.4989,0.100950363,-0.0305,0.463075061,0.7882,-1,43,96.8,2025-01-14 13:43:33.091900,-0.3341781314094194,-0.6480782121463228,X
2906,-0.5,0.152166465,-0.0581,0.463075061,0.7424,-1,43,96.9,2025-01-14 13:43:33.185300,-0.4469022313601808,0.096855042227821,O
2909,-0.5,0.196436441,-0.0787,0.463075061,0.6771,-1,43,97.0,2025-01-14 13:43:33.276100,-0.5560561675879442,0.0294622579259123,O
2912,-0.5,0.195325061,-0.0583,0.463075061,0.8234,-1,43,97.1,2025-01-14 13:43:33.367100,-0.6757164988624443,-0.2199852195651384,X
2915,-0.5,0.194121065,-0.0385,0.463075061,0.7924,-1,43,97.2,2025-01-14 13:43:33.487700,-0.6854918548996998,-0.2945662545722392,X
2918,-0.4997,0.164299031,-0.0291,0.463075061,0.7904,-1,43,97.3,2025-01-14 13:43:33.577000,-0.6629134203096273,-0.2972728911897725,X
2921,-0.4995,0.146609564,-0.0287,0.462889831,0.6861,-1,43,97.4,2025-01-14 13:43:33.668500,-0.6370778252338205,-0.2956596161411555,X
2924,-0.491,0.132717312,-0.2121,0.440384383,0.5303,-1,43,97.5,2025-01-14 13:43:33.789100,-0.6114452790964732,-0.2883848381615621,X
2927,-0.4993,0.133458232,-0.1097,0.463075061,0.8243,-1,43,97.6,,,,X
2930,-0.4988,0.134569613,-0.0168,0.463075061,0.8098,-1,43,97.7,2025-01-14 13:43:33.969200,-0.6694566435539241,-0.4683504957967483,X
2933,-0.499,0.127253027,-0.0531,0.463075061,0.6532,-1,43,97.8,2025-01-14 13:43:34.061600,-0.6803721733105942,-0.4426500468732997,X
2936,-0.4997,0.138366828,-0.2809,0.45733293,0.6756,-1,43,97.9,2025-01-14 13:43:34.181700,-0.6870783383538815,-0.3365796755419027,X
2939,-0.5,0.138644673,-0.2701,0.436031477,0.5552,-1,43,98.0,2025-01-14 13:43:34.273300,-0.6805043279059194,-0.30186152218251,X
2942,-0.4991,0.11123063,0.0133,0.463075061,0.7568,-1,43,98.1,2025-01-14 13:43:34.364800,-0.6749960364093242,-0.2886127526066296,X
2945,-0.4981,0.096041768,-0.0145,0.463075061,0.5626,-1,43,98.2,2025-01-14 13:43:34.484300,-0.6682348942166344,-0.2853764372386045,X
2948,-0.4859,0.083538741,0.0253,0.463075061,0.6382,-1,43,98.3,2025-01-14 13:43:34.575200,-0.6571784135207346,-0.2670698677224318,X
2951,-0.4965,0.0783523,-0.0261,0.463075061,0.601,-1,43,98.4,2025-01-14 13:43:34.665400,-0.6482486584004771,-0.261290396832704,X
2954,-0.499,0.069183414,-0.0746,0.463075061,0.5697,-1,43,98.5,2025-01-14 13:43:34.786900,-0.4082296289764973,-0.3993391527372053,X
2957,-0.4977,0.066682809,-0.25,0.342119855,0.7573,-1,43,98.6,2025-01-14 13:43:34.876800,-0.349277265158038,-0.4191503586644456,X
2960,-0.4994,0.054735472,-0.2597,0.30618523,0.5547,-1,43,98.7,2025-01-14 13:43:34.967700,-0.3355915153817688,-0.4155617960286039,X
2963,-0.4997,0.042325061,-0.1028,0.461685835,0.6838,-1,43,98.8,2025-01-14 13:43:35.088600,-0.3282608099212707,-0.4046871207238576,X
2966,-0.4989,0.03658293,-0.1094,0.463075061,0.6567,-1,43,98.9,2025-01-14 13:43:35.179900,-0.3295712557262629,-0.3954415890327638,X
2969,-0.4995,0.087799031,-0.1408,0.463075061,0.8841,-1,43,99.0,2025-01-14 13:43:35.269900,-0.3321564383687307,-0.3892402933208336,X
2972,-0.4991,0.11363862,-0.1205,0.463075061,0.7033,-1,43,99.1,2025-01-14 13:43:35.390700,-0.3688709117682726,-0.3866540659797495,X
2975,-0.4993,0.068442494,-0.1766,0.463075061,0.8067,-1,43,99.2,2025-01-14 13:43:35.482200,-0.5084660621344412,-0.3877837857443785,X
2978,-0.3352,0.180691889,-0.2358,0.461871065,0.4855,-1,43,99.3,2025-01-14 13:43:35.572000,-0.5665137638696878,-0.3835001450840231,X
2981,-0.3406,0.184766949,-0.2337,0.463075061,0.5115,-1,43,99.4,2025-01-14 13:43:35.663300,-0.5853877857738407,-0.3837522983262325,X
2984,-0.499,0.122344431,-0.2186,0.463075061,0.709,-1,43,99.5,,,,X
2987,-0.3409,0.217182203,-0.2355,0.463075061,0.3554,-1,43,99.6,2025-01-14 13:43:35.872800,-0.6552012257914669,-0.713512240069417,X
2990,-0.3475,0.22690678,-0.2383,0.463075061,0.5746,-1,43,99.7,2025-01-14 13:43:35.964500,-0.6536347435478295,-0.6309794845611068,X
2993,-0.4989,0.139200363,-0.058,0.463075061,0.6518,-1,43,99.8,2025-01-14 13:43:36.085400,-0.6425412972638553,-0.501069645911281,X
2996,-0.4985,0.150684625,-0.0772,0.463075061,0.4693,-1,43,99.9,2025-01-14 13:43:36.177400,-0.639834850737563,0.0502502525020019,O
2999,-0.4921,0.162076271,-0.0549,0.463075061,0.5373,-1,43,100.0,2025-01-14 13:43:36.266600,-0.6482591302384585,0.2307352917583905,O
3002,-0.4943,0.169115012,-0.1844,0.463075061,0.5349,-1,43,100.1,2025-01-14 13:43:36.388000,-0.6556720396271105,0.2651257941257712,O
3005,-0.4899,0.169670702,-0.1415,0.463075061,0.6386,-1,43,100.2,2025-01-14 13:43:36.478100,-0.6412842578325684,0.3095018874873401,O
3008,-0.4969,0.179950969,-0.0624,0.463075061,0.7416,-1,43,100.3,2025-01-14 13:43:36.568600,-0.6159339277288197,0.3770123433022799,O
3011,-0.4937,0.182451574,-0.0665,0.463075061,0.682,-1,43,100.4,2025-01-14 13:43:36.661000,-0.6051658414509278,0.4058486648084752,O
3014,-0.4904,0.18773063,-0.0665,0.463075061,0.6546,-1,43,100.5,2025-01-14 13:43:36.780700,-0.5973221206477209,0.4179613497557288,O
3017,-0.4769,0.19458414,-0.0639,0.463075061,0.5569,-1,43,100.6,2025-01-14 13:43:36.872000,-0.5943396364722389,0.4216704960478555,O
3020,-0.4656,0.200233656,-0.1711,0.461500605,0.7988,-1,43,100.7,2025-01-14 13:43:37.049100,-0.5295004242141568,-0.7583078041254083,X
3023,-0.4644,0.204957022,-0.1715,0.461500605,0.8102,-1,43,100.8,2025-01-14 13:43:37.080500,-0.6946606820810726,-0.591578622287696,X
3026,-0.4661,0.205790557,-0.1265,0.463075061,0.5749,-1,43,100.9,2025-01-14 13:43:37.173000,-0.7015662309195259,-0.430631003897738,X
3029,-0.4456,0.219682809,-0.1996,0.46048184,0.6732,-1,43,101.0,2025-01-14 13:43:37.264700,-0.6787661075193872,-0.228631059001766,X
3032,-0.4421,0.222183414,-0.1066,0.463075061,0.6111,-1,43,101.1,2025-01-14 13:43:37.384600,-0.5712437883675054,0.267319841216697,O
3035,-0.4324,0.222183414,-0.0536,0.463075061,0.7254,-1,43,101.2,2025-01-14 13:43:37.474600,-0.5546684396186492,0.3766682046968164,O
3038,-0.4306,0.226999395,-0.0516,0.463075061,0.6929,-1,43,101.3,2025-01-14 13:43:37.566700,-0.5479482423124669,0.3980554555777833,O
3041,-0.4275,0.225054479,-0.051,0.463075061,0.5161,-1,43,101.4,2025-01-14 13:43:37.687800,-0.5420486182305067,0.4054727890729411,O
3044,-0.4219,0.228296005,-0.0692,0.463075061,0.5169,-1,43,101.5,,,,X
3047,-0.4197,0.2276477,-0.0431,0.463075061,0.6439,-1,43,101.6,2025-01-14 13:43:37.897000,-0.5949680514695026,0.3241015776492483,O
3050,-0.4193,0.219960654,-0.0404,0.463075061,0.683,-1,43,101.7,2025-01-14 13:43:37.990300,-0.5386787807680926,0.2998132566341066,O
3053,-0.4198,0.221535109,-0.0399,0.463075061,0.7608,-1,43,101.8,2025-01-14 13:43:38.078400,-0.5323061437645127,0.2993021493361012,O
3067,-0.2218,0.207735472,-0.032,0.436216707,0.4539,-1,43,102.2,2025-01-14 13:43:38.472000,-0.1458411304893638,-0.0657401517244072,X
3090,-0.2048,0.214311138,-0.0097,0.454461864,0.3803,-1,43,103.0,,,,X
3098,-0.2036,0.181988499,-0.0006,0.427047821,0.4514,-1,43,103.3,2025-01-14 13:43:39.589800,-0.108234875367326,-0.1654433921202633,X
3114,-0.1906,0.139941283,0.0191,0.400930387,0.2623,-1,43,103.8,2025-01-14 13:43:40.073300,-0.0854493601811713,0.045538596535282,O
3122,-0.1823,0.110397094,0.0033,0.398059322,0.3839,-1,43,104.1,,,,X
3156,0.06,0.006853511,0.4023,0.463075061,0.424,-1,43,105.2,,,,X
3163,0.1499,0.351473971,0.2988,0.463075061,0.5925,-1,43,105.4,2025-01-14 13:43:41.674300,-0.0101454726788701,-0.1788911290885095,X
3164,0.1503,0.351659201,0.2979,0.463075061,0.6614,-1,43,105.5,2025-01-14 13:43:41.763900,-0.0469442967333522,-0.0218102091721002,X
3167,0.1484,0.351103511,0.3014,0.463075061,0.4929,-1,43,105.6,2025-01-14 13:43:41.885300,-0.0603111507691252,0.0604434514094077,X
3170,0.1557,0.357586562,0.2926,0.463075061,0.331,-1,43,105.7,2025-01-14 13:43:41.976300,-0.0320508508263643,0.0523586790936713,X
3173,0.1553,0.366199758,0.2902,0.463075061,0.3336,-1,43,105.8,2025-01-14 13:43:42.066800,0.1212206351337283,-0.0335380378222887,X
3179,0.1604,0.377128329,0.2924,0.463075061,0.3139,-1,43,106.0,2025-01-14 13:43:42.277500,0.2380043525147384,-0.0941956276697551,X
3182,0.1633,0.380925545,0.2911,0.463075061,0.3609,-1,43,106.1,2025-01-14 13:43:42.368100,0.2437651200250651,-0.1053167016821375,X
3185,0.1689,0.385000605,0.2911,0.463075061,0.2941,-1,43,106.2,2025-01-14 13:43:42.489100,0.2325513523226848,-0.0207248690756193,X
3188,0.1667,0.38564891,0.2923,0.463075061,0.4388,-1,43,106.3,2025-01-14 13:43:42.580400,0.2053699166295089,0.1853547356680702,O
3191,0.168,0.389446126,0.2902,0.463075061,0.459,-1,43,106.4,2025-01-14 13:43:42.670000,0.1911096818215802,0.2507301283714598,O
3194,0.1701,0.392131961,0.2903,0.463075061,0.398,-1,43,106.5,2025-01-14 13:43:42.793100,0.188776346882565,0.261037022931646,O
3197,0.1685,0.394539952,0.2899,0.463075061,0.4493,-1,43,106.6,2025-01-14 13:43:42.881900,0.1968859476521194,0.2259919509755507,O
3200,0.1718,0.397503632,0.2868,0.463075061,0.2899,-1,43,106.7,2025-01-14 13:43:42.972500,0.2386120332727989,0.0354438350450459,X
3203,-0.0045,0.226443705,0.3058,0.463075061,0.4582,-1,43,106.8,2025-01-14 13:43:43.062700,0.2535260249259063,-0.0454337070641967,X
3206,-0.0004,0.235705206,0.3066,0.463075061,0.7235,-1,43,106.9,2025-01-14 13:43:43.184000,0.2589089685218642,-0.0974808565816529,X
3209,-0.363,0.147813559,0.3035,0.463075061,0.7488,-1,43,107.0,2025-01-14 13:43:43.274800,0.0847291071648104,-0.2993750401073621,X
3212,-0.3575,0.155130145,0.3021,0.463075061,0.7069,-1,43,107.1,2025-01-14 13:43:43.364200,-0.0204018316501251,-0.4176099743870897,X
3217,-0.0117,0.239409806,0.3025,0.463075061,0.27,-1,43,107.2,,,,X
3219,-0.323,0.172263923,0.2168,0.463075061,0.5242,-1,43,107.3,2025-01-14 13:43:43.604400,-0.2287851557926753,-0.550030621099123,X
3221,-0.3198,0.174857143,0.1663,0.463075061,0.615,-1,43,107.4,2025-01-14 13:43:43.666600,-0.2310825723274143,-0.5089222314759787,X
3224,-0.3134,0.185230024,0.1713,0.463075061,0.7461,-1,43,107.5,2025-01-14 13:43:43.787800,-0.2614479703588344,-0.4669751620337431,X
3227,-0.3091,0.19476937,0.1618,0.463075061,0.8194,-1,43,107.6,2025-01-14 13:43:43.878500,-0.2704697729349484,-0.4533505167223286,X
3230,-0.3153,0.202178571,0.1739,0.463075061,0.8045,-1,43,107.7,2025-01-14 13:43:43.969100,-0.1224102778157674,-0.345837849771074,X
3233,-0.3233,0.204216102,0.1778,0.463075061,0.8088,-1,43,107.8,2025-01-14 13:43:44.090100,0.2292569120937369,-0.1100974120637364,X
3236,-0.325,0.211162228,0.1779,0.463075061,0.7703,-1,43,107.9,2025-01-14 13:43:44.180500,0.2641481337823376,-0.0784195711372075,X
3239,-0.3186,0.230703995,0.1811,0.463075061,0.7084,-1,43,108.0,2025-01-14 13:43:44.272100,0.262143823992698,0.086089092750542,O
3242,-0.3103,0.250616223,0.1931,0.463075061,0.718,-1,43,108.1,2025-01-14 13:43:44.361800,0.2688228669756136,0.1296368208602925,O
3245,-0.3016,0.284883777,0.0197,0.463075061,0.6738,-1,43,108.2,2025-01-14 13:43:44.484100,0.2801770620253244,0.1511249591951186,X
3248,-0.4635,-0.278308111,-0.2264,0.046677966,0.298,-1,43,108.3,2025-01-14 13:43:44.629300,-0.0793620074597186,-0.0024482057012439,O
3255,-0.4937,-0.204771792,-0.2502,0.07575908,0.3771,-1,43,108.5,2025-01-14 13:43:44.785500,-0.5307304463034518,0.355017901833918,X
3257,-0.4943,-0.235705206,-0.2422,0.081223366,0.7394,-1,43,108.6,2025-01-14 13:43:44.876300,-0.5814396934180939,0.385631066674479,X
3260,-0.4924,-0.177820823,-0.2389,0.100765133,0.5837,-1,43,108.7,2025-01-14 13:43:44.965700,-0.6016223809147822,0.3684306756451357,X
3263,-0.4856,-0.183655569,-0.2284,0.106507264,0.5941,-1,43,108.8,2025-01-14 13:43:45.088000,-0.6239184947528762,0.3271377921559766,O
3266,-0.4863,-0.202085956,-0.2247,0.11215678,0.3373,-1,43,108.9,2025-01-14 13:43:45.179200,-0.6280375922228593,0.3144252405744212,O
3270,-0.4669,-0.159390436,-0.2318,0.11604661,0.4628,-1,43,109.0,,,,X
3272,-0.4671,-0.15096247,-0.2251,0.118176755,0.7347,-1,43,109.1,2025-01-14 13:43:45.387300,-0.6097029746931281,0.0486918199116662,O
3276,-0.472,-0.319521792,-0.2085,0.133550847,0.2565,-1,43,109.2,2025-01-14 13:43:45.480000,-0.5788685430385212,0.0895468181957686,O
3295,-0.4954,-0.127067797,-0.2398,0.169855932,0.38,-1,43,109.8,,,,X
3305,-0.4962,-0.118917676,-0.2267,0.18773063,0.5883,-1,43,110.2,,,,X
3321,-0.4998,-0.147072639,-0.2297,0.195602906,0.5076,-1,45,110.7,2025-01-14 13:43:46.989500,-0.685228802329607,0.2843332098724098,O
3325,-0.4977,-0.273955206,-0.1801,0.195232446,0.2547,-1,45,110.8,2025-01-14 13:43:47.080500,-0.5520829428210421,0.3107758193759714,O
3441,0.0402,0.169115012,0.1537,0.463075061,0.2714,-1,45,114.7,2025-01-14 13:43:50.976100,0.2110864929835542,-0.0852186409254127,X
3449,0.0187,0.30748184,0.1553,0.463075061,0.3718,-1,45,115.0,2025-01-14 13:43:51.279300,0.1571855343705616,-0.0191421976881417,X
3454,0.0216,0.282105327,0.145,0.463075061,0.3021,-1,45,115.1,2025-01-14 13:43:51.370500,0.1343443613655358,-0.0181104793910934,X
3457,0.0102,0.309426755,0.1312,0.46140799,0.808,-1,45,115.2,2025-01-14 13:43:51.461000,0.1260452203285181,-0.0503169527891007,X
3458,0.0026,0.326653148,0.1235,0.463075061,0.8618,-1,45,115.3,2025-01-14 13:43:51.638600,0.1357847626798771,-0.2060173075474382,X
3461,-0.0168,0.38342615,0.1285,0.463075061,0.4621,-1,45,115.4,2025-01-14 13:43:51.672000,0.1396578766756771,-0.2256716588125987,X
3508,-0.4977,0.181988499,-0.1354,0.463075061,0.4401,-1,45,116.9,,,,X
3509,-0.4978,0.182358959,-0.1466,0.463075061,0.6084,-1,45,117.0,2025-01-14 13:43:53.303400,-0.1978718711980684,-1.0,X
3515,-0.4213,0.174116223,-0.122,0.455202785,0.275,-1,45,117.2,2025-01-14 13:43:53.484100,-0.0452949927231199,-0.6030666786639993,X
3529,-0.3646,0.288403148,-0.0861,0.463075061,0.2638,-1,45,117.6,2025-01-14 13:43:53.876800,-0.1976783516321722,-0.595066131808835,X
3530,-0.3645,0.279419492,-0.1171,0.463075061,0.597,-1,45,117.7,2025-01-14 13:43:53.967500,-0.2574702427016003,-0.586021136928627,X
3538,-0.3539,0.240984262,-0.1474,0.463075061,0.4389,-1,45,117.9,2025-01-14 13:43:54.178400,-0.3887453083547885,-0.551664211398582,X
3540,-0.3492,0.219682809,-0.1138,0.463075061,0.6969,-1,45,118.0,2025-01-14 13:43:54.329100,-0.4129294945809287,-0.6411562917639706,X
3542,-0.3427,0.223387409,-0.1356,0.463075061,0.5391,-1,45,118.1,2025-01-14 13:43:54.391200,-0.4157824421205808,-0.6432428336862781,X
3545,0.0817,0.315076271,0.1678,0.463075061,0.3774,-1,45,118.2,2025-01-14 13:43:54.481800,-0.4088750083512909,-0.5962011701584484,X
3548,-0.3231,0.184674334,-0.1384,0.445200363,0.4826,-1,45,118.3,2025-01-14 13:43:54.571900,-0.3950563709510377,-0.513598662715917,X
3551,-0.3153,0.173282688,-0.1257,0.454091404,0.4501,-1,45,118.4,2025-01-14 13:43:54.663100,-0.4167152734479638,-0.5034864632421256,X
3554,-0.3079,0.163558111,-0.1308,0.398892857,0.3764,-1,45,118.5,2025-01-14 13:43:54.784800,-0.4440129465427332,-0.5065746429398487,X
3557,-0.3081,0.142164044,-0.1328,0.392131961,0.3846,-1,45,118.6,2025-01-14 13:43:54.874700,-0.4513984197158739,-0.4935772418969177,X
3560,-0.3668,0.122344431,-0.1177,0.463075061,0.5829,-1,45,118.7,2025-01-14 13:43:54.965300,-0.4541824625616085,-0.4768398293309672,X
3563,-0.3519,0.110674939,-0.1187,0.463075061,0.585,-1,45,118.8,2025-01-14 13:43:55.086300,-0.4547060544606784,-0.4501422765078274,X
3566,-0.4294,0.079556295,-0.1085,0.463075061,0.5729,-1,45,118.9,2025-01-14 13:43:55.176800,-0.4537642173526315,-0.4252710908923504,X
3569,-0.3678,0.090114407,-0.1142,0.463075061,0.6393,-1,45,119.0,2025-01-14 13:43:55.267800,-0.4523381624563247,-0.4017168217949682,X
3572,-0.416,0.07390678,-0.1073,0.463075061,0.6308,-1,45,119.1,2025-01-14 13:43:55.388700,-0.4573470519995871,-0.4129810616523396,X
3575,-0.4476,0.065571429,-0.0929,0.463075061,0.8156,-1,45,119.2,2025-01-14 13:43:55.478700,-0.4609841307672863,-0.4230508868260916,X
3578,-0.4743,0.07872276,-0.1133,0.463075061,0.7901,-1,45,119.3,2025-01-14 13:43:55.567900,-0.4632313871980944,-0.4263950561224062,X
3581,-0.4898,0.050197337,-0.1146,0.463075061,0.7854,-1,45,119.4,2025-01-14 13:43:55.689000,-0.465468171790921,-0.4281116512235884,X
3584,-0.4843,0.053716707,-0.1222,0.463075061,0.7249,-1,45,119.5,,,,X
3587,-0.4919,0.013614407,-0.1222,0.463075061,0.4517,-1,45,119.6,2025-01-14 13:43:55.897300,-0.5235557712288765,-0.5324079692979885,X
3590,-0.262,0.063441283,-0.1181,0.228110775,0.6196,-1,45,119.7,2025-01-14 13:43:55.961300,-0.4946656457322758,-0.4688762510009401,X
3593,-0.2586,0.065571429,-0.1286,0.225702785,0.4327,-1,45,119.8,2025-01-14 13:43:56.082200,-0.5007452807091362,-0.365006901953891,X
3596,-0.4972,0.042139831,-0.1186,0.463075061,0.812,-1,45,119.9,2025-01-14 13:43:56.172200,-0.5069281680084932,-0.2622416388356448,X
3599,-0.2577,0.049826877,-0.1236,0.23061138,0.4328,-1,45,120.0,2025-01-14 13:43:56.264400,-0.5063850984907778,-0.200217695786704,X
3602,-0.259,0.03621247,-0.1246,0.208105932,0.3144,-1,45,120.1,2025-01-14 13:43:56.385400,-0.5051138173598362,-0.1637438862429654,O
3605,-0.4219,0.033063559,-0.1162,0.45937046,0.7231,-1,45,120.2,2025-01-14 13:43:56.474700,-0.4994785024685264,-0.1456030647604857,O
3608,-0.4349,-0.020282688,-0.0932,0.453072639,0.4886,-1,45,120.3,2025-01-14 13:43:56.565900,-0.4944377785378006,-0.1342479730087914,O
3611,-0.4931,-0.001018765,-0.0906,0.433345642,0.716,-1,45,120.4,2025-01-14 13:43:56.687400,-0.4877886850115118,-0.1138517227332712,O
3614,-0.1536,0.321929782,0.098,0.463075061,0.811,-1,45,120.5,2025-01-14 13:43:56.777100,-0.4822132690334557,-0.0945745550524114,X
3617,-0.1559,0.293682203,0.1108,0.463075061,0.8621,-1,45,120.6,2025-01-14 13:43:56.867500,-0.4797779383925017,-0.0784455537327049,X
3620,-0.1577,0.274603511,0.1152,0.463075061,0.8835,-1,45,120.7,2025-01-14 13:43:56.988200,-0.4736645840973413,-0.0579123280963579,X
3623,-0.156,0.27052845,0.1184,0.463075061,0.9105,-1,45,120.8,2025-01-14 13:43:57.080000,-0.4681936770623395,-0.0483072251843542,X
3626,-0.1547,0.272195521,0.1185,0.463075061,0.88,-1,45,120.9,2025-01-14 13:43:57.170700,-0.4601230315300759,-0.0351529694793435,X
3629,-0.1499,0.265805085,0.1266,0.463075061,0.8996,-1,45,121.0,2025-01-14 13:43:57.290100,-0.4443444849332243,-0.0301833185459231,X
3632,-0.1451,0.262100484,0.1306,0.463075061,0.9043,-1,45,121.1,2025-01-14 13:43:57.380300,-0.4294847374008606,-0.0337331688582723,X
3635,-0.1392,0.252005448,0.1363,0.463075061,0.927,-1,45,121.2,2025-01-14 13:43:57.471900,-0.4185885805444561,-0.03174053047741,X
3638,-0.1367,0.249504843,0.1419,0.463075061,0.9276,-1,45,121.3,2025-01-14 13:43:57.561900,-0.4100736149266417,-0.0282428197358911,X
3641,-0.1368,0.245059322,0.1465,0.463075061,0.9327,-1,45,121.4,2025-01-14 13:43:57.682400,-0.3957067768080624,-0.0209052650154987,X
3644,-0.1322,0.247282082,0.1518,0.463075061,0.9353,-1,45,121.5,2025-01-14 13:43:57.773400,-0.3867492713171542,-0.0208304560660466,X
3647,-0.1271,0.248671308,0.1553,0.463075061,0.9338,-1,45,121.6,2025-01-14 13:43:57.864400,-0.3788206239079183,-0.0196772822135356,X
3650,-0.1245,0.250153148,0.1585,0.463075061,0.9338,-1,45,121.7,2025-01-14 13:43:58.012400,-0.4103582394829762,-0.2389640233473673,X
3653,-0.1205,0.252931598,0.1614,0.463075061,0.935,-1,45,121.8,2025-01-14 13:43:58.076100,-0.4163451986937011,-0.2609879350079376,X
3656,-0.1184,0.252838983,0.166,0.463075061,0.9332,-1,45,121.9,2025-01-14 13:43:58.167400,-0.4029463772781222,-0.2411593782870598,X
3659,-0.1166,0.249967918,0.1718,0.463075061,0.9363,-1,45,122.0,2025-01-14 13:43:58.287000,-0.3839946543361474,-0.2212043961854061,X
3662,-0.1142,0.251171913,0.1717,0.463075061,0.9392,-1,45,122.1,2025-01-14 13:43:58.378200,-0.3742010773008043,-0.2057145841529184,X
3665,-0.1119,0.259507264,0.1517,0.463075061,0.857,-1,45,122.2,2025-01-14 13:43:58.469100,-0.3657253810754202,-0.1968723058315406,X
3668,-0.1109,0.276455811,0.1827,0.463075061,0.7515,-1,45,122.3,2025-01-14 13:43:58.590000,-0.4762636942843243,-0.1864514540488207,X
3671,-0.1121,0.239317191,0.1846,0.463075061,0.8448,-1,45,122.4,2025-01-14 13:43:58.681100,-0.6989445015625031,-0.1624043875361662,X
3674,-0.111,0.232371065,0.1887,0.463075061,0.8784,-1,45,122.5,2025-01-14 13:43:58.771200,-0.7599392926608544,-0.1419190291646786,X
3677,-0.1094,0.2276477,0.1903,0.463075061,0.9013,-1,45,122.6,2025-01-14 13:43:58.861100,-0.775022613934121,-0.1318285399804135,X
3680,-0.1052,0.223202179,0.1933,0.463075061,0.8335,-1,45,122.7,2025-01-14 13:43:58.982000,-0.8049057838264976,-0.1198040040400319,X
3683,-0.1069,0.177542978,0.1958,0.463075061,0.847,-1,45,122.8,2025-01-14 13:43:59.074100,-0.8485051765436694,-0.0789238776216263,X
3686,-0.1014,0.205975787,0.1954,0.463075061,0.9049,-1,45,122.9,2025-01-14 13:43:59.162300,-0.8668774926901336,-0.0740833549564328,X
3689,-0.0993,0.240058111,0.1959,0.463075061,0.8947,-1,45,123.0,2025-01-14 13:43:59.285900,-0.8714527434225863,-0.0576413418319088,X
3692,-0.1034,0.263119249,0.194,0.463075061,0.827,-1,45,123.1,2025-01-14 13:43:59.375800,-0.8691195132019509,-0.061876766467734,X
3695,-0.097,0.236446126,0.1962,0.463075061,0.8792,-1,45,123.2,2025-01-14 13:43:59.493200,-0.8511234501941585,-0.317934983524593,X
3698,-0.0957,0.224313559,0.2041,0.463075061,0.9009,-1,45,123.3,2025-01-14 13:43:59.586800,-0.825927789137395,-0.2803999854915976,X
3701,-0.0939,0.205049637,0.2041,0.462889831,0.7952,-1,45,123.4,2025-01-14 13:43:59.678100,-0.7617829644558592,-0.1264560716268661,X
3704,-0.4988,-0.038157385,-0.1675,0.463075061,0.8537,-1,45,123.5,2025-01-14 13:43:59.768700,-0.7209345235764009,-0.0771232314397077,O
3707,-0.499,-0.033619249,-0.1434,0.463075061,0.6001,-1,45,123.6,2025-01-14 13:43:59.888800,-0.6820833763551344,-0.0549323510865955,O
3710,-0.4994,-0.050289952,-0.1424,0.457796005,0.7615,-1,45,123.7,2025-01-14 13:43:59.978400,-0.6586518011247174,-0.0448368048870994,O
3713,-0.4993,-0.03954661,-0.1556,0.432512107,0.6696,-1,45,123.8,2025-01-14 13:44:00.070600,-0.6421002234480788,-0.0403688447405645,O
3792,-0.4991,-0.46140799,-0.3715,-0.004352906,0.4368,-1,87,126.4,2025-01-14 13:44:02.669200,-0.3367716915222723,0.0362896644373949,O
3794,-0.4935,-0.067053269,0.1611,0.463075061,0.3997,-1,87,126.5,,,,X
