Unnamed: 0,x1,y1,x2,y2,confidence,cluster,new_cluster,Time (seconds)
0,-0.2552,-0.304577778,0.1745,0.307861635,0.8442,-1,1,0
1,-0.2563,-0.30629434,0.1733,0.31084696,0.865,-1,1,0.033333333
2,-0.2578,-0.301667086,0.1724,0.314503983,0.8843,-1,1,0.066666667
3,-0.2598,-0.299651992,0.172,0.328161845,0.8565,-1,1,0.1
4,-0.2596,-0.29554717,0.1719,0.32875891,0.8505,-1,1,0.133333333
5,-0.2595,-0.295472537,0.1719,0.325773585,0.8489,-1,1,0.166666667
6,-0.2573,-0.291143816,0.1722,0.332863732,0.8566,-1,1,0.2
7,-0.2548,-0.287934591,0.1729,0.338162683,0.8391,-1,1,0.233333333
8,-0.2553,-0.284949266,0.1742,0.33331153,0.8394,-1,1,0.266666667
9,-0.2554,-0.28121761,0.1754,0.344655765,0.8938,-1,1,0.3
10,-0.2551,-0.281068344,0.1754,0.3440587,0.8982,-1,1,0.333333333
11,-0.2545,-0.279277149,0.1766,0.356298532,0.9041,-1,1,0.366666667
12,-0.2528,-0.277859119,0.1781,0.354656604,0.9103,-1,1,0.4
13,-0.251,-0.279426415,0.1786,0.346148428,0.8562,-1,1,0.433333333
14,-0.251,-0.279724948,0.1786,0.345700629,0.8583,-1,1,0.466666667
15,-0.2517,-0.281441509,0.1783,0.333908595,0.8066,-1,1,0.5
16,-0.252,-0.286143396,0.1762,0.317862474,0.8113,-1,1,0.533333333
17,-0.2519,-0.288904822,0.1751,0.327191614,0.8415,-1,1,0.566666667
18,-0.2536,-0.294427673,0.1741,0.285471698,0.7962,-1,1,0.6
19,-0.253,-0.301816352,0.1733,0.309802096,0.7776,-1,1,0.633333333
20,-0.2531,-0.302338784,0.1733,0.310249895,0.7744,-1,1,0.666666667
21,-0.2542,-0.303607547,0.1722,0.308010901,0.8582,-1,1,0.7
22,-0.2554,-0.302338784,0.1709,0.304129979,0.8459,-1,1,0.733333333
23,-0.2599,-0.304503145,0.17,0.306368973,0.7524,-1,1,0.766666667
24,-0.266,-0.298233962,0.1693,0.318608805,0.4424,-1,1,0.8
25,-0.2643,-0.298233962,0.1692,0.318907338,0.4452,-1,1,0.833333333
26,-0.4885,-0.291442348,0.1702,0.344655765,0.3426,-1,1,0.866666667
27,-0.4917,-0.288457023,0.1716,0.35122348,0.261,-1,1,0.9
28,-0.4914,-0.288904822,0.1728,0.343984067,0.2537,-1,1,0.933333333
29,-0.4934,-0.286591195,0.1737,0.358537526,0.2504,-1,1,0.966666667
31,-0.2527,-0.28599413,0.1737,0.35719413,0.3973,-1,1,1.033333333
31,-0.4521,-0.284949266,0.1741,0.358462893,0.2664,-1,1,1.033333333
33,-0.2508,-0.287859958,0.1749,0.363388679,0.2565,-1,1,1.1
34,-0.4946,-0.286889727,0.1757,0.364881342,0.533,-1,1,1.133333333
35,-0.4943,-0.286740461,0.1756,0.365478407,0.5038,-1,1,1.166666667
36,-0.4949,-0.307787002,0.1758,0.358313627,0.7463,-1,1,1.2
37,-0.494,-0.304652411,0.1756,0.352641509,0.6143,-1,1,1.233333333
38,-0.4932,-0.299054927,0.1742,0.343312369,0.6741,-1,1,1.266666667
39,-0.4929,-0.301667086,0.1729,0.350850314,0.4414,-1,1,1.3
40,-0.4928,-0.301592453,0.1729,0.351298113,0.4411,-1,1,1.333333333
41,-0.4932,-0.297039832,0.1711,0.349506918,0.498,-1,1,1.366666667
42,-0.4932,-0.300398323,0.1703,0.353835639,0.6592,-1,1,1.4
43,-0.4915,-0.294427673,0.1689,0.356970231,0.7904,-1,1,1.433333333
44,-0.4919,-0.297338365,0.168,0.353462474,0.7621,-1,1,1.466666667
45,-0.492,-0.299502725,0.1679,0.353835639,0.7741,-1,1,1.5
46,-0.4936,-0.315698113,0.1684,0.347417191,0.8022,-1,1,1.533333333
47,-0.4917,-0.329878407,0.1689,0.355552201,0.801,-1,1,1.566666667
48,-0.4921,-0.285397065,0.17,0.353163941,0.5705,-1,1,1.6
49,-0.4915,-0.291516981,0.1705,0.358612159,0.474,-1,1,1.633333333
50,-0.4916,-0.287785325,0.1705,0.358910692,0.4248,-1,1,1.666666667
54,-0.4918,-0.302040252,0.1687,0.304950943,0.4462,-1,1,1.8
55,-0.4918,-0.30032369,0.1687,0.303383648,0.4876,-1,1,1.833333333
56,-0.4929,-0.29554717,0.1691,0.308607966,0.6435,-1,1,1.866666667
359,-0.4974,-0.251513627,0.1187,0.37152369,0.8458,-1,1,11.96666667
359,-0.0936,0.267410482,-0.0589,0.370478826,0.512,-1,1,11.96666667
360,-0.4978,-0.298084696,0.0842,0.37152369,0.8665,-1,1,12
360,-0.0933,0.268828512,-0.0586,0.370851992,0.5441,-1,1,12
375,-0.0557,-0.021643606,0.0293,0.059407966,0.2958,-1,9,12.5
376,0.1485,0.342491405,0.196,0.37010566,0.4652,-1,9,12.53333333
377,-0.1562,-0.015449057,0.1061,0.358089727,0.7258,-1,9,12.56666667
377,0.1815,0.351596646,0.2081,0.371374423,0.5734,-1,9,12.56666667
377,0.1532,0.340327044,0.1783,0.36532914,0.2992,-1,9,12.56666667
378,-0.1491,-0.003059958,0.1089,0.360403354,0.8637,-1,9,12.6
379,-0.1496,-0.003059958,0.109,0.360104822,0.865,-1,9,12.63333333
380,-0.4995,0.105008805,-0.418,0.371896855,0.281,-1,9,12.66666667
381,-0.4994,0.105008805,-0.418,0.371822222,0.2583,-1,9,12.7
382,-0.2237,-0.278381551,-0.0251,-0.185463312,0.8428,-1,9,12.73333333
382,-0.1322,0.011866667,0.1237,0.368015933,0.8333,-1,9,12.73333333
383,-0.2273,-0.261365199,-0.0203,-0.171357652,0.8213,-1,9,12.76666667
383,-0.1302,0.019329979,0.1342,0.368836897,0.5044,-1,9,12.76666667
384,-0.2237,-0.238602096,-0.0153,-0.153371069,0.8266,-1,9,12.8
384,-0.1378,-0.026942558,0.1494,0.37010566,0.6841,-1,9,12.8
385,-0.1257,-0.01768805,0.1593,0.371001258,0.8676,-1,9,12.83333333
385,-0.2104,-0.226212998,-0.005,-0.139190776,0.7072,-1,9,12.83333333
386,-0.1209,-0.008955975,0.1458,0.369060797,0.9046,-1,9,12.86666667
386,-0.193,-0.220167715,0.0062,-0.130981132,0.7241,-1,9,12.86666667
386,0.0848,0.176208805,0.3914,0.370254927,0.6026,-1,9,12.86666667
386,-0.2088,-0.091873375,-0.1636,-0.036570231,0.2519,-1,9,12.86666667
387,-0.1091,-0.002985325,0.1519,0.363761845,0.8592,-1,9,12.9
387,-0.1716,-0.218152621,0.0166,-0.129637736,0.7367,-1,9,12.9
387,-0.1914,-0.08769392,-0.1465,-0.033808805,0.277,-1,9,12.9
388,-0.1021,-0.003507757,0.157,0.347715723,0.8056,-1,9,12.93333333
388,-0.1552,-0.221809644,0.0249,-0.132025996,0.6745,-1,9,12.93333333
388,-0.0554,-0.183448218,0.0261,-0.12710021,0.3236,-1,9,12.93333333
389,-0.1015,-0.003507757,0.1569,0.347790356,0.787,-1,9,12.96666667
389,-0.1552,-0.22173501,0.0249,-0.132175262,0.6675,-1,9,12.96666667
389,-0.0553,-0.183522851,0.0261,-0.12710021,0.355,-1,9,12.96666667
390,-0.1383,-0.233079245,0.0316,-0.136354717,0.8025,-1,9,13
390,-0.0945,0.002462893,0.1627,0.331072537,0.469,-1,9,13
390,0.0368,0.153371069,0.3916,0.371075891,0.3423,-1,9,13
390,-0.0462,-0.19568805,0.0329,-0.132473795,0.2614,-1,9,13
391,-0.1275,-0.245990776,0.043,-0.140907338,0.7978,-1,9,13.03333333
391,-0.083,-0.00835891,0.1685,0.275620126,0.5569,-1,9,13.03333333
391,0.0416,0.155684696,0.3916,0.371225157,0.2744,-1,9,13.03333333
392,-0.1138,-0.247781971,0.0508,-0.145236059,0.7622,-1,9,13.06666667
392,0.0432,0.157251992,0.3907,0.37152369,0.4433,-1,9,13.06666667
392,-0.2656,0.163371908,-0.0834,0.372195388,0.3469,-1,9,13.06666667
393,-0.1055,-0.253379455,0.0569,-0.150236478,0.7665,-1,9,13.1
394,-0.1055,-0.253528721,0.0569,-0.150311111,0.7681,-1,9,13.13333333
396,-0.3209,0.139489308,-0.0845,0.373165618,0.7397,-1,9,13.2
396,-0.0867,-0.280172746,0.1658,0.241139623,0.3334,-1,9,13.2
397,-0.3209,0.139563941,-0.0845,0.373165618,0.7223,-1,9,13.23333333
397,-0.0872,-0.280172746,0.1658,0.240020126,0.3133,-1,9,13.23333333
398,-0.3132,0.139265409,-0.0715,0.373090985,0.6229,-1,9,13.26666667
398,-0.401,0.041719916,-0.3205,0.130160168,0.5418,-1,9,13.26666667
399,0.1036,0.180313627,0.3926,0.371598323,0.6819,-1,9,13.3
399,-0.3925,0.029853249,-0.3124,0.115233543,0.5824,-1,9,13.3
399,-0.3948,-0.300174423,0.1491,0.37249392,0.4134,-1,9,13.3
400,-0.4248,-0.31084696,0.1441,0.373165618,0.8576,-1,9,13.33333333
400,0.1293,0.187851572,0.394,0.372643187,0.5972,-1,9,13.33333333
400,-0.388,0.015001258,-0.3116,0.102620545,0.3411,-1,9,13.33333333
401,-0.4338,-0.321071698,0.1414,0.373165618,0.8566,-1,9,13.36666667
402,-0.4327,-0.318608805,0.1405,0.373165618,0.9202,-1,9,13.4
403,-0.4335,-0.317340042,0.1403,0.373165618,0.9155,-1,9,13.43333333
404,-0.4334,-0.317340042,0.1403,0.373165618,0.915,-1,9,13.46666667
405,-0.4357,-0.316742977,0.1368,0.373165618,0.9238,-1,9,13.5
406,-0.4377,-0.318086373,0.1345,0.373165618,0.9287,-1,9,13.53333333
407,-0.4374,-0.318310273,0.1352,0.373090985,0.8999,-1,9,13.56666667
407,0.1307,0.189418868,0.3944,0.372792453,0.5574,-1,9,13.56666667
408,-0.4269,-0.302413417,0.1387,0.373165618,0.8855,-1,9,13.6
408,0.1144,0.184343816,0.3919,0.371896855,0.6103,-1,9,13.6
409,-0.4269,-0.302264151,0.1387,0.373165618,0.8865,-1,9,13.63333333
409,0.1144,0.184343816,0.3917,0.371896855,0.6097,-1,9,13.63333333
658,-0.496,-0.358910692,0.3261,0.369807128,0.775,-1,29,21.93333333
658,-0.1248,-0.090455346,-0.085,-0.048586164,0.3651,-1,29,21.93333333
659,-0.496,-0.35838826,0.3257,0.369807128,0.7772,-1,29,21.96666667
659,-0.1248,-0.090455346,-0.085,-0.048586164,0.353,-1,29,21.96666667
660,-0.4903,-0.369956394,0.3361,0.370628092,0.7022,-1,29,22
661,-0.4884,-0.336446122,0.3439,0.370777358,0.6081,-1,29,22.03333333
661,-0.1246,-0.084783229,-0.0895,-0.048212998,0.3247,-1,29,22.03333333
662,-0.4886,-0.169342558,0.3252,0.369807128,0.6577,-1,29,22.06666667
662,-0.1249,-0.082469602,-0.0899,-0.0473174,0.5205,-1,29,22.06666667
663,-0.4897,-0.163819706,0.3177,0.37032956,0.6566,-1,29,22.1
663,-0.1252,-0.081350105,-0.0889,-0.046048637,0.6313,-1,29,22.1
663,0.0819,-0.150982809,0.1229,-0.128742138,0.3263,-1,29,22.1
664,-0.4897,-0.164043606,0.3178,0.37032956,0.6558,-1,29,22.13333333
664,-0.1252,-0.081350105,-0.0889,-0.046048637,0.6276,-1,29,22.13333333
664,0.082,-0.150833543,0.1225,-0.128742138,0.3212,-1,29,22.13333333
665,-0.4918,-0.165387002,0.3199,0.370478826,0.7159,-1,29,22.16666667
665,0.0822,-0.152699371,0.1247,-0.126279245,0.7109,-1,29,22.16666667
665,-0.1254,-0.079782809,-0.0889,-0.043287212,0.6395,-1,29,22.16666667
666,0.0817,-0.152848637,0.1255,-0.122920755,0.7283,-1,29,22.2
666,-0.4873,-0.151803774,0.3195,0.37010566,0.6747,-1,29,22.2
667,0.0813,-0.154789099,0.1275,-0.11971153,0.7349,-1,29,22.23333333
667,-0.4918,-0.156804193,0.3145,0.370180294,0.6245,-1,29,22.23333333
668,0.0794,-0.154863732,0.1255,-0.115532075,0.7749,-1,29,22.26666667
668,-0.4949,-0.148967715,0.3143,0.37032956,0.5947,-1,29,22.26666667
669,0.0793,-0.154938365,0.1256,-0.115532075,0.7758,-1,29,22.3
669,-0.4948,-0.149042348,0.3143,0.37032956,0.5871,-1,29,22.3
670,0.0782,-0.152102306,0.1249,-0.111054088,0.7712,-1,29,22.33333333
670,-0.4739,-0.147922851,0.3344,0.371747589,0.4117,-1,29,22.33333333
670,-0.1298,-0.062318658,-0.0933,-0.025002096,0.3654,-1,29,22.33333333
670,-0.0052,-0.305846541,0.007,-0.279277149,0.3054,-1,29,22.33333333
670,0.0293,-0.082469602,0.1031,0.002089727,0.2979,-1,29,22.33333333
671,-0.1304,-0.058587002,-0.0936,-0.020374843,0.646,-1,29,22.36666667
671,0.0787,-0.150311111,0.1271,-0.107620964,0.477,-1,29,22.36666667
671,0.0303,-0.077842348,0.1022,0.005522851,0.4042,-1,29,22.36666667
671,-0.4734,-0.150833543,0.3364,0.372344654,0.3651,-1,29,22.36666667
672,0.077,-0.147624319,0.1336,-0.105307338,0.5611,-1,29,22.4
672,-0.2574,-0.143220964,0.3666,0.37271782,0.3968,-1,29,22.4
672,-0.1309,-0.056721174,-0.0947,-0.014478826,0.3765,-1,29,22.4
672,0.031,-0.074036059,0.1017,0.006642348,0.3096,-1,29,22.4
673,0.0341,-0.071797065,0.1008,0.010597904,0.5973,-1,29,22.43333333
673,-0.2255,-0.146952621,0.3585,0.372270021,0.5211,-1,29,22.43333333
673,0.075,-0.148072117,0.1403,-0.100456184,0.4656,-1,29,22.43333333
673,0.0197,-0.246737107,0.0346,-0.228228092,0.3443,-1,29,22.43333333
674,0.0338,-0.071797065,0.1008,0.010672537,0.5571,-1,29,22.46666667
674,-0.2253,-0.146803354,0.3586,0.372270021,0.5284,-1,29,22.46666667
674,0.0751,-0.148072117,0.1403,-0.100456184,0.4795,-1,29,22.46666667
674,0.0199,-0.24681174,0.0346,-0.228526625,0.3254,-1,29,22.46666667
675,0.0319,-0.069110273,0.0998,0.014553459,0.602,-1,29,22.5
675,-0.0486,0.296815933,-0.0022,0.373165618,0.5283,-1,29,22.5
675,-0.3547,-0.14120587,0.3533,0.371822222,0.4275,-1,29,22.5
675,0.0741,-0.139937107,0.1263,-0.097620126,0.3036,-1,29,22.5
675,-0.0111,0.018210482,0.028,0.065975681,0.2651,-1,29,22.5
676,0.0722,-0.130906499,0.1179,-0.092545073,0.536,-1,29,22.53333333
676,-0.0028,-0.336371488,0.0133,-0.299502725,0.3149,-1,29,22.53333333
676,-0.1733,-0.134563522,0.3514,0.371822222,0.2649,-1,29,22.53333333
676,-0.048,0.303607547,-0.0038,0.372941719,0.2532,-1,29,22.53333333
677,0.07,-0.127697275,0.1157,-0.087022222,0.8262,-1,29,22.56666667
677,-0.069,-0.123965618,0.3589,0.371971488,0.5087,-1,29,22.56666667
677,-0.0458,0.308085535,-0.0052,0.373090985,0.4968,-1,29,22.56666667
678,0.0695,-0.121726625,0.1108,-0.084633962,0.8084,-1,29,22.6
678,-0.0453,0.311742558,-0.0069,0.371374423,0.7385,-1,29,22.6
678,-0.025,-0.052168553,0.0944,0.082171069,0.7248,-1,29,22.6
678,-0.1364,-0.033584906,-0.1025,0.000522432,0.4482,-1,29,22.6
678,-0.0385,0.133667925,-0.023,0.155386164,0.3147,-1,29,22.6
678,-0.1911,0.259051572,-0.1801,0.282262474,0.3062,-1,29,22.6
678,0.1426,-0.029106918,0.157,-0.002313627,0.2545,-1,29,22.6
679,0.0694,-0.121801258,0.1108,-0.084633962,0.8085,-1,29,22.63333333
679,-0.0454,0.311817191,-0.0069,0.371374423,0.7389,-1,29,22.63333333
679,-0.0249,-0.052168553,0.0944,0.082021803,0.7366,-1,29,22.63333333
679,-0.1364,-0.033659539,-0.102,-0.000895597,0.4505,-1,29,22.63333333
679,-0.0385,0.133667925,-0.023,0.155386164,0.3225,-1,29,22.63333333
679,-0.1911,0.259051572,-0.1801,0.282262474,0.3119,-1,29,22.63333333
679,0.1426,-0.029032285,0.157,-0.002313627,0.2546,-1,29,22.63333333
680,0.0744,-0.114487212,0.1099,-0.080603774,0.7654,-1,29,22.66666667
680,-0.0454,0.313608386,-0.0084,0.371672956,0.747,-1,29,22.66666667
680,0.0278,-0.049631027,0.0925,0.031495178,0.3777,-1,29,22.66666667
680,-0.0401,0.137548847,-0.0242,0.158968553,0.3139,-1,29,22.66666667
680,-0.1656,-0.108740461,0.3648,0.371747589,0.3104,-1,29,22.66666667
681,-0.0435,0.315474214,-0.0097,0.371374423,0.7307,-1,29,22.7
681,-0.1667,-0.093366038,0.367,0.371672956,0.6014,-1,29,22.7
681,0.0082,-0.373165618,0.0641,-0.305249476,0.3645,-1,29,22.7
681,-0.1651,-0.056721174,0.0906,0.232109015,0.2582,-1,29,22.7
682,-0.0402,0.317190776,-0.0103,0.371374423,0.8035,-1,29,22.73333333
682,-0.1648,-0.072170231,0.3671,0.371672956,0.5528,-1,29,22.73333333
682,-0.167,0.009702306,-0.0572,0.243901048,0.3813,-1,29,22.73333333
682,-0.1426,-0.023061635,-0.1073,0.011493501,0.3367,-1,29,22.73333333
682,-0.1951,0.269873375,-0.185,0.293532075,0.2905,-1,29,22.73333333
682,-0.0431,0.141802935,-0.0258,0.164491405,0.2788,-1,29,22.73333333
683,-0.1698,0.010896436,-0.0612,0.24322935,0.8598,-1,29,22.76666667
683,-0.0418,0.318235639,-0.0117,0.372195388,0.8225,-1,29,22.76666667
683,-0.1964,0.270992872,-0.1862,0.294726205,0.5026,-1,29,22.76666667
683,-0.195,0.314727883,-0.1778,0.345924528,0.4298,-1,29,22.76666667
683,-0.0442,0.146728721,-0.029,0.165461635,0.317,-1,29,22.76666667
684,-0.1698,0.011568134,-0.0612,0.243154717,0.8606,-1,29,22.8
684,-0.0417,0.318235639,-0.0117,0.372195388,0.8232,-1,29,22.8
684,-0.1964,0.270992872,-0.1862,0.294726205,0.5039,-1,29,22.8
684,-0.195,0.314727883,-0.1778,0.345924528,0.4299,-1,29,22.8
684,-0.0442,0.146728721,-0.029,0.165461635,0.3169,-1,29,22.8
685,-0.0415,0.317563941,-0.013,0.372120755,0.8147,-1,29,22.83333333
685,-0.1703,-0.009926205,-0.0613,0.24106499,0.7416,-1,29,22.83333333
685,-0.1978,0.272709434,-0.1877,0.295397904,0.4966,-1,29,22.83333333
685,-0.1958,0.316295178,-0.1789,0.34764109,0.3683,-1,29,22.83333333
685,-0.0453,0.152102306,-0.0282,0.168297694,0.2647,-1,29,22.83333333
686,-0.0424,0.319504403,-0.0152,0.372195388,0.7771,-1,29,22.86666667
686,-0.1726,0.010448637,-0.062,0.236437736,0.6968,-1,29,22.86666667
686,-0.1998,0.273530398,-0.189,0.296965199,0.3253,-1,29,22.86666667
686,-0.1476,-0.020673375,-0.1134,0.01552369,0.2815,-1,29,22.86666667
686,0.0017,-0.373165618,0.0669,-0.301741719,0.2612,-1,29,22.86666667
687,-0.0451,0.319877568,-0.0179,0.372195388,0.7443,-1,29,22.9
687,-0.1763,0.028136688,-0.0598,0.23987086,0.5115,-1,29,22.9
687,-0.0018,-0.373165618,0.0618,-0.300995388,0.3947,-1,29,22.9
687,-0.1501,-0.017986583,-0.1187,0.015598323,0.3384,-1,29,22.9
687,-0.2024,0.273903564,-0.1908,0.29793543,0.3243,-1,29,22.9
687,0.0587,-0.121502725,0.1062,-0.071647799,0.296,-1,29,22.9
688,0.0548,-0.123368553,0.1098,-0.069856604,0.6882,-1,29,22.93333333
688,-0.0083,-0.373165618,0.0596,-0.30151782,0.5745,-1,29,22.93333333
688,-0.0477,0.317414675,-0.0192,0.372120755,0.4986,-1,29,22.93333333
688,-0.0384,0.030748847,-0.0271,0.056571908,0.317,-1,29,22.93333333
688,-0.153,-0.017389518,-0.1175,0.016195388,0.3083,-1,29,22.93333333
688,-0.1777,0.031719078,-0.06,0.239423061,0.252,-1,29,22.93333333
689,0.0548,-0.123368553,0.1098,-0.069856604,0.6871,-1,29,22.96666667
689,-0.0083,-0.373165618,0.0596,-0.30151782,0.5716,-1,29,22.96666667
689,-0.0477,0.317414675,-0.0192,0.372120755,0.4959,-1,29,22.96666667
689,-0.0384,0.030748847,-0.0271,0.056571908,0.316,-1,29,22.96666667
689,-0.153,-0.017389518,-0.1175,0.016195388,0.3037,-1,29,22.96666667
690,0.0505,-0.125309015,0.1124,-0.072095597,0.6882,-1,29,23
690,-0.0511,0.320026834,-0.0231,0.372195388,0.4949,-1,29,23
690,-0.0418,0.028360587,-0.0303,0.057318239,0.3955,-1,29,23
690,0.0314,-0.043585744,0.043,-0.013284696,0.3498,-1,29,23
690,-0.011,-0.373165618,0.0568,-0.301816352,0.3296,-1,29,23
690,-0.2069,0.317489308,-0.1889,0.352119078,0.3139,-1,29,23
690,0.0703,-0.038734591,0.3877,0.372046122,0.2626,-1,29,23
691,-0.0132,-0.373165618,0.0556,-0.304055346,0.5904,-1,29,23.03333333
691,-0.054,0.31801174,-0.027,0.372419287,0.4358,-1,29,23.03333333
691,-0.2211,-0.032166876,0.373,0.372195388,0.3218,-1,29,23.03333333
691,0.0471,-0.130533333,0.1149,-0.073289727,0.2532,-1,29,23.03333333
692,-0.0161,-0.373165618,0.0522,-0.304801677,0.5622,-1,29,23.06666667
692,-0.0576,0.320325367,-0.0306,0.371747589,0.5548,-1,29,23.06666667
692,0.0439,-0.135757652,0.1152,-0.072543396,0.4619,-1,29,23.06666667
692,-0.2942,-0.026793291,0.3723,0.372195388,0.3217,-1,29,23.06666667
693,-0.0641,0.317489308,-0.0325,0.371896855,0.7245,-1,29,23.1
693,-0.0198,-0.373165618,0.0428,-0.308010901,0.6473,-1,29,23.1
693,0.0412,-0.154192034,0.1212,-0.074334591,0.5836,-1,29,23.1
693,-0.2308,-0.035525367,0.3703,0.372270021,0.4944,-1,29,23.1
693,-0.0439,0.038659958,-0.0074,0.081648637,0.4395,-1,29,23.1
694,-0.064,0.317489308,-0.0325,0.371896855,0.7255,-1,29,23.13333333
694,-0.0197,-0.373165618,0.0428,-0.308010901,0.6492,-1,29,23.13333333
694,0.0411,-0.154192034,0.1212,-0.074259958,0.594,-1,29,23.13333333
694,-0.2311,-0.035450734,0.3708,0.372270021,0.4915,-1,29,23.13333333
694,-0.0438,0.038659958,-0.0074,0.081648637,0.444,-1,29,23.13333333
695,0.0382,-0.155610063,0.1235,-0.077916981,0.7793,-1,29,23.16666667
695,-0.0691,0.314503983,-0.0352,0.371822222,0.7314,-1,29,23.16666667
695,-0.022,-0.373165618,0.0441,-0.3086826,0.6041,-1,29,23.16666667
695,-0.2207,-0.044332075,0.3697,0.372344654,0.5256,-1,29,23.16666667
695,-0.0497,0.04037652,-0.0105,0.081797904,0.4291,-1,29,23.16666667
695,-0.2188,0.314354717,-0.2015,0.345028931,0.4016,-1,29,23.16666667
695,-0.1934,0.015075891,-0.0826,0.240990356,0.2863,-1,29,23.16666667
696,0.0361,-0.158520755,0.1247,-0.079409644,0.7505,-1,29,23.2
696,-0.0747,0.30629434,-0.0382,0.372270021,0.75,-1,29,23.2
696,-0.0525,0.037764361,-0.0149,0.079932075,0.6206,-1,29,23.2
696,-0.3131,-0.039779455,0.3745,0.372195388,0.4105,-1,29,23.2
696,0.0533,-0.226212998,0.1208,-0.174641509,0.3444,-1,29,23.2
696,-0.0267,-0.373165618,0.042,-0.311444025,0.2889,-1,29,23.2
697,-0.0795,0.306518239,-0.0426,0.37249392,0.7106,-1,29,23.23333333
697,-0.0567,0.037391195,-0.0181,0.078439413,0.646,-1,29,23.23333333
697,0.0292,-0.158446122,0.125,-0.080155975,0.5889,-1,29,23.23333333
697,-0.2774,-0.04634717,0.3654,0.371896855,0.5379,-1,29,23.23333333
697,0.0562,-0.228153459,0.1213,-0.174865409,0.3213,-1,29,23.23333333
697,-0.0321,-0.373165618,0.0365,-0.314056184,0.2751,-1,29,23.23333333
698,-0.0864,0.30368218,-0.0478,0.372046122,0.7558,-1,29,23.26666667
698,0.0233,-0.16247631,0.1226,-0.083738365,0.6855,-1,29,23.26666667
698,-0.2527,-0.04970566,0.364,0.371374423,0.5603,-1,29,23.26666667
698,-0.0616,0.036271698,-0.025,0.076275052,0.5103,-1,29,23.26666667
698,-0.2316,0.310548428,-0.2147,0.340028512,0.2605,-1,29,23.26666667
699,-0.0864,0.30368218,-0.0478,0.372046122,0.754,-1,29,23.3
699,0.0233,-0.16247631,0.1227,-0.083738365,0.6845,-1,29,23.3
699,-0.2524,-0.049631027,0.364,0.371449057,0.5678,-1,29,23.3
699,-0.0616,0.036271698,-0.025,0.076275052,0.5107,-1,29,23.3
699,-0.2316,0.310548428,-0.2147,0.340028512,0.2579,-1,29,23.3
755,-0.0639,0.136280084,0.002,0.369210063,0.4903,-1,29,25.16666667
761,-0.0635,0.133667925,0.0092,0.365926205,0.4448,-1,29,25.36666667
762,-0.064,0.132921593,0.008,0.367344235,0.3427,-1,29,25.4
763,-0.0639,0.132996226,0.0079,0.367344235,0.3351,-1,29,25.43333333
769,-0.0635,0.130234801,0.0093,0.368389099,0.2503,-1,29,25.63333333
770,-0.0636,0.129861635,0.0093,0.368314465,0.3325,-1,29,25.66666667
771,-0.0636,0.129040671,0.0104,0.368239832,0.4041,-1,29,25.7
772,-0.0639,0.128742138,0.0099,0.3679413,0.267,-1,29,25.73333333
773,-0.0638,0.128742138,0.0099,0.3679413,0.2699,-1,29,25.76666667
775,-0.0636,0.128219706,0.0106,0.367866667,0.2856,-1,29,25.83333333
797,-0.3478,-0.344581132,-0.0088,0.035376101,0.8981,-1,29,26.56666667
798,-0.3446,-0.352940042,-0.0014,0.021568973,0.7778,-1,29,26.6
799,-0.344,-0.358836059,0.0003,0.014404193,0.8691,-1,29,26.63333333
799,0.412,-0.12568218,0.4678,-0.036346331,0.4521,-1,29,26.63333333
800,-0.3476,-0.358761426,-0.0018,0.018807547,0.868,-1,29,26.66666667
800,0.412,-0.125458281,0.4675,-0.035898532,0.5013,-1,29,26.66666667
801,-0.3481,-0.35719413,-0.0005,0.011866667,0.8575,-1,29,26.7
802,-0.3398,-0.35002935,0.0037,0.01291153,0.865,-1,29,26.73333333
802,-0.2482,-0.108143396,-0.2031,0.001641929,0.2696,-1,29,26.73333333
803,-0.3399,-0.35002935,0.0038,0.012463732,0.8628,-1,29,26.76666667
803,-0.2482,-0.108218029,-0.2031,0.001567296,0.2693,-1,29,26.76666667
804,-0.3496,-0.342043606,0.0062,0.023360168,0.8625,-1,29,26.8
805,-0.3476,-0.3440587,0.0081,0.018807547,0.8627,-1,29,26.83333333
806,-0.3457,-0.347715723,0.0103,0.012090566,0.9155,-1,29,26.86666667
807,-0.3464,-0.357119497,0.0116,0.002612159,0.9262,-1,29,26.9
808,-0.3464,-0.357044864,0.0116,0.002761426,0.9266,-1,29,26.93333333
809,-0.345,-0.359433124,0.0109,-7.46E-05,0.92,-1,29,26.96666667
810,-0.3432,-0.367642767,0.0143,-0.008209644,0.9245,-1,29,27
810,-0.2435,-0.102247379,-0.1986,0.007015514,0.6175,-1,29,27
811,-0.3433,-0.3677174,0.0142,-0.008060377,0.9241,-1,29,27.03333333
811,-0.2435,-0.102247379,-0.1986,0.007015514,0.6045,-1,29,27.03333333
812,-0.3346,-0.367642767,0.0158,-0.012165199,0.9235,-1,29,27.06666667
812,-0.2423,-0.102172746,-0.1972,0.006791614,0.6411,-1,29,27.06666667
813,-0.3294,-0.370851992,0.0169,-0.0119413,0.9331,-1,29,27.1
813,-0.2419,-0.102620545,-0.1967,0.006493082,0.6998,-1,29,27.1
813,0.423,-0.124637317,0.4768,-0.033137107,0.4051,-1,29,27.1
814,-0.3187,-0.369583229,0.0228,-0.013657862,0.9319,-1,29,27.13333333
814,-0.2402,-0.103441509,-0.1951,0.006567715,0.6368,-1,29,27.13333333
814,0.4231,-0.125234382,0.4979,-0.027315723,0.2615,-1,29,27.13333333
814,0.4245,-0.125234382,0.4794,-0.032614675,0.2518,-1,29,27.13333333
815,-0.3253,-0.371150524,0.0211,-0.00932914,0.9314,-1,29,27.16666667
815,-0.2388,-0.101127883,-0.1938,0.008284277,0.5135,-1,29,27.16666667
816,-0.3234,-0.370478826,0.0259,-0.010075472,0.9256,-1,29,27.2
816,-0.236,-0.098217191,-0.1916,0.010000839,0.6332,-1,29,27.2
816,0.2968,0.074857023,0.4058,0.130309434,0.319,-1,29,27.2
817,-0.3302,-0.370180294,0.0258,-0.007911111,0.9197,-1,29,27.23333333
817,-0.2341,-0.097694759,-0.1903,0.010224738,0.7093,-1,29,27.23333333
818,-0.3302,-0.370180294,0.0262,-0.007687212,0.9197,-1,29,27.26666667
818,-0.2341,-0.097694759,-0.1903,0.010224738,0.7079,-1,29,27.26666667
819,-0.3305,-0.369210063,0.0268,-0.007015514,0.9183,-1,29,27.3
819,-0.2319,-0.096425996,-0.1877,0.012762264,0.7144,-1,29,27.3
820,-0.3284,-0.368314465,0.0256,-0.005896017,0.9202,-1,29,27.33333333
820,-0.2309,-0.094560168,-0.1854,0.014926625,0.7541,-1,29,27.33333333
820,0.3027,0.080006709,0.4084,0.136056184,0.3196,-1,29,27.33333333
821,-0.3246,-0.366821803,0.0309,-0.004179455,0.8866,-1,29,27.36666667
821,-0.2295,-0.09366457,-0.1831,0.018285115,0.7253,-1,29,27.36666667
822,-0.3207,-0.368165199,0.0323,-0.005075052,0.9071,-1,29,27.4
822,-0.2281,-0.092097275,-0.1815,0.019852411,0.7274,-1,29,27.4
823,-0.3207,-0.368165199,0.0322,-0.005075052,0.9077,-1,29,27.43333333
823,-0.2281,-0.092097275,-0.1815,0.019852411,0.7253,-1,29,27.43333333
824,-0.3138,-0.369583229,0.0301,-0.00932914,0.9051,-1,29,27.46666667
824,-0.2259,-0.089634382,-0.1795,0.02246457,0.728,-1,29,27.46666667
824,0.3024,0.086798323,0.4243,0.143071698,0.2602,-1,29,27.46666667
825,-0.3185,-0.367120335,0.033,-0.00477652,0.9201,-1,29,27.5
825,-0.2245,-0.084484696,-0.178,0.026121593,0.6612,-1,29,27.5
826,-0.3142,-0.366374004,0.033,-0.0117174,0.91,-1,29,27.53333333
826,-0.2222,-0.079036478,-0.1763,0.030450314,0.7166,-1,29,27.53333333
827,-0.3143,-0.366299371,0.0328,-0.0119413,0.9096,-1,29,27.56666667
827,-0.2222,-0.079036478,-0.1763,0.030450314,0.7161,-1,29,27.56666667
828,-0.3134,-0.36532914,0.0401,-0.008060377,0.9018,-1,29,27.6
828,-0.2213,-0.075155556,-0.1754,0.032913208,0.6809,-1,29,27.6
829,-0.3078,-0.36652327,0.0489,-0.006866247,0.9004,-1,29,27.63333333
829,-0.2179,-0.073886792,-0.1723,0.035898532,0.6463,-1,29,27.63333333
830,-0.314,-0.364955975,0.0431,0.004254088,0.8984,-1,29,27.66666667
830,-0.2178,-0.068961006,-0.1715,0.041421384,0.7531,-1,29,27.66666667
831,-0.2947,-0.360925786,0.0509,0.000522432,0.8788,-1,29,27.7
831,-0.2154,-0.073961426,-0.1687,0.048810063,0.7369,-1,29,27.7
832,-0.296,-0.3677174,0.0483,-0.008284277,0.8544,-1,29,27.73333333
832,-0.2139,-0.056721174,-0.1671,0.052690985,0.7589,-1,29,27.73333333
833,-0.296,-0.3677174,0.0482,-0.007911111,0.8536,-1,29,27.76666667
833,-0.2138,-0.056721174,-0.1671,0.052690985,0.7595,-1,29,27.76666667
834,-0.2917,-0.367344235,0.0493,0.016941719,0.8582,-1,29,27.8
834,-0.2118,-0.05209392,-0.1655,0.06164696,0.8131,-1,29,27.8
834,0.3604,-0.093216771,0.4991,0.045750105,0.3406,-1,29,27.8
835,-0.2923,-0.3677174,0.0507,0.018061216,0.8501,-1,29,27.83333333
835,-0.2119,-0.05209392,-0.1655,0.061572327,0.8118,-1,29,27.83333333
835,0.3597,-0.094037736,0.4992,0.045526205,0.3419,-1,29,27.83333333
836,-0.2107,-0.045974004,-0.1642,0.068363941,0.7792,-1,29,27.86666667
836,-0.2969,-0.367568134,0.0553,0.03201761,0.7787,-1,29,27.86666667
837,-0.2914,-0.367269602,0.0606,0.036122432,0.8083,-1,29,27.9
837,-0.2095,-0.041122851,-0.1623,0.07358826,0.7571,-1,29,27.9
838,-0.2917,-0.365179874,0.0536,0.037615094,0.787,-1,29,27.93333333
838,-0.209,-0.034480503,-0.161,0.07717065,0.7678,-1,29,27.93333333
838,0.3472,-0.271366038,0.4985,0.059781132,0.4125,-1,29,27.93333333
839,-0.2916,-0.365030608,0.0524,0.036495597,0.7891,-1,29,27.96666667
839,-0.209,-0.034480503,-0.161,0.07717065,0.7709,-1,29,27.96666667
839,0.3471,-0.271366038,0.4985,0.059781132,0.4225,-1,29,27.96666667
840,-0.2891,-0.363911111,0.051,0.01649392,0.8463,-1,29,28
840,-0.2068,-0.032241509,-0.1587,0.080827673,0.758,-1,29,28
840,0.3469,-0.266738784,0.4985,0.065677149,0.6155,-1,29,28
841,-0.292,-0.363911111,0.0492,0.014628092,0.8272,-1,29,28.03333333
841,-0.2061,-0.028957652,-0.1578,0.086425157,0.8045,-1,29,28.03333333
841,0.3506,-0.260768134,0.4984,0.068513208,0.5213,-1,29,28.03333333
842,-0.288,-0.359955556,0.0443,-0.003134591,0.8296,-1,29,28.06666667
842,-0.2049,-0.025375262,-0.1568,0.092246541,0.7969,-1,29,28.06666667
842,0.3496,-0.254200419,0.4984,0.071797065,0.3607,-1,29,28.06666667
843,-0.2045,-0.019031447,-0.1555,0.096873795,0.8108,-1,29,28.1
843,-0.2886,-0.362418449,0.0426,-0.025748428,0.7973,-1,29,28.1
844,-0.2045,-0.019031447,-0.1555,0.096873795,0.8102,-1,29,28.13333333
844,-0.2886,-0.362343816,0.0427,-0.025673795,0.8001,-1,29,28.13333333
845,-0.2037,-0.015075891,-0.1546,0.100456184,0.8273,-1,29,28.16666667
845,-0.2944,-0.357418029,0.0463,0.017090985,0.4736,-1,29,28.16666667
845,-0.2952,-0.356447799,0.1272,0.082842767,0.3168,-1,29,28.16666667
846,-0.2029,-0.010597904,-0.1542,0.107770231,0.8036,-1,29,28.2
846,-0.3034,-0.36316478,0.0436,0.015896855,0.4608,-1,29,28.2
846,-0.1845,-0.062244025,-0.1549,-0.006045283,0.3705,-1,29,28.2
847,-0.2017,-0.007463312,-0.1532,0.110009224,0.7923,-1,29,28.23333333
847,-0.3083,-0.344133333,0.0905,0.078663312,0.6984,-1,29,28.23333333
847,-0.1821,-0.058885535,-0.1538,-0.003657023,0.2641,-1,29,28.23333333
848,-0.2009,-0.004552621,-0.153,0.113815514,0.8058,-1,29,28.26666667
848,-0.2567,-0.36532914,0.081,0.102247379,0.3953,-1,29,28.26666667
848,-0.1825,-0.055974843,-0.154,0.000671698,0.2939,-1,29,28.26666667
849,-0.2009,-0.004552621,-0.153,0.113815514,0.8048,-1,29,28.3
849,-0.2602,-0.36532914,0.0808,0.102471279,0.3969,-1,29,28.3
849,-0.1825,-0.055974843,-0.154,0.000671698,0.2907,-1,29,28.3
850,-0.2004,0.000373166,-0.1522,0.117248637,0.7734,-1,29,28.33333333
850,-0.2494,-0.363537945,0.0561,0.097918658,0.4695,-1,29,28.33333333
851,-0.1996,0.003806289,-0.1512,0.120607128,0.7291,-1,29,28.36666667
851,-0.2436,-0.361746751,0.1047,0.106426834,0.4674,-1,29,28.36666667
852,-0.1992,0.007537945,-0.1513,0.123816352,0.7779,-1,29,28.4
852,-0.2445,-0.363537945,0.0469,0.031495178,0.4799,-1,29,28.4
853,-0.1978,0.012090566,-0.1505,0.1304587,0.8376,-1,29,28.43333333
853,-0.2421,-0.35958239,0.1481,0.118218868,0.6702,-1,29,28.43333333
853,-0.1803,-0.038286792,-0.1511,0.017986583,0.4439,-1,29,28.43333333
854,-0.1966,0.017613417,-0.1489,0.14001174,0.7702,-1,29,28.46666667
854,-0.2392,-0.309578197,0.1138,0.104486373,0.2867,-1,29,28.46666667
855,-0.1965,0.026942558,-0.1469,0.14478826,0.7116,-1,29,28.5
855,-0.1877,-0.341521174,0.1703,0.199867505,0.4809,-1,29,28.5
855,0.3463,-0.202031866,0.499,0.136802516,0.2543,-1,29,28.5
856,-0.1867,-0.373165618,0.1968,0.144937526,0.8228,-1,29,28.53333333
856,-0.2018,0.03321174,-0.1477,0.159640252,0.4253,-1,29,28.53333333
857,-0.1743,-0.373165618,0.2121,0.14598239,0.8546,-1,29,28.56666667
857,-0.1987,0.038212159,-0.1451,0.159789518,0.5579,-1,29,28.56666667
858,-0.1743,-0.373165618,0.2122,0.146057023,0.8576,-1,29,28.6
858,-0.1986,0.038212159,-0.1451,0.159864151,0.5532,-1,29,28.6
859,-0.1942,0.04157065,-0.1444,0.15911782,0.6423,-1,29,28.63333333
859,-0.1552,-0.373165618,0.155,-0.1187413,0.5217,-1,29,28.63333333
859,0.1047,-0.122249057,0.2242,0.130981132,0.3003,-1,29,28.63333333
860,-0.1942,0.041645283,-0.1445,0.15911782,0.6397,-1,29,28.66666667
860,-0.1553,-0.373165618,0.153,-0.119487631,0.5368,-1,29,28.66666667
860,0.1047,-0.122249057,0.2242,0.131428931,0.2975,-1,29,28.66666667
861,-0.1976,0.045078407,-0.1444,0.163595807,0.6984,-1,29,28.7
861,-0.139,-0.373165618,0.2238,0.135384486,0.5282,-1,29,28.7
861,0.3348,0.030375681,0.3542,0.10441174,0.396,-1,29,28.7
861,-0.4989,0.204420126,0.19,0.371150524,0.2977,-1,29,28.7
862,-0.1224,-0.37271782,0.2279,0.130906499,0.9201,-1,29,28.73333333
862,-0.1927,0.051720755,-0.1434,0.169491824,0.8024,-1,29,28.73333333
863,-0.13,-0.373165618,0.2243,0.141504403,0.7206,-1,29,28.76666667
863,0.102,-0.158296855,0.2246,0.140161006,0.5815,-1,29,28.76666667
863,-0.129,-0.373165618,0.1359,-0.155087631,0.3393,-1,29,28.76666667
864,-0.1497,-0.373165618,0.2212,0.148072117,0.9275,-1,29,28.8
864,-0.1898,0.069035639,-0.1412,0.189418868,0.7094,-1,29,28.8
865,-0.089,0.027315723,0.0311,0.078066247,0.7981,-1,29,28.83333333
865,0.2175,0.298607128,0.2342,0.343760168,0.5569,-1,29,28.83333333
866,-0.0853,0.017389518,0.036,0.070304403,0.7219,-1,29,28.86666667
866,0.2175,0.286143396,0.2341,0.335102725,0.6375,-1,29,28.86666667
867,-0.0852,0.017538784,0.036,0.070304403,0.7162,-1,29,28.9
867,0.2175,0.286068763,0.2341,0.335102725,0.6539,-1,29,28.9
868,0.2187,0.277709853,0.2352,0.326669182,0.6703,-1,29,28.93333333
868,0.2062,0.34308847,0.2197,0.369807128,0.385,-1,29,28.93333333
869,0.2088,0.333087631,0.2204,0.358836059,0.7018,-1,29,28.96666667
869,-0.0787,-0.012612998,0.0523,0.03918239,0.6487,-1,29,28.96666667
869,0.2215,0.266067086,0.237,0.314802516,0.6344,-1,29,28.96666667
870,0.2108,0.322116562,0.2231,0.345625996,0.6778,-1,29,29
870,0.223,0.25636478,0.2391,0.304129979,0.656,-1,29,29
870,-0.0762,-0.02843522,0.0525,0.023360168,0.4479,-1,29,29
870,0.2717,0.318758071,0.2993,0.36532914,0.2551,-1,29,29
871,0.2135,0.311817191,0.2252,0.337341719,0.7774,-1,29,29.03333333
871,0.2253,0.244647379,0.2416,0.294054507,0.6445,-1,29,29.03333333
872,0.2282,0.233303145,0.2447,0.28241174,0.7142,-1,29,29.06666667
872,-0.0639,-0.058139203,0.0589,-0.011866667,0.6932,-1,29,29.06666667
872,0.2156,0.29890566,0.229,0.324728721,0.6368,-1,29,29.06666667
873,0.2282,0.233303145,0.2447,0.282486373,0.7163,-1,29,29.1
873,-0.0639,-0.05828847,0.0589,-0.0119413,0.6955,-1,29,29.1
873,0.2156,0.29890566,0.229,0.324803354,0.6382,-1,29,29.1
874,0.2299,0.22173501,0.2462,0.270992872,0.7339,-1,29,29.13333333
874,0.2172,0.286964361,0.2302,0.312936688,0.6337,-1,29,29.13333333
875,0.2299,0.22173501,0.2462,0.270918239,0.7251,-1,29,29.16666667
875,0.2172,0.286964361,0.2302,0.312936688,0.6353,-1,29,29.16666667
876,0.2314,0.210316143,0.248,0.259126205,0.7638,-1,29,29.2
876,0.219,0.273605031,0.232,0.299726625,0.4873,-1,29,29.2
877,0.2335,0.193672956,0.25,0.243527883,0.7982,-1,29,29.23333333
877,0.22,0.258678407,0.2334,0.285322432,0.7012,-1,29,29.23333333
878,0.2357,0.181657023,0.2526,0.233228512,0.8112,-1,29,29.26666667
878,0.2228,0.246363941,0.2354,0.272261635,0.7519,-1,29,29.26666667
878,0.1927,0.330400839,0.2084,0.369433962,0.5222,-1,29,29.26666667
879,0.2376,0.173298113,0.2545,0.222705241,0.816,-1,29,29.3
879,0.2246,0.236736268,0.2374,0.262186164,0.6817,-1,29,29.3
879,0.1934,0.320997065,0.2087,0.368687631,0.608,-1,29,29.3
880,0.2398,0.171805451,0.2564,0.221137945,0.7838,-1,29,29.33333333
880,0.1968,0.323012159,0.2121,0.368463732,0.6961,-1,29,29.33333333
880,0.2272,0.235243606,0.2406,0.259648637,0.6832,-1,29,29.33333333
880,0.0725,-0.029405451,0.2396,0.367344235,0.2755,-1,29,29.33333333
881,0.2398,0.171805451,0.2564,0.221137945,0.7825,-1,29,29.36666667
881,0.1968,0.322713627,0.2124,0.368463732,0.7107,-1,29,29.36666667
881,0.2272,0.235243606,0.2406,0.259648637,0.6834,-1,29,29.36666667
881,0.0721,-0.029405451,0.2395,0.367344235,0.2885,-1,29,29.36666667
882,0.2423,0.166431866,0.2598,0.215167296,0.7714,-1,29,29.4
882,0.2298,0.229198323,0.2429,0.255842348,0.5009,-1,29,29.4
882,0.1998,0.313533753,0.2176,0.363314046,0.4128,-1,29,29.4
882,0.1985,0.303085115,0.2551,0.36555304,0.3537,-1,29,29.4
883,0.2457,0.15292327,0.2635,0.202927463,0.7801,-1,29,29.43333333
883,0.2319,0.215316562,0.2457,0.243378616,0.607,-1,29,29.43333333
883,0.2022,0.28360587,0.2612,0.348462055,0.5114,-1,29,29.43333333
883,0.2034,0.291740881,0.2397,0.349133753,0.4245,-1,29,29.43333333
884,0.2486,0.152251572,0.2662,0.199792872,0.7115,-1,29,29.46666667
884,0.2366,0.214719497,0.2501,0.240691824,0.6276,-1,29,29.46666667
884,0.209,0.296965199,0.23,0.348536688,0.5414,-1,29,29.46666667
884,0.2092,0.284352201,0.2666,0.348238155,0.2678,-1,29,29.46666667
885,0.2543,0.155833962,0.2708,0.206136688,0.7627,-1,29,29.5
885,0.2154,0.302861216,0.2347,0.353014675,0.6914,-1,29,29.5
885,0.2418,0.219794549,0.2547,0.245319078,0.6249,-1,29,29.5
886,0.2196,0.30390608,0.2392,0.355328302,0.7749,-1,29,29.53333333
886,0.26,0.158072956,0.2761,0.208748847,0.7528,-1,29,29.53333333
886,0.2471,0.222182809,0.26,0.247035639,0.5864,-1,29,29.53333333
887,0.2273,0.308234801,0.2456,0.358238994,0.7189,-1,29,29.56666667
887,0.2654,0.160759748,0.2817,0.210614675,0.7158,-1,29,29.56666667
887,0.2543,0.224272537,0.2664,0.250244864,0.6618,-1,29,29.56666667
888,0.2273,0.308160168,0.2456,0.358238994,0.7245,-1,29,29.6
888,0.2654,0.160759748,0.2817,0.210614675,0.7195,-1,29,29.6
888,0.2543,0.224197904,0.2664,0.250319497,0.6668,-1,29,29.6
889,0.2716,0.161804612,0.2882,0.213450734,0.7675,-1,29,29.63333333
889,0.261,0.224720335,0.2736,0.252334591,0.6934,-1,29,29.63333333
889,0.2339,0.305324109,0.2533,0.360851153,0.4138,-1,29,29.63333333
889,0.2587,0.226884696,0.2729,0.254872117,0.3194,-1,29,29.63333333
889,0.2337,0.292337945,0.2891,0.362194549,0.2981,-1,29,29.63333333
889,0.2615,0.292263312,0.2896,0.337714885,0.2565,-1,29,29.63333333
890,0.2774,0.161804612,0.2935,0.213226834,0.7086,-1,29,29.66666667
890,0.2663,0.225690566,0.2785,0.251662893,0.613,-1,29,29.66666667
890,0.2396,0.308831866,0.2564,0.359209224,0.5872,-1,29,29.66666667
891,0.2775,0.161804612,0.2935,0.213152201,0.7,-1,29,29.7
891,0.2662,0.225765199,0.2785,0.251737526,0.5997,-1,29,29.7
891,0.2397,0.308533333,0.2566,0.359283857,0.5687,-1,29,29.7
892,0.2825,0.169342558,0.2988,0.218003354,0.7813,-1,29,29.73333333
892,0.2465,0.319952201,0.2599,0.366374004,0.6162,-1,29,29.73333333
892,0.2723,0.232407547,0.2847,0.260171069,0.5757,-1,29,29.73333333
893,0.2898,0.179940461,0.306,0.229870021,0.803,-1,29,29.76666667
893,0.2801,0.244274214,0.2927,0.268604612,0.6076,-1,29,29.76666667
893,0.2551,0.331594969,0.2704,0.369508595,0.4177,-1,29,29.76666667
893,0.2843,0.309503564,0.3093,0.338162683,0.2604,-1,29,29.76666667
894,0.2977,0.19091153,0.3152,0.238527463,0.7627,-1,29,29.8
894,0.2901,0.252707757,0.3021,0.277038155,0.4329,-1,29,29.8
894,0.2666,0.34167044,0.2812,0.370628092,0.2511,-1,29,29.8
895,0.3077,0.202405031,0.3252,0.250767296,0.7435,-1,29,29.83333333
895,0.3028,0.265320755,0.3142,0.289725786,0.6679,-1,29,29.83333333
972,-0.228,-0.369732495,-0.0527,-0.144564361,0.6845,-1,29,32.4
980,-0.4067,-0.373165618,0.1006,0.37032956,0.8256,-1,29,32.66666667
982,-0.4151,-0.373165618,0.1128,0.37010566,0.348,-1,29,32.73333333
983,-0.4151,-0.373165618,0.1132,0.37010566,0.3646,-1,29,32.76666667
1014,-0.4998,0.015150524,0.0638,0.372344654,0.9049,1,30,33.8
1014,-0.5,0.011194969,-0.4837,0.045526205,0.258,1,30,33.8
1015,-0.4998,0.01529979,0.0669,0.373016352,0.9074,1,30,33.83333333
1015,-0.5,0.011120335,-0.4837,0.045600839,0.2769,1,30,33.83333333
1016,-0.4996,0.015822222,0.0656,0.373090985,0.9074,1,30,33.86666667
1016,-0.5,0.011120335,-0.4837,0.045600839,0.2676,1,30,33.86666667
1017,-0.4996,0.015822222,0.0656,0.373016352,0.9073,1,30,33.9
1017,-0.5,0.011120335,-0.4837,0.045600839,0.2695,1,30,33.9
1018,-0.4995,0.01432956,0.0646,0.373016352,0.9057,1,30,33.93333333
1018,-0.5,0.011120335,-0.4837,0.045750105,0.2817,1,30,33.93333333
1019,-0.4993,0.015150524,0.0658,0.373165618,0.908,1,30,33.96666667
1019,-0.5,0.011045702,-0.4836,0.045824738,0.2641,1,30,33.96666667
1020,-0.4998,0.015225157,0.0673,0.372419287,0.9066,1,30,34
1020,-0.5,0.011120335,-0.4835,0.045302306,0.2734,1,30,34
1021,-0.4997,0.01432956,0.0671,0.372419287,0.9067,1,30,34.03333333
1021,-0.5,0.010896436,-0.4833,0.045675472,0.2751,1,30,34.03333333
1022,-0.4997,0.01432956,0.0671,0.372419287,0.9067,1,30,34.06666667
1022,-0.5,0.010896436,-0.4833,0.045675472,0.2742,1,30,34.06666667
1023,-0.4998,0.01432956,0.0668,0.372419287,0.9063,1,30,34.1
1023,-0.5,0.010821803,-0.4833,0.045675472,0.2578,1,30,34.1
1024,-0.4997,0.015001258,0.0666,0.372419287,0.9051,1,30,34.13333333
1024,-0.5,0.010821803,-0.4833,0.045675472,0.253,1,30,34.13333333
1025,-0.4998,0.015150524,0.0663,0.372419287,0.9043,1,30,34.16666667
1026,-0.4998,0.015150524,0.0664,0.372419287,0.9044,1,30,34.2
1027,-0.4999,0.015150524,0.0664,0.372419287,0.9044,1,30,34.23333333
1028,-0.4997,0.014553459,0.0666,0.372419287,0.9063,1,30,34.26666667
1029,-0.4995,0.014478826,0.0663,0.372419287,0.9064,1,30,34.3
1030,-0.4994,0.014702725,0.0664,0.372270021,0.9055,1,30,34.33333333
1031,-0.4995,0.01671782,0.0662,0.372344654,0.9044,1,30,34.36666667
1032,-0.4995,0.016643187,0.0662,0.372344654,0.9045,1,30,34.4
1033,-0.4999,0.01671782,0.0657,0.372344654,0.9004,1,30,34.43333333
1033,-0.5,0.01074717,-0.4835,0.045376939,0.2758,1,30,34.43333333
1034,-0.5,0.017016352,0.0652,0.372344654,0.8994,1,30,34.46666667
1034,-0.5,0.01074717,-0.4833,0.045451572,0.2752,1,30,34.46666667
1035,-0.4999,0.015449057,0.0651,0.372270021,0.897,1,30,34.5
1035,-0.5,0.010821803,-0.4834,0.045675472,0.2704,1,30,34.5
1036,-0.5,0.015747589,0.0649,0.372419287,0.8969,1,30,34.53333333
1037,-0.5,0.015747589,0.0649,0.372419287,0.897,1,30,34.56666667
1038,-0.5,0.016419287,0.0645,0.372419287,0.8967,1,30,34.6
1039,-0.5,0.015822222,0.0639,0.372568553,0.8978,1,30,34.63333333
1039,-0.5,0.010971069,-0.4835,0.045974004,0.2763,1,30,34.63333333
1040,-0.5,0.016046122,0.0635,0.372419287,0.9002,1,30,34.66666667
1040,-0.5,0.010821803,-0.4836,0.045974004,0.2701,1,30,34.66666667
1041,-0.5,0.017090985,0.0623,0.372344654,0.8986,1,30,34.7
1042,-0.5,0.017090985,0.0622,0.372344654,0.8983,1,30,34.73333333
1043,-0.5,0.018509015,0.0622,0.372867086,0.8992,1,30,34.76666667
1044,-0.5,0.018807547,0.0558,0.37271782,0.8996,1,30,34.8
1045,-0.4999,0.018359748,0.0167,0.372643187,0.92,1,30,34.83333333
1046,-0.5,0.01888218,-0.0119,0.372419287,0.9035,1,30,34.86666667
1047,-0.5,0.019031447,-0.012,0.372419287,0.9032,1,30,34.9
1048,-0.4992,0.016568553,-0.0184,0.372344654,0.9005,1,30,34.93333333
1049,-0.5,0.018956813,-0.0126,0.372419287,0.9001,1,30,34.96666667
1050,-0.5,0.019031447,-0.0124,0.372344654,0.9015,1,30,35
1051,-0.5,0.019329979,0.0061,0.372419287,0.9109,1,30,35.03333333
1052,-0.5,0.020150943,0.0201,0.372568553,0.9206,1,30,35.06666667
1053,-0.5,0.020971908,0.0353,0.372344654,0.9139,1,30,35.1
1054,-0.4997,0.017837317,0.0297,0.372643187,0.9107,1,30,35.13333333
1055,-0.5,0.020673375,0.0098,0.372344654,0.9021,1,30,35.16666667
1056,-0.5,0.021121174,-0.0068,0.372270021,0.898,1,30,35.2
1057,-0.5,0.021046541,-0.0069,0.372270021,0.8982,1,30,35.23333333
1058,-0.4994,0.020822642,-0.0146,0.372419287,0.9009,1,30,35.26666667
1059,-0.4994,0.02030021,-0.0139,0.372344654,0.9012,1,30,35.3
1060,-0.5,0.021345073,-0.0069,0.372419287,0.8925,1,30,35.33333333
1061,-0.5,0.020225577,0,0.372344654,0.898,1,30,35.36666667
1062,-0.5,0.02030021,-0.0001,0.372344654,0.8958,1,30,35.4
1063,-0.5,0.020524109,0.0016,0.372344654,0.8949,1,30,35.43333333
1064,-0.5,0.020598742,-0.0039,0.372270021,0.8977,1,30,35.46666667
1065,-0.5,0.020971908,-0.0128,0.372344654,0.9026,1,30,35.5
1066,-0.5,0.020971908,-0.0128,0.372344654,0.9024,1,30,35.53333333
1067,-0.4992,0.019628512,-0.026,0.372419287,0.9075,1,30,35.56666667
1068,-0.5,0.020598742,-0.0455,0.372195388,0.892,1,30,35.6
1185,0.2714,-0.373165618,0.3777,-0.22770566,0.6453,-1,101,39.5
1287,0.2461,-0.373165618,0.3001,-0.198374843,0.2695,-1,101,42.9
1288,0.2516,-0.373165618,0.306,-0.182701887,0.5383,-1,101,42.93333333
1289,0.2519,-0.373165618,0.3062,-0.183075052,0.5254,-1,101,42.96666667
1290,0.2592,-0.373165618,0.3218,-0.175761006,0.5732,-1,101,43
1290,0.2592,-0.373165618,0.3657,-0.175462474,0.4317,-1,101,43
1291,0.2672,-0.373165618,0.3831,-0.17083522,0.6593,-1,101,43.03333333
1291,0.2676,-0.373165618,0.3317,-0.168521593,0.3917,-1,101,43.03333333
1293,0.2954,-0.353910273,0.3589,-0.149116981,0.4868,-1,101,43.1
1294,0.3012,-0.362642348,0.3908,-0.124413417,0.7793,-1,101,43.13333333
1295,0.3083,-0.371374423,0.4539,-0.123070021,0.8142,-1,101,43.16666667
1295,0.3081,-0.369359329,0.4104,-0.12351782,0.4914,-1,101,43.16666667
1296,0.3082,-0.37129979,0.4542,-0.122920755,0.8045,-1,101,43.2
1296,0.308,-0.369284696,0.4101,-0.123368553,0.5093,-1,101,43.2
1297,0.313,-0.359059958,0.3895,-0.114561845,0.752,-1,101,43.23333333
1297,0.3119,-0.367269602,0.457,-0.113442348,0.2637,-1,101,43.23333333
1298,0.304,-0.369060797,0.4052,-0.118965199,0.8816,-1,101,43.26666667
1299,0.3001,-0.373165618,0.3851,-0.13165283,0.8735,-1,101,43.3
1307,0.3067,-0.02149434,0.3849,0.051049057,0.5795,-1,101,43.56666667
1444,-0.3767,-0.333610063,-0.0316,0.116278407,0.3406,-1,101,48.13333333
1455,-0.3642,-0.238975262,-0.0735,0.076797484,0.3028,-1,101,48.5
1455,-0.363,-0.227033962,-0.0738,-0.066871279,0.293,-1,101,48.5
1456,-0.364,-0.238005031,-0.0738,0.076498952,0.3295,-1,101,48.53333333
1456,-0.363,-0.227183229,-0.074,-0.061348428,0.301,-1,101,48.53333333
1460,-0.3873,-0.3440587,-0.04,0.122696855,0.5236,-1,101,48.66666667
1461,-0.3873,-0.343909434,-0.0422,0.123144654,0.5473,-1,101,48.7
1462,-0.3846,-0.34308847,-0.047,0.127473375,0.5508,-1,101,48.73333333
1465,-0.3897,-0.347715723,-0.0444,0.12351782,0.3475,-1,101,48.83333333
1466,-0.39,-0.348685954,-0.0411,0.101053249,0.2789,-1,101,48.86666667
1467,-0.3905,-0.350253249,-0.057,0.115532075,0.3476,-1,101,48.9
1469,-0.388,-0.349656184,-0.0517,0.12948847,0.3021,-1,101,48.96666667
1472,-0.3874,-0.348984486,-0.0507,0.117248637,0.3853,-1,101,49.06666667
1473,-0.3914,-0.351298113,-0.0428,0.122771488,0.6786,-1,101,49.1
1474,-0.3866,-0.342640671,-0.0399,0.122771488,0.6575,-1,101,49.13333333
1475,-0.3688,-0.238228931,-0.0412,0.121204193,0.5698,-1,101,49.16666667
1476,-0.369,-0.23867673,-0.0412,0.121278826,0.5592,-1,101,49.2
1477,-0.3686,-0.238825996,-0.0509,0.120308595,0.3733,-1,101,49.23333333
1478,-0.37,-0.239049895,-0.046,0.131802096,0.3304,-1,101,49.26666667
1479,-0.369,-0.240467925,-0.0537,0.13165283,0.3375,-1,101,49.3
1480,-0.3689,-0.240617191,-0.0541,0.131951363,0.342,-1,101,49.33333333
1481,-0.3695,-0.241363522,-0.0425,0.131578197,0.4466,-1,101,49.36666667
1482,-0.37,-0.241139623,-0.0386,0.120756394,0.5109,-1,101,49.4
1483,-0.3708,-0.24106499,-0.0386,0.108143396,0.6257,-1,101,49.43333333
1484,-0.3711,-0.242632285,-0.0449,0.130010901,0.3374,-1,101,49.46666667
1485,-0.372,-0.242109853,-0.046,0.12948847,0.4454,-1,101,49.5
1486,-0.372,-0.242109853,-0.0457,0.12926457,0.4466,-1,101,49.53333333
1487,-0.3755,-0.240990356,-0.0918,0.130160168,0.3347,-1,101,49.56666667
1488,-0.3782,-0.242781551,-0.1064,0.127995807,0.3356,-1,101,49.6
1489,-0.3803,-0.245990776,-0.1158,0.144638994,0.4521,-1,101,49.63333333
1490,-0.3835,-0.247184906,-0.1132,0.142325367,0.3732,-1,101,49.66666667
1491,-0.3835,-0.247184906,-0.1132,0.142101468,0.363,-1,101,49.7
1493,-0.3905,-0.252036059,-0.091,0.149340881,0.2536,-1,101,49.76666667
1494,-0.3957,-0.251140461,-0.0882,0.15053501,0.4098,-1,101,49.8
1495,-0.3996,-0.254051153,-0.1093,0.151057442,0.3757,-1,101,49.83333333
1496,-0.3995,-0.254125786,-0.1097,0.151878407,0.3796,-1,101,49.86666667
1497,-0.4058,-0.256812579,-0.1162,0.164640671,0.3992,-1,101,49.9
1498,-0.4133,-0.258230608,-0.1186,0.160983648,0.4733,-1,101,49.93333333
1499,-0.4222,-0.260992034,-0.1302,0.150385744,0.3182,-1,101,49.96666667
1500,-0.4362,-0.265768553,-0.0771,0.16389434,0.2609,-1,101,50
1501,-0.4361,-0.26569392,-0.0775,0.164043606,0.2667,-1,101,50.03333333
1507,-0.3282,0.316519078,-0.2523,0.370553459,0.3628,-1,101,50.23333333
1508,-0.3324,0.326967715,-0.2563,0.370777358,0.4995,-1,101,50.26666667
1509,-0.3422,0.338162683,-0.2627,0.370926625,0.2658,-1,101,50.3
1510,-0.3422,0.338162683,-0.2628,0.370926625,0.2674,-1,101,50.33333333
1516,-0.154,0.348984486,-0.0969,0.370851992,0.4002,-1,101,50.53333333
1792,0.4295,-0.373165618,0.4419,-0.352342977,0.4044,-1,566,59.73333333
1792,0.4019,0.178522432,0.4172,0.207330818,0.3921,-1,566,59.73333333
1792,0.4654,0.010448637,0.4999,0.086126625,0.3561,-1,566,59.73333333
1792,0.3264,-0.350103983,0.3795,-0.27547086,0.3524,-1,566,59.73333333
1792,0.3026,-0.264872956,0.322,-0.240393291,0.3516,-1,566,59.73333333
1792,0.3904,0.32875891,0.4663,0.370553459,0.2967,-1,566,59.73333333
1792,0.2446,-0.208151782,0.2576,-0.173745912,0.2633,-1,566,59.73333333
1811,0.1483,-0.284128302,0.4997,0.370254927,0.4229,-1,566,60.36666667
1813,0.1497,-0.284725367,0.4997,0.370628092,0.2528,-1,566,60.43333333
1814,0.1482,-0.284725367,0.4997,0.370702725,0.2525,-1,566,60.46666667
1815,0.146,-0.284352201,0.4997,0.370702725,0.3518,-1,566,60.5
