	x1	y1	x2	y2	confidence	cluster	new_cluster	
0.0	-0.2552	-0.4081	0.1745	0.4125	0.8442	-1	1	0.0
1.0	-0.2563	-0.4104	0.1733	0.4165	0.865	-1	1	0.03333333333333333
2.0	-0.2578	-0.4042	0.1724	0.4214	0.8843	-1	1	0.06666666666666667
3.0	-0.2598	-0.4015	0.172	0.4397	0.8565	-1	1	0.1
4.0	-0.2596	-0.396	0.1719	0.4405	0.8505	-1	1	0.13333333333333333
5.0	-0.2595	-0.3959	0.1719	0.4365	0.8489	-1	1	0.16666666666666666
6.0	-0.2573	-0.3901	0.1722	0.446	0.8566	-1	1	0.2
7.0	-0.2548	-0.3858	0.1729	0.4531	0.8391	-1	1	0.23333333333333334
8.0	-0.2553	-0.3818	0.1742	0.4466	0.8394	-1	1	0.26666666666666666
9.0	-0.2554	-0.3768	0.1754	0.4618	0.8938	-1	1	0.3
10.0	-0.2551	-0.3766	0.1754	0.461	0.8982	-1	1	0.3333333333333333
11.0	-0.2545	-0.3742	0.1766	0.4774	0.9041	-1	1	0.36666666666666664
12.0	-0.2528	-0.3723	0.1781	0.4752	0.9103	-1	1	0.4
13.0	-0.251	-0.3744	0.1786	0.4638	0.8562	-1	1	0.43333333333333335
14.0	-0.251	-0.3748	0.1786	0.4632	0.8583	-1	1	0.4666666666666667
15.0	-0.2517	-0.3771	0.1783	0.4474	0.8066	-1	1	0.5
16.0	-0.252	-0.3834	0.1762	0.4259	0.8113	-1	1	0.5333333333333333
17.0	-0.2519	-0.3871	0.1751	0.4384	0.8415	-1	1	0.5666666666666667
18.0	-0.2536	-0.3945	0.1741	0.3825	0.7962	-1	1	0.6
19.0	-0.253	-0.4044	0.1733	0.4151	0.7776	-1	1	0.6333333333333333
20.0	-0.2531	-0.4051	0.1733	0.4157	0.7744	-1	1	0.6666666666666666
21.0	-0.2542	-0.4068	0.1722	0.4127	0.8582	-1	1	0.7
22.0	-0.2554	-0.4051	0.1709	0.4075	0.8459	-1	1	0.7333333333333333
23.0	-0.2599	-0.408	0.17	0.4105	0.7524	-1	1	0.7666666666666667
24.0	-0.266	-0.3996	0.1693	0.4269	0.4424	-1	1	0.8
25.0	-0.2643	-0.3996	0.1692	0.4273	0.4452	-1	1	0.8333333333333334
26.0	-0.4885	-0.3905	0.1702	0.4618	0.3426	-1	1	0.8666666666666667
27.0	-0.4917	-0.3865	0.1716	0.4706	0.261	-1	1	0.9
28.0	-0.4914	-0.3871	0.1728	0.4609	0.2537	-1	1	0.9333333333333333
29.0	-0.4934	-0.384	0.1737	0.4804	0.2504	-1	1	0.9666666666666667
31.0	-0.2527	-0.3832	0.1737	0.4786	0.3973	-1	1	1.0333333333333334
31.0	-0.4521	-0.3818	0.1741	0.4803	0.2664	-1	1	1.0333333333333334
33.0	-0.2508	-0.3857	0.1749	0.4869	0.2565	-1	1	1.1
34.0	-0.4946	-0.3844	0.1757	0.4889	0.533	-1	1	1.1333333333333333
35.0	-0.4943	-0.3842	0.1756	0.4897	0.5038	-1	1	1.1666666666666667
36.0	-0.4949	-0.4124	0.1758	0.4801	0.7463	-1	1	1.2
37.0	-0.494	-0.4082	0.1756	0.4725	0.6143	-1	1	1.2333333333333334
38.0	-0.4932	-0.4007	0.1742	0.46	0.6741	-1	1	1.2666666666666666
39.0	-0.4929	-0.4042	0.1729	0.4701	0.4414	-1	1	1.3
40.0	-0.4928	-0.4041	0.1729	0.4707	0.4411	-1	1	1.3333333333333333
41.0	-0.4932	-0.398	0.1711	0.4683	0.498	-1	1	1.3666666666666667
42.0	-0.4932	-0.4025	0.1703	0.4741	0.6592	-1	1	1.4
43.0	-0.4915	-0.3945	0.1689	0.4783	0.7904	-1	1	1.4333333333333333
44.0	-0.4919	-0.3984	0.168	0.4736	0.7621	-1	1	1.4666666666666666
45.0	-0.492	-0.4013	0.1679	0.4741	0.7741	-1	1	1.5
46.0	-0.4936	-0.423	0.1684	0.4655	0.8022	-1	1	1.5333333333333334
47.0	-0.4917	-0.442	0.1689	0.4764	0.801	-1	1	1.5666666666666667
48.0	-0.4921	-0.3824	0.17	0.4732	0.5705	-1	1	1.6
49.0	-0.4915	-0.3906	0.1705	0.4805	0.474	-1	1	1.6333333333333333
50.0	-0.4916	-0.3856	0.1705	0.4809	0.4248	-1	1	1.6666666666666667
54.0	-0.4918	-0.4047	0.1687	0.4086	0.4462	-1	1	1.8
55.0	-0.4918	-0.4024	0.1687	0.4065	0.4876	-1	1	1.8333333333333333
56.0	-0.4929	-0.396	0.1691	0.4135	0.6435	-1	1	1.8666666666666667
359.0	-0.4974	-0.337	0.1187	0.4978	0.8458	-1	1	11.966666666666667
359.0	-0.0936	0.3583	-0.0589	0.4964	0.512	-1	1	11.966666666666667
360.0	-0.4978	-0.3994	0.0842	0.4978	0.8665	-1	1	12.0
360.0	-0.0933	0.3602	-0.0586	0.4969	0.5441	-1	1	12.0
375.0	-0.0557	-0.029	0.0293	0.0796	0.2958	-1	9	12.5
376.0	0.1485	0.4589	0.196	0.4959	0.4652	-1	9	12.533333333333333
377.0	-0.1562	-0.0207	0.1061	0.4798	0.7258	-1	9	12.566666666666666
377.0	0.1815	0.4711	0.2081	0.4976	0.5734	-1	9	12.566666666666666
377.0	0.1532	0.456	0.1783	0.4895	0.2992	-1	9	12.566666666666666
378.0	-0.1491	-0.0041	0.1089	0.4829	0.8637	-1	9	12.6
379.0	-0.1496	-0.0041	0.109	0.4825	0.865	-1	9	12.633333333333333
380.0	-0.4995	0.1407	-0.418	0.4983	0.281	-1	9	12.666666666666666
381.0	-0.4994	0.1407	-0.418	0.4982	0.2583	-1	9	12.7
382.0	-0.2237	-0.373	-0.0251	-0.2485	0.8428	-1	9	12.733333333333333
382.0	-0.1322	0.0159	0.1237	0.4931	0.8333	-1	9	12.733333333333333
383.0	-0.2273	-0.3502	-0.0203	-0.2296	0.8213	-1	9	12.766666666666667
383.0	-0.1302	0.0259	0.1342	0.4942	0.5044	-1	9	12.766666666666667
384.0	-0.2237	-0.3197	-0.0153	-0.2055	0.8266	-1	9	12.8
384.0	-0.1378	-0.0361	0.1494	0.4959	0.6841	-1	9	12.8
385.0	-0.1257	-0.0237	0.1593	0.4971	0.8676	-1	9	12.833333333333334
385.0	-0.2104	-0.3031	-0.005	-0.1865	0.7072	-1	9	12.833333333333334
386.0	-0.1209	-0.012	0.1458	0.4945	0.9046	-1	9	12.866666666666667
386.0	-0.193	-0.295	0.0062	-0.1755	0.7241	-1	9	12.866666666666667
386.0	0.0848	0.2361	0.3914	0.4961	0.6026	-1	9	12.866666666666667
386.0	-0.2088	-0.1231	-0.1636	-0.049	0.2519	-1	9	12.866666666666667
387.0	-0.1091	-0.004	0.1519	0.4874	0.8592	-1	9	12.9
387.0	-0.1716	-0.2923	0.0166	-0.1737	0.7367	-1	9	12.9
387.0	-0.1914	-0.1175	-0.1465	-0.0453	0.277	-1	9	12.9
388.0	-0.1021	-0.0047	0.157	0.4659	0.8056	-1	9	12.933333333333334
388.0	-0.1552	-0.2972	0.0249	-0.1769	0.6745	-1	9	12.933333333333334
388.0	-0.0554	-0.2458	0.0261	-0.1703	0.3236	-1	9	12.933333333333334
389.0	-0.1015	-0.0047	0.1569	0.466	0.787	-1	9	12.966666666666667
389.0	-0.1552	-0.2971	0.0249	-0.1771	0.6675	-1	9	12.966666666666667
389.0	-0.0553	-0.2459	0.0261	-0.1703	0.355	-1	9	12.966666666666667
390.0	-0.1383	-0.3123	0.0316	-0.1827	0.8025	-1	9	13.0
390.0	-0.0945	0.0033	0.1627	0.4436	0.469	-1	9	13.0
390.0	0.0368	0.2055	0.3916	0.4972	0.3423	-1	9	13.0
390.0	-0.0462	-0.2622	0.0329	-0.1775	0.2614	-1	9	13.0
391.0	-0.1275	-0.3296	0.043	-0.1888	0.7978	-1	9	13.033333333333333
391.0	-0.083	-0.0112	0.1685	0.3693	0.5569	-1	9	13.033333333333333
391.0	0.0416	0.2086	0.3916	0.4974	0.2744	-1	9	13.033333333333333
392.0	-0.1138	-0.332	0.0508	-0.1946	0.7622	-1	9	13.066666666666666
392.0	0.0432	0.2107	0.3907	0.4978	0.4433	-1	9	13.066666666666666
392.0	-0.2656	0.2189	-0.0834	0.4987	0.3469	-1	9	13.066666666666666
393.0	-0.1055	-0.3395	0.0569	-0.2013	0.7665	-1	9	13.1
394.0	-0.1055	-0.3397	0.0569	-0.2014	0.7681	-1	9	13.133333333333333
396.0	-0.3209	0.1869	-0.0845	0.5	0.7397	-1	9	13.2
396.0	-0.0867	-0.3754	0.1658	0.3231	0.3334	-1	9	13.2
397.0	-0.3209	0.187	-0.0845	0.5	0.7223	-1	9	13.233333333333333
397.0	-0.0872	-0.3754	0.1658	0.3216	0.3133	-1	9	13.233333333333333
398.0	-0.3132	0.1866	-0.0715	0.4999	0.6229	-1	9	13.266666666666667
398.0	-0.401	0.0559	-0.3205	0.1744	0.5418	-1	9	13.266666666666667
399.0	0.1036	0.2416	0.3926	0.4979	0.6819	-1	9	13.3
399.0	-0.3925	0.04	-0.3124	0.1544	0.5824	-1	9	13.3
399.0	-0.3948	-0.4022	0.1491	0.4991	0.4134	-1	9	13.3
400.0	-0.4248	-0.4165	0.1441	0.5	0.8576	-1	9	13.333333333333334
400.0	0.1293	0.2517	0.394	0.4993	0.5972	-1	9	13.333333333333334
400.0	-0.388	0.0201	-0.3116	0.1375	0.3411	-1	9	13.333333333333334
401.0	-0.4338	-0.4302	0.1414	0.5	0.8566	-1	9	13.366666666666667
402.0	-0.4327	-0.4269	0.1405	0.5	0.9202	-1	9	13.4
403.0	-0.4335	-0.4252	0.1403	0.5	0.9155	-1	9	13.433333333333334
404.0	-0.4334	-0.4252	0.1403	0.5	0.915	-1	9	13.466666666666667
405.0	-0.4357	-0.4244	0.1368	0.5	0.9238	-1	9	13.5
406.0	-0.4377	-0.4262	0.1345	0.5	0.9287	-1	9	13.533333333333333
407.0	-0.4374	-0.4265	0.1352	0.4999	0.8999	-1	9	13.566666666666666
407.0	0.1307	0.2538	0.3944	0.4995	0.5574	-1	9	13.566666666666666
408.0	-0.4269	-0.4052	0.1387	0.5	0.8855	-1	9	13.6
408.0	0.1144	0.247	0.3919	0.4983	0.6103	-1	9	13.6
409.0	-0.4269	-0.405	0.1387	0.5	0.8865	-1	9	13.633333333333333
409.0	0.1144	0.247	0.3917	0.4983	0.6097	-1	9	13.633333333333333
658.0	-0.496	-0.4809	0.3261	0.4955	0.775	-1	29	21.933333333333334
658.0	-0.1248	-0.1212	-0.085	-0.0651	0.3651	-1	29	21.933333333333334
659.0	-0.496	-0.4802	0.3257	0.4955	0.7772	-1	29	21.966666666666665
659.0	-0.1248	-0.1212	-0.085	-0.0651	0.353	-1	29	21.966666666666665
660.0	-0.4903	-0.4957	0.3361	0.4966	0.7022	-1	29	22.0
661.0	-0.4884	-0.4508	0.3439	0.4968	0.6081	-1	29	22.033333333333335
661.0	-0.1246	-0.1136	-0.0895	-0.0646	0.3247	-1	29	22.033333333333335
662.0	-0.4886	-0.2269	0.3252	0.4955	0.6577	-1	29	22.066666666666666
662.0	-0.1249	-0.1105	-0.0899	-0.0634	0.5205	-1	29	22.066666666666666
663.0	-0.4897	-0.2195	0.3177	0.4962	0.6566	-1	29	22.1
663.0	-0.1252	-0.109	-0.0889	-0.0617	0.6313	-1	29	22.1
663.0	0.0819	-0.2023	0.1229	-0.1725	0.3263	-1	29	22.1
664.0	-0.4897	-0.2198	0.3178	0.4962	0.6558	-1	29	22.133333333333333
664.0	-0.1252	-0.109	-0.0889	-0.0617	0.6276	-1	29	22.133333333333333
664.0	0.082	-0.2021	0.1225	-0.1725	0.3212	-1	29	22.133333333333333
665.0	-0.4918	-0.2216	0.3199	0.4964	0.7159	-1	29	22.166666666666668
665.0	0.0822	-0.2046	0.1247	-0.1692	0.7109	-1	29	22.166666666666668
665.0	-0.1254	-0.1069	-0.0889	-0.058	0.6395	-1	29	22.166666666666668
666.0	0.0817	-0.2048	0.1255	-0.1647	0.7283	-1	29	22.2
666.0	-0.4873	-0.2034	0.3195	0.4959	0.6747	-1	29	22.2
667.0	0.0813	-0.2074	0.1275	-0.1604	0.7349	-1	29	22.233333333333334
667.0	-0.4918	-0.2101	0.3145	0.496	0.6245	-1	29	22.233333333333334
668.0	0.0794	-0.2075	0.1255	-0.1548	0.7749	-1	29	22.266666666666666
668.0	-0.4949	-0.1996	0.3143	0.4962	0.5947	-1	29	22.266666666666666
669.0	0.0793	-0.2076	0.1256	-0.1548	0.7758	-1	29	22.3
669.0	-0.4948	-0.1997	0.3143	0.4962	0.5871	-1	29	22.3
670.0	0.0782	-0.2038	0.1249	-0.1488	0.7712	-1	29	22.333333333333332
670.0	-0.4739	-0.1982	0.3344	0.4981	0.4117	-1	29	22.333333333333332
670.0	-0.1298	-0.0835	-0.0933	-0.0335	0.3654	-1	29	22.333333333333332
670.0	-0.0052	-0.4098	0.007	-0.3742	0.3054	-1	29	22.333333333333332
670.0	0.0293	-0.1105	0.1031	0.0028	0.2979	-1	29	22.333333333333332
671.0	-0.1304	-0.0785	-0.0936	-0.0273	0.646	-1	29	22.366666666666667
671.0	0.0787	-0.2014	0.1271	-0.1442	0.477	-1	29	22.366666666666667
671.0	0.0303	-0.1043	0.1022	0.0074	0.4042	-1	29	22.366666666666667
671.0	-0.4734	-0.2021	0.3364	0.4989	0.3651	-1	29	22.366666666666667
672.0	0.077	-0.1978	0.1336	-0.1411	0.5611	-1	29	22.4
672.0	-0.2574	-0.1919	0.3666	0.4994	0.3968	-1	29	22.4
672.0	-0.1309	-0.076	-0.0947	-0.0194	0.3765	-1	29	22.4
672.0	0.031	-0.0992	0.1017	0.0089	0.3096	-1	29	22.4
673.0	0.0341	-0.0962	0.1008	0.0142	0.5973	-1	29	22.433333333333334
673.0	-0.2255	-0.1969	0.3585	0.4988	0.5211	-1	29	22.433333333333334
673.0	0.075	-0.1984	0.1403	-0.1346	0.4656	-1	29	22.433333333333334
673.0	0.0197	-0.3306	0.0346	-0.3058	0.3443	-1	29	22.433333333333334
674.0	0.0338	-0.0962	0.1008	0.0143	0.5571	-1	29	22.466666666666665
674.0	-0.2253	-0.1967	0.3586	0.4988	0.5284	-1	29	22.466666666666665
674.0	0.0751	-0.1984	0.1403	-0.1346	0.4795	-1	29	22.466666666666665
674.0	0.0199	-0.3307	0.0346	-0.3062	0.3254	-1	29	22.466666666666665
675.0	0.0319	-0.0926	0.0998	0.0195	0.602	-1	29	22.5
675.0	-0.0486	0.3977	-0.0022	0.5	0.5283	-1	29	22.5
675.0	-0.3547	-0.1892	0.3533	0.4982	0.4275	-1	29	22.5
675.0	0.0741	-0.1875	0.1263	-0.1308	0.3036	-1	29	22.5
675.0	-0.0111	0.0244	0.028	0.0884	0.2651	-1	29	22.5
676.0	0.0722	-0.1754	0.1179	-0.124	0.536	-1	29	22.533333333333335
676.0	-0.0028	-0.4507	0.0133	-0.4013	0.3149	-1	29	22.533333333333335
676.0	-0.1733	-0.1803	0.3514	0.4982	0.2649	-1	29	22.533333333333335
676.0	-0.048	0.4068	-0.0038	0.4997	0.2532	-1	29	22.533333333333335
677.0	0.07	-0.1711	0.1157	-0.1166	0.8262	-1	29	22.566666666666666
677.0	-0.069	-0.1661	0.3589	0.4984	0.5087	-1	29	22.566666666666666
677.0	-0.0458	0.4128	-0.0052	0.4999	0.4968	-1	29	22.566666666666666
678.0	0.0695	-0.1631	0.1108	-0.1134	0.8084	-1	29	22.6
678.0	-0.0453	0.4177	-0.0069	0.4976	0.7385	-1	29	22.6
678.0	-0.025	-0.0699	0.0944	0.1101	0.7248	-1	29	22.6
678.0	-0.1364	-0.045	-0.1025	0.0007	0.4482	-1	29	22.6
678.0	-0.0385	0.1791	-0.023	0.2082	0.3147	-1	29	22.6
678.0	-0.1911	0.3471	-0.1801	0.3782	0.3062	-1	29	22.6
678.0	0.1426	-0.039	0.157	-0.0031	0.2545	-1	29	22.6
679.0	0.0694	-0.1632	0.1108	-0.1134	0.8085	-1	29	22.633333333333333
679.0	-0.0454	0.4178	-0.0069	0.4976	0.7389	-1	29	22.633333333333333
679.0	-0.0249	-0.0699	0.0944	0.1099	0.7366	-1	29	22.633333333333333
679.0	-0.1364	-0.0451	-0.102	-0.0012	0.4505	-1	29	22.633333333333333
679.0	-0.0385	0.1791	-0.023	0.2082	0.3225	-1	29	22.633333333333333
679.0	-0.1911	0.3471	-0.1801	0.3782	0.3119	-1	29	22.633333333333333
679.0	0.1426	-0.0389	0.157	-0.0031	0.2546	-1	29	22.633333333333333
680.0	0.0744	-0.1534	0.1099	-0.108	0.7654	-1	29	22.666666666666668
680.0	-0.0454	0.4202	-0.0084	0.498	0.747	-1	29	22.666666666666668
680.0	0.0278	-0.0665	0.0925	0.0422	0.3777	-1	29	22.666666666666668
680.0	-0.0401	0.1843	-0.0242	0.213	0.3139	-1	29	22.666666666666668
680.0	-0.1656	-0.1457	0.3648	0.4981	0.3104	-1	29	22.666666666666668
681.0	-0.0435	0.4227	-0.0097	0.4976	0.7307	-1	29	22.7
681.0	-0.1667	-0.1251	0.367	0.498	0.6014	-1	29	22.7
681.0	0.0082	-0.5	0.0641	-0.409	0.3645	-1	29	22.7
681.0	-0.1651	-0.076	0.0906	0.311	0.2582	-1	29	22.7
682.0	-0.0402	0.425	-0.0103	0.4976	0.8035	-1	29	22.733333333333334
682.0	-0.1648	-0.0967	0.3671	0.498	0.5528	-1	29	22.733333333333334
682.0	-0.167	0.013	-0.0572	0.3268	0.3813	-1	29	22.733333333333334
682.0	-0.1426	-0.0309	-0.1073	0.0154	0.3367	-1	29	22.733333333333334
682.0	-0.1951	0.3616	-0.185	0.3933	0.2905	-1	29	22.733333333333334
682.0	-0.0431	0.19	-0.0258	0.2204	0.2788	-1	29	22.733333333333334
683.0	-0.1698	0.0146	-0.0612	0.3259	0.8598	-1	29	22.766666666666666
683.0	-0.0418	0.4264	-0.0117	0.4987	0.8225	-1	29	22.766666666666666
683.0	-0.1964	0.3631	-0.1862	0.3949	0.5026	-1	29	22.766666666666666
683.0	-0.195	0.4217	-0.1778	0.4635	0.4298	-1	29	22.766666666666666
683.0	-0.0442	0.1966	-0.029	0.2217	0.317	-1	29	22.766666666666666
684.0	-0.1698	0.0155	-0.0612	0.3258	0.8606	-1	29	22.8
684.0	-0.0417	0.4264	-0.0117	0.4987	0.8232	-1	29	22.8
684.0	-0.1964	0.3631	-0.1862	0.3949	0.5039	-1	29	22.8
684.0	-0.195	0.4217	-0.1778	0.4635	0.4299	-1	29	22.8
684.0	-0.0442	0.1966	-0.029	0.2217	0.3169	-1	29	22.8
685.0	-0.0415	0.4255	-0.013	0.4986	0.8147	-1	29	22.833333333333332
685.0	-0.1703	-0.0133	-0.0613	0.323	0.7416	-1	29	22.833333333333332
685.0	-0.1978	0.3654	-0.1877	0.3958	0.4966	-1	29	22.833333333333332
685.0	-0.1958	0.4238	-0.1789	0.4658	0.3683	-1	29	22.833333333333332
685.0	-0.0453	0.2038	-0.0282	0.2255	0.2647	-1	29	22.833333333333332
686.0	-0.0424	0.4281	-0.0152	0.4987	0.7771	-1	29	22.866666666666667
686.0	-0.1726	0.014	-0.062	0.3168	0.6968	-1	29	22.866666666666667
686.0	-0.1998	0.3665	-0.189	0.3979	0.3253	-1	29	22.866666666666667
686.0	-0.1476	-0.0277	-0.1134	0.0208	0.2815	-1	29	22.866666666666667
686.0	0.0017	-0.5	0.0669	-0.4043	0.2612	-1	29	22.866666666666667
687.0	-0.0451	0.4286	-0.0179	0.4987	0.7443	-1	29	22.9
687.0	-0.1763	0.0377	-0.0598	0.3214	0.5115	-1	29	22.9
687.0	-0.0018	-0.5	0.0618	-0.4033	0.3947	-1	29	22.9
687.0	-0.1501	-0.0241	-0.1187	0.0209	0.3384	-1	29	22.9
687.0	-0.2024	0.367	-0.1908	0.3992	0.3243	-1	29	22.9
687.0	0.0587	-0.1628	0.1062	-0.096	0.296	-1	29	22.9
688.0	0.0548	-0.1653	0.1098	-0.0936	0.6882	-1	29	22.933333333333334
688.0	-0.0083	-0.5	0.0596	-0.404	0.5745	-1	29	22.933333333333334
688.0	-0.0477	0.4253	-0.0192	0.4986	0.4986	-1	29	22.933333333333334
688.0	-0.0384	0.0412	-0.0271	0.0758	0.317	-1	29	22.933333333333334
688.0	-0.153	-0.0233	-0.1175	0.0217	0.3083	-1	29	22.933333333333334
688.0	-0.1777	0.0425	-0.06	0.3208	0.252	-1	29	22.933333333333334
689.0	0.0548	-0.1653	0.1098	-0.0936	0.6871	-1	29	22.966666666666665
689.0	-0.0083	-0.5	0.0596	-0.404	0.5716	-1	29	22.966666666666665
689.0	-0.0477	0.4253	-0.0192	0.4986	0.4959	-1	29	22.966666666666665
689.0	-0.0384	0.0412	-0.0271	0.0758	0.316	-1	29	22.966666666666665
689.0	-0.153	-0.0233	-0.1175	0.0217	0.3037	-1	29	22.966666666666665
690.0	0.0505	-0.1679	0.1124	-0.0966	0.6882	-1	29	23.0
690.0	-0.0511	0.4288	-0.0231	0.4987	0.4949	-1	29	23.0
690.0	-0.0418	0.038	-0.0303	0.0768	0.3955	-1	29	23.0
690.0	0.0314	-0.0584	0.043	-0.0178	0.3498	-1	29	23.0
690.0	-0.011	-0.5	0.0568	-0.4044	0.3296	-1	29	23.0
690.0	-0.2069	0.4254	-0.1889	0.4718	0.3139	-1	29	23.0
690.0	0.0703	-0.0519	0.3877	0.4985	0.2626	-1	29	23.0
691.0	-0.0132	-0.5	0.0556	-0.4074	0.5904	-1	29	23.033333333333335
691.0	-0.054	0.4261	-0.027	0.499	0.4358	-1	29	23.033333333333335
691.0	-0.2211	-0.0431	0.373	0.4987	0.3218	-1	29	23.033333333333335
691.0	0.0471	-0.1749	0.1149	-0.0982	0.2532	-1	29	23.033333333333335
692.0	-0.0161	-0.5	0.0522	-0.4084	0.5622	-1	29	23.066666666666666
692.0	-0.0576	0.4292	-0.0306	0.4981	0.5548	-1	29	23.066666666666666
692.0	0.0439	-0.1819	0.1152	-0.0972	0.4619	-1	29	23.066666666666666
692.0	-0.2942	-0.0359	0.3723	0.4987	0.3217	-1	29	23.066666666666666
693.0	-0.0641	0.4254	-0.0325	0.4983	0.7245	-1	29	23.1
693.0	-0.0198	-0.5	0.0428	-0.4127	0.6473	-1	29	23.1
693.0	0.0412	-0.2066	0.1212	-0.0996	0.5836	-1	29	23.1
693.0	-0.2308	-0.0476	0.3703	0.4988	0.4944	-1	29	23.1
693.0	-0.0439	0.0518	-0.0074	0.1094	0.4395	-1	29	23.1
694.0	-0.064	0.4254	-0.0325	0.4983	0.7255	-1	29	23.133333333333333
694.0	-0.0197	-0.5	0.0428	-0.4127	0.6492	-1	29	23.133333333333333
694.0	0.0411	-0.2066	0.1212	-0.0995	0.594	-1	29	23.133333333333333
694.0	-0.2311	-0.0475	0.3708	0.4988	0.4915	-1	29	23.133333333333333
694.0	-0.0438	0.0518	-0.0074	0.1094	0.444	-1	29	23.133333333333333
695.0	0.0382	-0.2085	0.1235	-0.1044	0.7793	-1	29	23.166666666666668
695.0	-0.0691	0.4214	-0.0352	0.4982	0.7314	-1	29	23.166666666666668
695.0	-0.022	-0.5	0.0441	-0.4136	0.6041	-1	29	23.166666666666668
695.0	-0.2207	-0.0594	0.3697	0.4989	0.5256	-1	29	23.166666666666668
695.0	-0.0497	0.0541	-0.0105	0.1096	0.4291	-1	29	23.166666666666668
695.0	-0.2188	0.4212	-0.2015	0.4623	0.4016	-1	29	23.166666666666668
695.0	-0.1934	0.0202	-0.0826	0.3229	0.2863	-1	29	23.166666666666668
696.0	0.0361	-0.2124	0.1247	-0.1064	0.7505	-1	29	23.2
696.0	-0.0747	0.4104	-0.0382	0.4988	0.75	-1	29	23.2
696.0	-0.0525	0.0506	-0.0149	0.1071	0.6206	-1	29	23.2
696.0	-0.3131	-0.0533	0.3745	0.4987	0.4105	-1	29	23.2
696.0	0.0533	-0.3031	0.1208	-0.234	0.3444	-1	29	23.2
696.0	-0.0267	-0.5	0.042	-0.4173	0.2889	-1	29	23.2
697.0	-0.0795	0.4107	-0.0426	0.4991	0.7106	-1	29	23.233333333333334
697.0	-0.0567	0.0501	-0.0181	0.1051	0.646	-1	29	23.233333333333334
697.0	0.0292	-0.2123	0.125	-0.1074	0.5889	-1	29	23.233333333333334
697.0	-0.2774	-0.0621	0.3654	0.4983	0.5379	-1	29	23.233333333333334
697.0	0.0562	-0.3057	0.1213	-0.2343	0.3213	-1	29	23.233333333333334
697.0	-0.0321	-0.5	0.0365	-0.4208	0.2751	-1	29	23.233333333333334
698.0	-0.0864	0.4069	-0.0478	0.4985	0.7558	-1	29	23.266666666666666
698.0	0.0233	-0.2177	0.1226	-0.1122	0.6855	-1	29	23.266666666666666
698.0	-0.2527	-0.0666	0.364	0.4976	0.5603	-1	29	23.266666666666666
698.0	-0.0616	0.0486	-0.025	0.1022	0.5103	-1	29	23.266666666666666
698.0	-0.2316	0.4161	-0.2147	0.4556	0.2605	-1	29	23.266666666666666
699.0	-0.0864	0.4069	-0.0478	0.4985	0.754	-1	29	23.3
699.0	0.0233	-0.2177	0.1227	-0.1122	0.6845	-1	29	23.3
699.0	-0.2524	-0.0665	0.364	0.4977	0.5678	-1	29	23.3
699.0	-0.0616	0.0486	-0.025	0.1022	0.5107	-1	29	23.3
699.0	-0.2316	0.4161	-0.2147	0.4556	0.2579	-1	29	23.3
755.0	-0.0639	0.1826	0.002	0.4947	0.4903	-1	29	25.166666666666668
761.0	-0.0635	0.1791	0.0092	0.4903	0.4448	-1	29	25.366666666666667
762.0	-0.064	0.1781	0.008	0.4922	0.3427	-1	29	25.4
763.0	-0.0639	0.1782	0.0079	0.4922	0.3351	-1	29	25.433333333333334
769.0	-0.0635	0.1745	0.0093	0.4936	0.2503	-1	29	25.633333333333333
770.0	-0.0636	0.174	0.0093	0.4935	0.3325	-1	29	25.666666666666668
771.0	-0.0636	0.1729	0.0104	0.4934	0.4041	-1	29	25.7
772.0	-0.0639	0.1725	0.0099	0.493	0.267	-1	29	25.733333333333334
773.0	-0.0638	0.1725	0.0099	0.493	0.2699	-1	29	25.766666666666666
775.0	-0.0636	0.1718	0.0106	0.4929	0.2856	-1	29	25.833333333333332
797.0	-0.3478	-0.4617	-0.0088	0.0474	0.8981	-1	29	26.566666666666666
798.0	-0.3446	-0.4729	-0.0014	0.0289	0.7778	-1	29	26.6
799.0	-0.344	-0.4808	0.0003	0.0193	0.8691	-1	29	26.633333333333333
799.0	0.412	-0.1684	0.4678	-0.0487	0.4521	-1	29	26.633333333333333
800.0	-0.3476	-0.4807	-0.0018	0.0252	0.868	-1	29	26.666666666666668
800.0	0.412	-0.1681	0.4675	-0.0481	0.5013	-1	29	26.666666666666668
801.0	-0.3481	-0.4786	-0.0005	0.0159	0.8575	-1	29	26.7
802.0	-0.3398	-0.469	0.0037	0.0173	0.865	-1	29	26.733333333333334
802.0	-0.2482	-0.1449	-0.2031	0.0022	0.2696	-1	29	26.733333333333334
803.0	-0.3399	-0.469	0.0038	0.0167	0.8628	-1	29	26.766666666666666
803.0	-0.2482	-0.145	-0.2031	0.0021	0.2693	-1	29	26.766666666666666
804.0	-0.3496	-0.4583	0.0062	0.0313	0.8625	-1	29	26.8
805.0	-0.3476	-0.461	0.0081	0.0252	0.8627	-1	29	26.833333333333332
806.0	-0.3457	-0.4659	0.0103	0.0162	0.9155	-1	29	26.866666666666667
807.0	-0.3464	-0.4785	0.0116	0.0035	0.9262	-1	29	26.9
808.0	-0.3464	-0.4784	0.0116	0.0037	0.9266	-1	29	26.933333333333334
809.0	-0.345	-0.4816	0.0109	-0.0001	0.92	-1	29	26.966666666666665
810.0	-0.3432	-0.4926	0.0143	-0.011	0.9245	-1	29	27.0
810.0	-0.2435	-0.137	-0.1986	0.0094	0.6175	-1	29	27.0
811.0	-0.3433	-0.4927	0.0142	-0.0108	0.9241	-1	29	27.033333333333335
811.0	-0.2435	-0.137	-0.1986	0.0094	0.6045	-1	29	27.033333333333335
812.0	-0.3346	-0.4926	0.0158	-0.0163	0.9235	-1	29	27.066666666666666
812.0	-0.2423	-0.1369	-0.1972	0.0091	0.6411	-1	29	27.066666666666666
813.0	-0.3294	-0.4969	0.0169	-0.016	0.9331	-1	29	27.1
813.0	-0.2419	-0.1375	-0.1967	0.0087	0.6998	-1	29	27.1
813.0	0.423	-0.167	0.4768	-0.0444	0.4051	-1	29	27.1
814.0	-0.3187	-0.4952	0.0228	-0.0183	0.9319	-1	29	27.133333333333333
814.0	-0.2402	-0.1386	-0.1951	0.0088	0.6368	-1	29	27.133333333333333
814.0	0.4231	-0.1678	0.4979	-0.0366	0.2615	-1	29	27.133333333333333
814.0	0.4245	-0.1678	0.4794	-0.0437	0.2518	-1	29	27.133333333333333
815.0	-0.3253	-0.4973	0.0211	-0.0125	0.9314	-1	29	27.166666666666668
815.0	-0.2388	-0.1355	-0.1938	0.0111	0.5135	-1	29	27.166666666666668
816.0	-0.3234	-0.4964	0.0259	-0.0135	0.9256	-1	29	27.2
816.0	-0.236	-0.1316	-0.1916	0.0134	0.6332	-1	29	27.2
816.0	0.2968	0.1003	0.4058	0.1746	0.319	-1	29	27.2
817.0	-0.3302	-0.496	0.0258	-0.0106	0.9197	-1	29	27.233333333333334
817.0	-0.2341	-0.1309	-0.1903	0.0137	0.7093	-1	29	27.233333333333334
818.0	-0.3302	-0.496	0.0262	-0.0103	0.9197	-1	29	27.266666666666666
818.0	-0.2341	-0.1309	-0.1903	0.0137	0.7079	-1	29	27.266666666666666
819.0	-0.3305	-0.4947	0.0268	-0.0094	0.9183	-1	29	27.3
819.0	-0.2319	-0.1292	-0.1877	0.0171	0.7144	-1	29	27.3
820.0	-0.3284	-0.4935	0.0256	-0.0079	0.9202	-1	29	27.333333333333332
820.0	-0.2309	-0.1267	-0.1854	0.02	0.7541	-1	29	27.333333333333332
820.0	0.3027	0.1072	0.4084	0.1823	0.3196	-1	29	27.333333333333332
821.0	-0.3246	-0.4915	0.0309	-0.0056	0.8866	-1	29	27.366666666666667
821.0	-0.2295	-0.1255	-0.1831	0.0245	0.7253	-1	29	27.366666666666667
822.0	-0.3207	-0.4933	0.0323	-0.0068	0.9071	-1	29	27.4
822.0	-0.2281	-0.1234	-0.1815	0.0266	0.7274	-1	29	27.4
823.0	-0.3207	-0.4933	0.0322	-0.0068	0.9077	-1	29	27.433333333333334
823.0	-0.2281	-0.1234	-0.1815	0.0266	0.7253	-1	29	27.433333333333334
824.0	-0.3138	-0.4952	0.0301	-0.0125	0.9051	-1	29	27.466666666666665
824.0	-0.2259	-0.1201	-0.1795	0.0301	0.728	-1	29	27.466666666666665
824.0	0.3024	0.1163	0.4243	0.1917	0.2602	-1	29	27.466666666666665
825.0	-0.3185	-0.4919	0.033	-0.0064	0.9201	-1	29	27.5
825.0	-0.2245	-0.1132	-0.178	0.035	0.6612	-1	29	27.5
826.0	-0.3142	-0.4909	0.033	-0.0157	0.91	-1	29	27.533333333333335
826.0	-0.2222	-0.1059	-0.1763	0.0408	0.7166	-1	29	27.533333333333335
827.0	-0.3143	-0.4908	0.0328	-0.016	0.9096	-1	29	27.566666666666666
827.0	-0.2222	-0.1059	-0.1763	0.0408	0.7161	-1	29	27.566666666666666
828.0	-0.3134	-0.4895	0.0401	-0.0108	0.9018	-1	29	27.6
828.0	-0.2213	-0.1007	-0.1754	0.0441	0.6809	-1	29	27.6
829.0	-0.3078	-0.4911	0.0489	-0.0092	0.9004	-1	29	27.633333333333333
829.0	-0.2179	-0.099	-0.1723	0.0481	0.6463	-1	29	27.633333333333333
830.0	-0.314	-0.489	0.0431	0.0057	0.8984	-1	29	27.666666666666668
830.0	-0.2178	-0.0924	-0.1715	0.0555	0.7531	-1	29	27.666666666666668
831.0	-0.2947	-0.4836	0.0509	0.0007	0.8788	-1	29	27.7
831.0	-0.2154	-0.0991	-0.1687	0.0654	0.7369	-1	29	27.7
832.0	-0.296	-0.4927	0.0483	-0.0111	0.8544	-1	29	27.733333333333334
832.0	-0.2139	-0.076	-0.1671	0.0706	0.7589	-1	29	27.733333333333334
833.0	-0.296	-0.4927	0.0482	-0.0106	0.8536	-1	29	27.766666666666666
833.0	-0.2138	-0.076	-0.1671	0.0706	0.7595	-1	29	27.766666666666666
834.0	-0.2917	-0.4922	0.0493	0.0227	0.8582	-1	29	27.8
834.0	-0.2118	-0.0698	-0.1655	0.0826	0.8131	-1	29	27.8
834.0	0.3604	-0.1249	0.4991	0.0613	0.3406	-1	29	27.8
835.0	-0.2923	-0.4927	0.0507	0.0242	0.8501	-1	29	27.833333333333332
835.0	-0.2119	-0.0698	-0.1655	0.0825	0.8118	-1	29	27.833333333333332
835.0	0.3597	-0.126	0.4992	0.061	0.3419	-1	29	27.833333333333332
836.0	-0.2107	-0.0616	-0.1642	0.0916	0.7792	-1	29	27.866666666666667
836.0	-0.2969	-0.4925	0.0553	0.0429	0.7787	-1	29	27.866666666666667
837.0	-0.2914	-0.4921	0.0606	0.0484	0.8083	-1	29	27.9
837.0	-0.2095	-0.0551	-0.1623	0.0986	0.7571	-1	29	27.9
838.0	-0.2917	-0.4893	0.0536	0.0504	0.787	-1	29	27.933333333333334
838.0	-0.209	-0.0462	-0.161	0.1034	0.7678	-1	29	27.933333333333334
838.0	0.3472	-0.3636	0.4985	0.0801	0.4125	-1	29	27.933333333333334
839.0	-0.2916	-0.4891	0.0524	0.0489	0.7891	-1	29	27.966666666666665
839.0	-0.209	-0.0462	-0.161	0.1034	0.7709	-1	29	27.966666666666665
839.0	0.3471	-0.3636	0.4985	0.0801	0.4225	-1	29	27.966666666666665
840.0	-0.2891	-0.4876	0.051	0.0221	0.8463	-1	29	28.0
840.0	-0.2068	-0.0432	-0.1587	0.1083	0.758	-1	29	28.0
840.0	0.3469	-0.3574	0.4985	0.088	0.6155	-1	29	28.0
841.0	-0.292	-0.4876	0.0492	0.0196	0.8272	-1	29	28.033333333333335
841.0	-0.2061	-0.0388	-0.1578	0.1158	0.8045	-1	29	28.033333333333335
841.0	0.3506	-0.3494	0.4984	0.0918	0.5213	-1	29	28.033333333333335
842.0	-0.288	-0.4823	0.0443	-0.0042	0.8296	-1	29	28.066666666666666
842.0	-0.2049	-0.034	-0.1568	0.1236	0.7969	-1	29	28.066666666666666
842.0	0.3496	-0.3406	0.4984	0.0962	0.3607	-1	29	28.066666666666666
843.0	-0.2045	-0.0255	-0.1555	0.1298	0.8108	-1	29	28.1
843.0	-0.2886	-0.4856	0.0426	-0.0345	0.7973	-1	29	28.1
844.0	-0.2045	-0.0255	-0.1555	0.1298	0.8102	-1	29	28.133333333333333
844.0	-0.2886	-0.4855	0.0427	-0.0344	0.8001	-1	29	28.133333333333333
845.0	-0.2037	-0.0202	-0.1546	0.1346	0.8273	-1	29	28.166666666666668
845.0	-0.2944	-0.4789	0.0463	0.0229	0.4736	-1	29	28.166666666666668
845.0	-0.2952	-0.4776	0.1272	0.111	0.3168	-1	29	28.166666666666668
846.0	-0.2029	-0.0142	-0.1542	0.1444	0.8036	-1	29	28.2
846.0	-0.3034	-0.4866	0.0436	0.0213	0.4608	-1	29	28.2
846.0	-0.1845	-0.0834	-0.1549	-0.0081	0.3705	-1	29	28.2
847.0	-0.2017	-0.01	-0.1532	0.1474	0.7923	-1	29	28.233333333333334
847.0	-0.3083	-0.4611	0.0905	0.1054	0.6984	-1	29	28.233333333333334
847.0	-0.1821	-0.0789	-0.1538	-0.0049	0.2641	-1	29	28.233333333333334
848.0	-0.2009	-0.0061	-0.153	0.1525	0.8058	-1	29	28.266666666666666
848.0	-0.2567	-0.4895	0.081	0.137	0.3953	-1	29	28.266666666666666
848.0	-0.1825	-0.075	-0.154	0.0009	0.2939	-1	29	28.266666666666666
849.0	-0.2009	-0.0061	-0.153	0.1525	0.8048	-1	29	28.3
849.0	-0.2602	-0.4895	0.0808	0.1373	0.3969	-1	29	28.3
849.0	-0.1825	-0.075	-0.154	0.0009	0.2907	-1	29	28.3
850.0	-0.2004	0.0005	-0.1522	0.1571	0.7734	-1	29	28.333333333333332
850.0	-0.2494	-0.4871	0.0561	0.1312	0.4695	-1	29	28.333333333333332
851.0	-0.1996	0.0051	-0.1512	0.1616	0.7291	-1	29	28.366666666666667
851.0	-0.2436	-0.4847	0.1047	0.1426	0.4674	-1	29	28.366666666666667
852.0	-0.1992	0.0101	-0.1513	0.1659	0.7779	-1	29	28.4
852.0	-0.2445	-0.4871	0.0469	0.0422	0.4799	-1	29	28.4
853.0	-0.1978	0.0162	-0.1505	0.1748	0.8376	-1	29	28.433333333333334
853.0	-0.2421	-0.4818	0.1481	0.1584	0.6702	-1	29	28.433333333333334
853.0	-0.1803	-0.0513	-0.1511	0.0241	0.4439	-1	29	28.433333333333334
854.0	-0.1966	0.0236	-0.1489	0.1876	0.7702	-1	29	28.466666666666665
854.0	-0.2392	-0.4148	0.1138	0.14	0.2867	-1	29	28.466666666666665
855.0	-0.1965	0.0361	-0.1469	0.194	0.7116	-1	29	28.5
855.0	-0.1877	-0.4576	0.1703	0.2678	0.4809	-1	29	28.5
855.0	0.3463	-0.2707	0.499	0.1833	0.2543	-1	29	28.5
856.0	-0.1867	-0.5	0.1968	0.1942	0.8228	-1	29	28.533333333333335
856.0	-0.2018	0.0445	-0.1477	0.2139	0.4253	-1	29	28.533333333333335
857.0	-0.1743	-0.5	0.2121	0.1956	0.8546	-1	29	28.566666666666666
857.0	-0.1987	0.0512	-0.1451	0.2141	0.5579	-1	29	28.566666666666666
858.0	-0.1743	-0.5	0.2122	0.1957	0.8576	-1	29	28.6
858.0	-0.1986	0.0512	-0.1451	0.2142	0.5532	-1	29	28.6
859.0	-0.1942	0.0557	-0.1444	0.2132	0.6423	-1	29	28.633333333333333
859.0	-0.1552	-0.5	0.155	-0.1591	0.5217	-1	29	28.633333333333333
859.0	0.1047	-0.1638	0.2242	0.1755	0.3003	-1	29	28.633333333333333
860.0	-0.1942	0.0558	-0.1445	0.2132	0.6397	-1	29	28.666666666666668
860.0	-0.1553	-0.5	0.153	-0.1601	0.5368	-1	29	28.666666666666668
860.0	0.1047	-0.1638	0.2242	0.1761	0.2975	-1	29	28.666666666666668
861.0	-0.1976	0.0604	-0.1444	0.2192	0.6984	-1	29	28.7
861.0	-0.139	-0.5	0.2238	0.1814	0.5282	-1	29	28.7
861.0	0.3348	0.0407	0.3542	0.1399	0.396	-1	29	28.7
861.0	-0.4989	0.2739	0.19	0.4973	0.2977	-1	29	28.7
862.0	-0.1224	-0.4994	0.2279	0.1754	0.9201	-1	29	28.733333333333334
862.0	-0.1927	0.0693	-0.1434	0.2271	0.8024	-1	29	28.733333333333334
863.0	-0.13	-0.5	0.2243	0.1896	0.7206	-1	29	28.766666666666666
863.0	0.102	-0.2121	0.2246	0.1878	0.5815	-1	29	28.766666666666666
863.0	-0.129	-0.5	0.1359	-0.2078	0.3393	-1	29	28.766666666666666
864.0	-0.1497	-0.5	0.2212	0.1984	0.9275	-1	29	28.8
864.0	-0.1898	0.0925	-0.1412	0.2538	0.7094	-1	29	28.8
865.0	-0.089	0.0366	0.0311	0.1046	0.7981	-1	29	28.833333333333332
865.0	0.2175	0.4001	0.2342	0.4606	0.5569	-1	29	28.833333333333332
866.0	-0.0853	0.0233	0.036	0.0942	0.7219	-1	29	28.866666666666667
866.0	0.2175	0.3834	0.2341	0.449	0.6375	-1	29	28.866666666666667
867.0	-0.0852	0.0235	0.036	0.0942	0.7162	-1	29	28.9
867.0	0.2175	0.3833	0.2341	0.449	0.6539	-1	29	28.9
868.0	0.2187	0.3721	0.2352	0.4377	0.6703	-1	29	28.933333333333334
868.0	0.2062	0.4597	0.2197	0.4955	0.385	-1	29	28.933333333333334
869.0	0.2088	0.4463	0.2204	0.4808	0.7018	-1	29	28.966666666666665
869.0	-0.0787	-0.0169	0.0523	0.0525	0.6487	-1	29	28.966666666666665
869.0	0.2215	0.3565	0.237	0.4218	0.6344	-1	29	28.966666666666665
870.0	0.2108	0.4316	0.2231	0.4631	0.6778	-1	29	29.0
870.0	0.223	0.3435	0.2391	0.4075	0.656	-1	29	29.0
870.0	-0.0762	-0.0381	0.0525	0.0313	0.4479	-1	29	29.0
870.0	0.2717	0.4271	0.2993	0.4895	0.2551	-1	29	29.0
871.0	0.2135	0.4178	0.2252	0.452	0.7774	-1	29	29.033333333333335
871.0	0.2253	0.3278	0.2416	0.394	0.6445	-1	29	29.033333333333335
872.0	0.2282	0.3126	0.2447	0.3784	0.7142	-1	29	29.066666666666666
872.0	-0.0639	-0.0779	0.0589	-0.0159	0.6932	-1	29	29.066666666666666
872.0	0.2156	0.4005	0.229	0.4351	0.6368	-1	29	29.066666666666666
873.0	0.2282	0.3126	0.2447	0.3785	0.7163	-1	29	29.1
873.0	-0.0639	-0.0781	0.0589	-0.016	0.6955	-1	29	29.1
873.0	0.2156	0.4005	0.229	0.4352	0.6382	-1	29	29.1
874.0	0.2299	0.2971	0.2462	0.3631	0.7339	-1	29	29.133333333333333
874.0	0.2172	0.3845	0.2302	0.4193	0.6337	-1	29	29.133333333333333
875.0	0.2299	0.2971	0.2462	0.363	0.7251	-1	29	29.166666666666668
875.0	0.2172	0.3845	0.2302	0.4193	0.6353	-1	29	29.166666666666668
876.0	0.2314	0.2818	0.248	0.3472	0.7638	-1	29	29.2
876.0	0.219	0.3666	0.232	0.4016	0.4873	-1	29	29.2
877.0	0.2335	0.2595	0.25	0.3263	0.7982	-1	29	29.233333333333334
877.0	0.22	0.3466	0.2334	0.3823	0.7012	-1	29	29.233333333333334
878.0	0.2357	0.2434	0.2526	0.3125	0.8112	-1	29	29.266666666666666
878.0	0.2228	0.3301	0.2354	0.3648	0.7519	-1	29	29.266666666666666
878.0	0.1927	0.4427	0.2084	0.495	0.5222	-1	29	29.266666666666666
879.0	0.2376	0.2322	0.2545	0.2984	0.816	-1	29	29.3
879.0	0.2246	0.3172	0.2374	0.3513	0.6817	-1	29	29.3
879.0	0.1934	0.4301	0.2087	0.494	0.608	-1	29	29.3
880.0	0.2398	0.2302	0.2564	0.2963	0.7838	-1	29	29.333333333333332
880.0	0.1968	0.4328	0.2121	0.4937	0.6961	-1	29	29.333333333333332
880.0	0.2272	0.3152	0.2406	0.3479	0.6832	-1	29	29.333333333333332
880.0	0.0725	-0.0394	0.2396	0.4922	0.2755	-1	29	29.333333333333332
881.0	0.2398	0.2302	0.2564	0.2963	0.7825	-1	29	29.366666666666667
881.0	0.1968	0.4324	0.2124	0.4937	0.7107	-1	29	29.366666666666667
881.0	0.2272	0.3152	0.2406	0.3479	0.6834	-1	29	29.366666666666667
881.0	0.0721	-0.0394	0.2395	0.4922	0.2885	-1	29	29.366666666666667
882.0	0.2423	0.223	0.2598	0.2883	0.7714	-1	29	29.4
882.0	0.2298	0.3071	0.2429	0.3428	0.5009	-1	29	29.4
882.0	0.1998	0.4201	0.2176	0.4868	0.4128	-1	29	29.4
882.0	0.1985	0.4061	0.2551	0.4898	0.3537	-1	29	29.4
883.0	0.2457	0.2049	0.2635	0.2719	0.7801	-1	29	29.433333333333334
883.0	0.2319	0.2885	0.2457	0.3261	0.607	-1	29	29.433333333333334
883.0	0.2022	0.38	0.2612	0.4669	0.5114	-1	29	29.433333333333334
883.0	0.2034	0.3909	0.2397	0.4678	0.4245	-1	29	29.433333333333334
884.0	0.2486	0.204	0.2662	0.2677	0.7115	-1	29	29.466666666666665
884.0	0.2366	0.2877	0.2501	0.3225	0.6276	-1	29	29.466666666666665
884.0	0.209	0.3979	0.23	0.467	0.5414	-1	29	29.466666666666665
884.0	0.2092	0.381	0.2666	0.4666	0.2678	-1	29	29.466666666666665
885.0	0.2543	0.2088	0.2708	0.2762	0.7627	-1	29	29.5
885.0	0.2154	0.4058	0.2347	0.473	0.6914	-1	29	29.5
885.0	0.2418	0.2945	0.2547	0.3287	0.6249	-1	29	29.5
886.0	0.2196	0.4072	0.2392	0.4761	0.7749	-1	29	29.533333333333335
886.0	0.26	0.2118	0.2761	0.2797	0.7528	-1	29	29.533333333333335
886.0	0.2471	0.2977	0.26	0.331	0.5864	-1	29	29.533333333333335
887.0	0.2273	0.413	0.2456	0.48	0.7189	-1	29	29.566666666666666
887.0	0.2654	0.2154	0.2817	0.2822	0.7158	-1	29	29.566666666666666
887.0	0.2543	0.3005	0.2664	0.3353	0.6618	-1	29	29.566666666666666
888.0	0.2273	0.4129	0.2456	0.48	0.7245	-1	29	29.6
888.0	0.2654	0.2154	0.2817	0.2822	0.7195	-1	29	29.6
888.0	0.2543	0.3004	0.2664	0.3354	0.6668	-1	29	29.6
889.0	0.2716	0.2168	0.2882	0.286	0.7675	-1	29	29.633333333333333
889.0	0.261	0.3011	0.2736	0.3381	0.6934	-1	29	29.633333333333333
889.0	0.2339	0.4091	0.2533	0.4835	0.4138	-1	29	29.633333333333333
889.0	0.2587	0.304	0.2729	0.3415	0.3194	-1	29	29.633333333333333
889.0	0.2337	0.3917	0.2891	0.4853	0.2981	-1	29	29.633333333333333
889.0	0.2615	0.3916	0.2896	0.4525	0.2565	-1	29	29.633333333333333
890.0	0.2774	0.2168	0.2935	0.2857	0.7086	-1	29	29.666666666666668
890.0	0.2663	0.3024	0.2785	0.3372	0.613	-1	29	29.666666666666668
890.0	0.2396	0.4138	0.2564	0.4813	0.5872	-1	29	29.666666666666668
891.0	0.2775	0.2168	0.2935	0.2856	0.7	-1	29	29.7
891.0	0.2662	0.3025	0.2785	0.3373	0.5997	-1	29	29.7
891.0	0.2397	0.4134	0.2566	0.4814	0.5687	-1	29	29.7
892.0	0.2825	0.2269	0.2988	0.2921	0.7813	-1	29	29.733333333333334
892.0	0.2465	0.4287	0.2599	0.4909	0.6162	-1	29	29.733333333333334
892.0	0.2723	0.3114	0.2847	0.3486	0.5757	-1	29	29.733333333333334
893.0	0.2898	0.2411	0.306	0.308	0.803	-1	29	29.766666666666666
893.0	0.2801	0.3273	0.2927	0.3599	0.6076	-1	29	29.766666666666666
893.0	0.2551	0.4443	0.2704	0.4951	0.4177	-1	29	29.766666666666666
893.0	0.2843	0.4147	0.3093	0.4531	0.2604	-1	29	29.766666666666666
894.0	0.2977	0.2558	0.3152	0.3196	0.7627	-1	29	29.8
894.0	0.2901	0.3386	0.3021	0.3712	0.4329	-1	29	29.8
894.0	0.2666	0.4578	0.2812	0.4966	0.2511	-1	29	29.8
895.0	0.3077	0.2712	0.3252	0.336	0.7435	-1	29	29.833333333333332
895.0	0.3028	0.3555	0.3142	0.3882	0.6679	-1	29	29.833333333333332
972.0	-0.228	-0.4954	-0.0527	-0.1937	0.6845	-1	29	32.4
980.0	-0.4067	-0.5	0.1006	0.4962	0.8256	-1	29	32.666666666666664
982.0	-0.4151	-0.5	0.1128	0.4959	0.348	-1	29	32.733333333333334
983.0	-0.4151	-0.5	0.1132	0.4959	0.3646	-1	29	32.766666666666666
1014.0	-0.4998	0.0203	0.0638	0.4989	0.9049	1	30	33.8
1014.0	-0.5	0.015	-0.4837	0.061	0.258	1	30	33.8
1015.0	-0.4998	0.0205	0.0669	0.4998	0.9074	1	30	33.833333333333336
1015.0	-0.5	0.0149	-0.4837	0.0611	0.2769	1	30	33.833333333333336
1016.0	-0.4996	0.0212	0.0656	0.4999	0.9074	1	30	33.86666666666667
1016.0	-0.5	0.0149	-0.4837	0.0611	0.2676	1	30	33.86666666666667
1017.0	-0.4996	0.0212	0.0656	0.4998	0.9073	1	30	33.9
1017.0	-0.5	0.0149	-0.4837	0.0611	0.2695	1	30	33.9
1018.0	-0.4995	0.0192	0.0646	0.4998	0.9057	1	30	33.93333333333333
1018.0	-0.5	0.0149	-0.4837	0.0613	0.2817	1	30	33.93333333333333
1019.0	-0.4993	0.0203	0.0658	0.5	0.908	1	30	33.96666666666667
1019.0	-0.5	0.0148	-0.4836	0.0614	0.2641	1	30	33.96666666666667
1020.0	-0.4998	0.0204	0.0673	0.499	0.9066	1	30	34.0
1020.0	-0.5	0.0149	-0.4835	0.0607	0.2734	1	30	34.0
1021.0	-0.4997	0.0192	0.0671	0.499	0.9067	1	30	34.03333333333333
1021.0	-0.5	0.0146	-0.4833	0.0612	0.2751	1	30	34.03333333333333
1022.0	-0.4997	0.0192	0.0671	0.499	0.9067	1	30	34.06666666666667
1022.0	-0.5	0.0146	-0.4833	0.0612	0.2742	1	30	34.06666666666667
1023.0	-0.4998	0.0192	0.0668	0.499	0.9063	1	30	34.1
1023.0	-0.5	0.0145	-0.4833	0.0612	0.2578	1	30	34.1
1024.0	-0.4997	0.0201	0.0666	0.499	0.9051	1	30	34.13333333333333
1024.0	-0.5	0.0145	-0.4833	0.0612	0.253	1	30	34.13333333333333
1025.0	-0.4998	0.0203	0.0663	0.499	0.9043	1	30	34.166666666666664
1026.0	-0.4998	0.0203	0.0664	0.499	0.9044	1	30	34.2
1027.0	-0.4999	0.0203	0.0664	0.499	0.9044	1	30	34.233333333333334
1028.0	-0.4997	0.0195	0.0666	0.499	0.9063	1	30	34.266666666666666
1029.0	-0.4995	0.0194	0.0663	0.499	0.9064	1	30	34.3
1030.0	-0.4994	0.0197	0.0664	0.4988	0.9055	1	30	34.333333333333336
1031.0	-0.4995	0.0224	0.0662	0.4989	0.9044	1	30	34.36666666666667
1032.0	-0.4995	0.0223	0.0662	0.4989	0.9045	1	30	34.4
1033.0	-0.4999	0.0224	0.0657	0.4989	0.9004	1	30	34.43333333333333
1033.0	-0.5	0.0144	-0.4835	0.0608	0.2758	1	30	34.43333333333333
1034.0	-0.5	0.0228	0.0652	0.4989	0.8994	1	30	34.46666666666667
1034.0	-0.5	0.0144	-0.4833	0.0609	0.2752	1	30	34.46666666666667
1035.0	-0.4999	0.0207	0.0651	0.4988	0.897	1	30	34.5
1035.0	-0.5	0.0145	-0.4834	0.0612	0.2704	1	30	34.5
1036.0	-0.5	0.0211	0.0649	0.499	0.8969	1	30	34.53333333333333
1037.0	-0.5	0.0211	0.0649	0.499	0.897	1	30	34.56666666666667
1038.0	-0.5	0.022	0.0645	0.499	0.8967	1	30	34.6
1039.0	-0.5	0.0212	0.0639	0.4992	0.8978	1	30	34.63333333333333
1039.0	-0.5	0.0147	-0.4835	0.0616	0.2763	1	30	34.63333333333333
1040.0	-0.5	0.0215	0.0635	0.499	0.9002	1	30	34.666666666666664
1040.0	-0.5	0.0145	-0.4836	0.0616	0.2701	1	30	34.666666666666664
1041.0	-0.5	0.0229	0.0623	0.4989	0.8986	1	30	34.7
1042.0	-0.5	0.0229	0.0622	0.4989	0.8983	1	30	34.733333333333334
1043.0	-0.5	0.0248	0.0622	0.4996	0.8992	1	30	34.766666666666666
1044.0	-0.5	0.0252	0.0558	0.4994	0.8996	1	30	34.8
1045.0	-0.4999	0.0246	0.0167	0.4993	0.92	1	30	34.833333333333336
1046.0	-0.5	0.0253	-0.0119	0.499	0.9035	1	30	34.86666666666667
1047.0	-0.5	0.0255	-0.012	0.499	0.9032	1	30	34.9
1048.0	-0.4992	0.0222	-0.0184	0.4989	0.9005	1	30	34.93333333333333
1049.0	-0.5	0.0254	-0.0126	0.499	0.9001	1	30	34.96666666666667
1050.0	-0.5	0.0255	-0.0124	0.4989	0.9015	1	30	35.0
1051.0	-0.5	0.0259	0.0061	0.499	0.9109	1	30	35.03333333333333
1052.0	-0.5	0.027	0.0201	0.4992	0.9206	1	30	35.06666666666667
1053.0	-0.5	0.0281	0.0353	0.4989	0.9139	1	30	35.1
1054.0	-0.4997	0.0239	0.0297	0.4993	0.9107	1	30	35.13333333333333
1055.0	-0.5	0.0277	0.0098	0.4989	0.9021	1	30	35.166666666666664
1056.0	-0.5	0.0283	-0.0068	0.4988	0.898	1	30	35.2
1057.0	-0.5	0.0282	-0.0069	0.4988	0.8982	1	30	35.233333333333334
1058.0	-0.4994	0.0279	-0.0146	0.499	0.9009	1	30	35.266666666666666
1059.0	-0.4994	0.0272	-0.0139	0.4989	0.9012	1	30	35.3
1060.0	-0.5	0.0286	-0.0069	0.499	0.8925	1	30	35.333333333333336
1061.0	-0.5	0.0271	0.0	0.4989	0.898	1	30	35.36666666666667
1062.0	-0.5	0.0272	-0.0001	0.4989	0.8958	1	30	35.4
1063.0	-0.5	0.0275	0.0016	0.4989	0.8949	1	30	35.43333333333333
1064.0	-0.5	0.0276	-0.0039	0.4988	0.8977	1	30	35.46666666666667
1065.0	-0.5	0.0281	-0.0128	0.4989	0.9026	1	30	35.5
1066.0	-0.5	0.0281	-0.0128	0.4989	0.9024	1	30	35.53333333333333
1067.0	-0.4992	0.0263	-0.026	0.499	0.9075	1	30	35.56666666666667
1068.0	-0.5	0.0276	-0.0455	0.4987	0.892	1	30	35.6
1185.0	0.2714	-0.5	0.3777	-0.3051	0.6453	-1	101	39.5
1287.0	0.2461	-0.5	0.3001	-0.2658	0.2695	-1	101	42.9
1288.0	0.2516	-0.5	0.306	-0.2448	0.5383	-1	101	42.93333333333333
1289.0	0.2519	-0.5	0.3062	-0.2453	0.5254	-1	101	42.96666666666667
1290.0	0.2592	-0.5	0.3218	-0.2355	0.5732	-1	101	43.0
1290.0	0.2592	-0.5	0.3657	-0.2351	0.4317	-1	101	43.0
1291.0	0.2672	-0.5	0.3831	-0.2289	0.6593	-1	101	43.03333333333333
1291.0	0.2676	-0.5	0.3317	-0.2258	0.3917	-1	101	43.03333333333333
1293.0	0.2954	-0.4742	0.3589	-0.1998	0.4868	-1	101	43.1
1294.0	0.3012	-0.4859	0.3908	-0.1667	0.7793	-1	101	43.13333333333333
1295.0	0.3083	-0.4976	0.4539	-0.1649	0.8142	-1	101	43.166666666666664
1295.0	0.3081	-0.4949	0.4104	-0.1655	0.4914	-1	101	43.166666666666664
1296.0	0.3082	-0.4975	0.4542	-0.1647	0.8045	-1	101	43.2
1296.0	0.308	-0.4948	0.4101	-0.1653	0.5093	-1	101	43.2
1297.0	0.313	-0.4811	0.3895	-0.1535	0.752	-1	101	43.233333333333334
1297.0	0.3119	-0.4921	0.457	-0.152	0.2637	-1	101	43.233333333333334
1298.0	0.304	-0.4945	0.4052	-0.1594	0.8816	-1	101	43.266666666666666
1299.0	0.3001	-0.5	0.3851	-0.1764	0.8735	-1	101	43.3
1307.0	0.3067	-0.0288	0.3849	0.0684	0.5795	-1	101	43.56666666666667
1444.0	-0.3767	-0.447	-0.0316	0.1558	0.3406	-1	101	48.13333333333333
1455.0	-0.3642	-0.3202	-0.0735	0.1029	0.3028	-1	101	48.5
1455.0	-0.363	-0.3042	-0.0738	-0.0896	0.293	-1	101	48.5
1456.0	-0.364	-0.3189	-0.0738	0.1025	0.3295	-1	101	48.53333333333333
1456.0	-0.363	-0.3044	-0.074	-0.0822	0.301	-1	101	48.53333333333333
1460.0	-0.3873	-0.461	-0.04	0.1644	0.5236	-1	101	48.666666666666664
1461.0	-0.3873	-0.4608	-0.0422	0.165	0.5473	-1	101	48.7
1462.0	-0.3846	-0.4597	-0.047	0.1708	0.5508	-1	101	48.733333333333334
1465.0	-0.3897	-0.4659	-0.0444	0.1655	0.3475	-1	101	48.833333333333336
1466.0	-0.39	-0.4672	-0.0411	0.1354	0.2789	-1	101	48.86666666666667
1467.0	-0.3905	-0.4693	-0.057	0.1548	0.3476	-1	101	48.9
1469.0	-0.388	-0.4685	-0.0517	0.1735	0.3021	-1	101	48.96666666666667
1472.0	-0.3874	-0.4676	-0.0507	0.1571	0.3853	-1	101	49.06666666666667
1473.0	-0.3914	-0.4707	-0.0428	0.1645	0.6786	-1	101	49.1
1474.0	-0.3866	-0.4591	-0.0399	0.1645	0.6575	-1	101	49.13333333333333
1475.0	-0.3688	-0.3192	-0.0412	0.1624	0.5698	-1	101	49.166666666666664
1476.0	-0.369	-0.3198	-0.0412	0.1625	0.5592	-1	101	49.2
1477.0	-0.3686	-0.32	-0.0509	0.1612	0.3733	-1	101	49.233333333333334
1478.0	-0.37	-0.3203	-0.046	0.1766	0.3304	-1	101	49.266666666666666
1479.0	-0.369	-0.3222	-0.0537	0.1764	0.3375	-1	101	49.3
1480.0	-0.3689	-0.3224	-0.0541	0.1768	0.342	-1	101	49.333333333333336
1481.0	-0.3695	-0.3234	-0.0425	0.1763	0.4466	-1	101	49.36666666666667
1482.0	-0.37	-0.3231	-0.0386	0.1618	0.5109	-1	101	49.4
1483.0	-0.3708	-0.323	-0.0386	0.1449	0.6257	-1	101	49.43333333333333
1484.0	-0.3711	-0.3251	-0.0449	0.1742	0.3374	-1	101	49.46666666666667
1485.0	-0.372	-0.3244	-0.046	0.1735	0.4454	-1	101	49.5
1486.0	-0.372	-0.3244	-0.0457	0.1732	0.4466	-1	101	49.53333333333333
1487.0	-0.3755	-0.3229	-0.0918	0.1744	0.3347	-1	101	49.56666666666667
1488.0	-0.3782	-0.3253	-0.1064	0.1715	0.3356	-1	101	49.6
1489.0	-0.3803	-0.3296	-0.1158	0.1938	0.4521	-1	101	49.63333333333333
1490.0	-0.3835	-0.3312	-0.1132	0.1907	0.3732	-1	101	49.666666666666664
1491.0	-0.3835	-0.3312	-0.1132	0.1904	0.363	-1	101	49.7
1493.0	-0.3905	-0.3377	-0.091	0.2001	0.2536	-1	101	49.766666666666666
1494.0	-0.3957	-0.3365	-0.0882	0.2017	0.4098	-1	101	49.8
1495.0	-0.3996	-0.3404	-0.1093	0.2024	0.3757	-1	101	49.833333333333336
1496.0	-0.3995	-0.3405	-0.1097	0.2035	0.3796	-1	101	49.86666666666667
1497.0	-0.4058	-0.3441	-0.1162	0.2206	0.3992	-1	101	49.9
1498.0	-0.4133	-0.346	-0.1186	0.2157	0.4733	-1	101	49.93333333333333
1499.0	-0.4222	-0.3497	-0.1302	0.2015	0.3182	-1	101	49.96666666666667
1500.0	-0.4362	-0.3561	-0.0771	0.2196	0.2609	-1	101	50.0
1501.0	-0.4361	-0.356	-0.0775	0.2198	0.2667	-1	101	50.03333333333333
1507.0	-0.3282	0.4241	-0.2523	0.4965	0.3628	-1	101	50.233333333333334
1508.0	-0.3324	0.4381	-0.2563	0.4968	0.4995	-1	101	50.266666666666666
1509.0	-0.3422	0.4531	-0.2627	0.497	0.2658	-1	101	50.3
1510.0	-0.3422	0.4531	-0.2628	0.497	0.2674	-1	101	50.333333333333336
1516.0	-0.154	0.4676	-0.0969	0.4969	0.4002	-1	101	50.53333333333333
1792.0	0.4295	-0.5	0.4419	-0.4721	0.4044	-1	566	59.733333333333334
1792.0	0.4019	0.2392	0.4172	0.2778	0.3921	-1	566	59.733333333333334
1792.0	0.4654	0.014	0.4999	0.1154	0.3561	-1	566	59.733333333333334
1792.0	0.3264	-0.4691	0.3795	-0.3691	0.3524	-1	566	59.733333333333334
1792.0	0.3026	-0.3549	0.322	-0.3221	0.3516	-1	566	59.733333333333334
1792.0	0.3904	0.4405	0.4663	0.4965	0.2967	-1	566	59.733333333333334
1792.0	0.2446	-0.2789	0.2576	-0.2328	0.2633	-1	566	59.733333333333334
1811.0	0.1483	-0.3807	0.4997	0.4961	0.4229	-1	566	60.36666666666667
1813.0	0.1497	-0.3815	0.4997	0.4966	0.2528	-1	566	60.43333333333333
1814.0	0.1482	-0.3815	0.4997	0.4967	0.2525	-1	566	60.46666666666667
1815.0	0.146	-0.381	0.4997	0.4967	0.3518	-1	566	60.5
