frame	x1	y1	x2	y2	confidence	cluster	new_cluster
3	-0.1323	0.3354	-0.0964	0.424	0.4776	-1	1
14	-0.083	-0.3312	0.5	0.4949	0.6988	-1	1
15	-0.0738	-0.3287	0.5	0.4944	0.7888	-1	1
16	-0.0739	-0.3293	0.5	0.4944	0.7836	-1	1
47	0.4224	0.0796	0.4993	0.4914	0.7254	-1	1
48	0.3866	0.0227	0.4986	0.4931	0.7558	-1	1
49	0.3528	-0.002	0.4988	0.4943	0.4089	-1	1
50	0.3261	-0.0233	0.4999	0.4929	0.87	-1	1
51	0.3264	-0.023	0.4983	0.4926	0.8746	-1	1
52	0.3032	-0.0345	0.4986	0.4947	0.7637	-1	1
53	-0.1435	-0.3196	-0.0855	-0.2961	0.4468	-1	1
54	-0.1399	-0.322	-0.0829	-0.2978	0.4286	-1	1
57	0.305	-0.0526	0.4986	0.494	0.8044	-1	1
57	-0.0809	-0.3265	-0.034	-0.3037	0.5666	-1	1
58	0.3293	-0.0469	0.4982	0.4928	0.8007	-1	1
59	0.3492	-0.0316	0.4982	0.4928	0.6593	-1	1
60	0.3678	-0.0193	0.4983	0.4927	0.8229	-1	1
61	0.3678	-0.0193	0.4983	0.4928	0.814	-1	1
62	0.3865	-0.0025	0.4982	0.4935	0.6438	-1	1
63	0.0054	-0.3406	0.053	-0.3018	0.4966	-1	1
64	0.0121	-0.3339	0.054	-0.3013	0.6649	-1	1
72	0.3956	-0.0426	0.4981	0.4941	0.5632	-1	1
95	-0.1513	0.2669	-0.1162	0.3713	0.6259	-1	1
96	-0.1513	0.2667	-0.1162	0.3713	0.629	-1	1
97	-0.1392	0.2294	-0.1033	0.3356	0.5031	-1	1
109	-0.0634	0.1039	0.0746	0.2091	0.4742	-1	1
110	-0.0623	0.0884	0.0608	0.2061	0.7377	-1	1
111	-0.0624	0.0884	0.0601	0.2061	0.7214	-1	1
119	0.0877	-0.2668	0.4465	0.3936	0.4068	-1	1
160	-0.2166	-0.3394	0.0334	0.1223	0.5293	-1	1
161	-0.2166	-0.3396	0.0333	0.1224	0.4913	-1	1
162	-0.2222	-0.3459	0.032	0.121	0.7596	-1	1
163	-0.2254	-0.35	0.0284	0.119	0.6525	-1	1
164	-0.2309	-0.3521	0.0281	0.1197	0.5864	-1	1
189	0.326	-0.0192	0.4982	0.2642	0.4024	-1	1
190	0.2948	-0.0556	0.5	0.2209	0.6988	-1	1
191	0.2939	-0.0548	0.5	0.221	0.6853	-1	1
192	0.2434	-0.0882	0.5	0.1919	0.8705	-1	1
209	-0.4997	-0.0909	-0.3812	0.0315	0.657	-1	1
210	-0.5	-0.1351	-0.3603	-0.0045	0.8244	-1	1
211	-0.5	-0.1351	-0.3614	-0.0046	0.8238	-1	1
212	-0.5	-0.1683	-0.3525	-0.0433	0.8533	-1	1
213	-0.5	-0.1961	-0.3198	-0.0684	0.8205	-1	1
214	-0.4995	-0.2146	-0.2998	-0.0889	0.8495	-1	1
215	-0.4968	-0.2284	-0.2805	-0.1042	0.7899	-1	1
216	-0.4968	-0.2283	-0.2802	-0.1043	0.7964	-1	1
217	-0.4689	-0.239	-0.2586	-0.118	0.737	-1	1
218	-0.4478	-0.2427	-0.2327	-0.122	0.6139	-1	1
275	-0.2362	0.2504	0.0399	0.4938	0.8761	-1	1
276	-0.2357	0.2498	0.04	0.4936	0.8803	-1	1
277	-0.2442	0.1772	0.0647	0.4932	0.9175	-1	1
278	-0.2385	0.1153	0.0822	0.4931	0.9115	-1	1
279	-0.2218	0.0829	0.0983	0.4931	0.9137	-1	1
280	-0.2155	0.047	0.1148	0.4931	0.8939	-1	1
281	-0.2156	0.0466	0.1149	0.493	0.8878	-1	1
282	-0.2059	0.0226	0.1224	0.4925	0.8993	-1	1
283	-0.2004	0.0026	0.1296	0.4906	0.8311	-1	1
284	-0.1972	-0.0085	0.1291	0.4901	0.8253	-1	1
285	-0.2009	-0.0221	0.1237	0.491	0.8808	-1	1
286	-0.2002	-0.022	0.1239	0.4912	0.8942	-1	1
287	-0.224	-0.0306	0.1154	0.4916	0.868	-1	1
288	-0.2354	-0.0322	0.0991	0.4914	0.8616	-1	1
289	-0.2479	-0.0348	0.0885	0.4913	0.8768	-1	1
290	-0.2576	-0.0316	0.0744	0.4921	0.8814	-1	1
291	-0.2577	-0.0313	0.0744	0.4918	0.8759	-1	1
292	-0.2757	-0.0305	0.0704	0.492	0.8485	-1	1
293	-0.2736	-0.0293	0.065	0.4928	0.8593	-1	1
294	-0.2762	-0.0319	0.0657	0.4927	0.828	-1	1
295	-0.2677	-0.0278	0.0688	0.4927	0.8417	-1	1
296	-0.2671	-0.0278	0.0686	0.4926	0.8386	-1	1
297	-0.2526	-0.0354	0.0719	0.4921	0.9058	-1	1
298	-0.2382	-0.0485	0.075	0.492	0.9014	-1	1
299	-0.2371	-0.0653	0.0803	0.49	0.8791	-1	1
319	0.2059	0.3505	0.3959	0.4952	0.5696	-1	1
320	0.199	0.3634	0.3972	0.4954	0.6627	-1	1
321	0.1986	0.3635	0.3969	0.4954	0.6716	-1	1
322	0.2011	0.3891	0.3857	0.4953	0.5598	-1	1
390	-0.2843	-0.2737	0.0508	0.2914	0.4747	-1	1
391	-0.2844	-0.2702	0.0506	0.292	0.5633	-1	1
393	-0.0154	-0.3883	0.0913	-0.319	0.5954	-1	1
394	-0.0154	-0.393	0.092	-0.3252	0.6025	-1	1
395	-0.014	-0.3978	0.082	-0.331	0.4722	-1	1
396	-0.014	-0.3978	0.0811	-0.3311	0.4304	-1	1
425	-0.179	-0.0428	-0.0312	0.1574	0.4154	-1	1
435	-0.125	0.0141	0.0121	0.2463	0.7908	-1	1
436	-0.125	0.014	0.0121	0.2464	0.7799	-1	1
437	-0.1246	0.0127	0.0101	0.2397	0.7659	-1	1
438	-0.1243	0.0114	0.0099	0.2391	0.7659	-1	1
439	-0.1236	0.0112	0.0104	0.24	0.6835	-1	1
440	-0.1234	0.0105	0.0113	0.2387	0.7008	-1	1
441	-0.1233	0.0105	0.0114	0.2387	0.692	-1	1
447	-0.084	0.0105	0.0118	0.203	0.82	-1	1
448	-0.0912	0.011	0.012	0.2093	0.8129	-1	1
449	-0.0933	0.013	0.0091	0.223	0.8806	-1	1
476	-0.0128	-0.0096	0.0288	0.1381	0.4159	-1	1
477	-0.0108	-0.0088	0.0313	0.1301	0.8152	-1	1
477	0.3402	-0.3837	0.416	-0.1439	0.4043	-1	1
478	-0.0101	-0.0124	0.0312	0.1296	0.7621	-1	1
479	-0.0115	-0.0128	0.0307	0.1292	0.5966	-1	1
480	-0.013	-0.0168	0.0286	0.1274	0.6551	-1	1
481	-0.0129	-0.017	0.0286	0.1273	0.6335	-1	1
482	-0.0118	-0.0244	0.0316	0.1163	0.4333	-1	1
485	-0.0122	-0.1027	0.0367	0.0918	0.7535	-1	1
486	-0.0122	-0.1027	0.0368	0.0917	0.7488	-1	1
487	-0.0164	-0.1287	0.0313	0.0873	0.5937	-1	1
489	-0.029	-0.202	0.0407	0.0804	0.6668	-1	1
493	-0.2918	-0.2376	-0.2347	-0.0531	0.4858	-1	1
497	-0.4999	-0.1158	-0.4222	-0.0222	0.6429	-1	1
509	-0.0744	-0.0783	-0.0397	0.0025	0.6539	-1	1
510	-0.0735	-0.0985	-0.037	-0.0217	0.6695	-1	1
511	-0.0737	-0.0989	-0.0369	-0.0213	0.6201	-1	1
567	-0.1061	-0.2659	-0.0197	-0.1726	0.7085	-1	1
577	0.0284	0.1888	0.0582	0.2306	0.4509	-1	1
578	-0.0319	0.2101	0.064	0.4954	0.5437	-1	1
579	-0.0332	0.2078	0.0583	0.4959	0.5581	-1	1
580	-0.0339	0.2057	0.0615	0.4953	0.4798	-1	1
581	-0.0339	0.2053	0.0623	0.4952	0.5046	-1	1
582	-0.0344	0.201	0.067	0.4949	0.6436	-1	1
583	-0.0343	0.2014	0.0684	0.4947	0.6282	-1	1
584	-0.0347	0.2002	0.0692	0.4932	0.4492	-1	1
585	-0.0345	0.2039	0.0662	0.4921	0.43	-1	1
604	-0.0183	0.2047	0.066	0.448	0.4949	-1	1
605	-0.0232	0.2046	0.0682	0.4454	0.4883	-1	1
606	-0.0233	0.2046	0.0679	0.4469	0.508	-1	1
607	0.011	0.3123	0.0295	0.4435	0.5129	-1	1
608	0.0115	0.3106	0.0296	0.4419	0.4651	-1	1
608	-0.0077	0.2079	0.0657	0.4465	0.4052	-1	1
610	-0.0056	0.2082	0.0642	0.4445	0.4971	-1	1
611	-0.005	0.2082	0.0642	0.4445	0.5564	-1	1
612	-0.0065	0.2078	0.0634	0.4417	0.7813	-1	1
613	-0.0067	0.2054	0.0618	0.4435	0.7994	-1	1
614	-0.0002	0.2045	0.0609	0.4386	0.6561	-1	1
619	0.0167	0.3008	0.0322	0.433	0.4037	-1	1
620	0.0168	0.2995	0.0337	0.4317	0.549	-1	1
621	0.0168	0.2993	0.0338	0.4318	0.5777	-1	1
622	0.0183	0.2971	0.0347	0.429	0.5462	-1	1
624	0.0203	0.2933	0.0371	0.423	0.5444	-1	1
625	0.0213	0.2923	0.0392	0.4232	0.6256	-1	1
626	0.0213	0.2923	0.0393	0.4232	0.6279	-1	1
627	0.0235	0.2927	0.0415	0.4204	0.5006	-1	1
628	0.0257	0.2922	0.0421	0.4203	0.4187	-1	1
634	0.0143	0.2038	0.0802	0.4239	0.6175	-1	1
635	0.0152	0.2013	0.081	0.4258	0.5118	-1	1
636	0.0147	0.2014	0.0809	0.4248	0.5327	-1	1
638	0.0122	0.2007	0.0817	0.4165	0.5165	-1	1
640	0.0197	0.1948	0.0837	0.4065	0.4551	-1	1
641	0.0162	0.1897	0.0838	0.4075	0.4316	-1	1
642	0.0175	0.1968	0.0843	0.405	0.5837	-1	1
643	0.0175	0.1943	0.0851	0.4075	0.6477	-1	1
684	-0.0703	-0.4971	0.1108	0.2548	0.7005	-1	1
685	-0.0652	-0.4969	0.1121	0.2501	0.6492	-1	1
686	-0.0652	-0.4969	0.1176	0.2524	0.6143	-1	1
688	-0.0453	-0.4837	0.1304	0.2575	0.8486	-1	1
689	-0.0462	-0.4959	0.1381	0.2577	0.9281	-1	1
695	0.0123	-0.4856	0.176	0.2503	0.4509	-1	1
696	0.0121	-0.486	0.176	0.2502	0.4435	-1	1
715	0.2365	0.2852	0.4995	0.495	0.4876	-1	1
716	0.2365	0.2854	0.4995	0.495	0.4533	-1	1
717	0.2175	0.3072	0.5	0.4949	0.4855	-1	1
719	-0.0481	-0.0364	0.0887	0.127	0.6476	-1	1
720	-0.0223	-0.0405	0.1023	0.1224	0.5591	-1	1
721	-0.0226	-0.0404	0.1023	0.1224	0.5768	-1	1
722	0.0026	-0.0247	0.1134	0.1214	0.829	-1	1
723	0.0319	-0.0174	0.1283	0.1202	0.7614	-1	1
745	-0.4998	0.1849	-0.4694	0.3937	0.4127	-1	1
746	-0.4998	0.185	-0.4694	0.3938	0.4118	-1	1
747	-0.4997	0.1618	-0.4652	0.4014	0.5491	-1	1
752	-0.4986	0.0427	-0.3684	0.4918	0.4762	-1	1
753	-0.4991	0.0026	-0.3793	0.4803	0.7497	-1	1
755	-0.4992	-0.1649	-0.3564	0.3542	0.7543	-1	1
756	-0.4992	-0.1636	-0.3568	0.3542	0.727	-1	1
757	-0.0307	-0.3519	0.1504	-0.0823	0.5359	-1	1
759	-0.2199	-0.0346	-0.1712	0.0558	0.504	-1	1
761	-0.2214	-0.0478	-0.1663	0.0576	0.4265	-1	1
850	-0.1184	0.3433	0.0147	0.4917	0.772	-1	1
851	-0.1184	0.3432	0.0149	0.4919	0.763	-1	1
852	-0.1159	0.2947	0.0438	0.4901	0.8781	-1	1
853	-0.0889	0.2795	0.0819	0.4682	0.5299	-1	1
895	-0.3524	-0.3941	-0.0938	0.4949	0.4725	-1	1
896	-0.3528	-0.394	-0.0937	0.4948	0.4736	-1	1
897	-0.3217	-0.3932	-0.096	0.4942	0.4566	-1	1
900	-0.2922	-0.3919	-0.0935	0.4943	0.7714	-1	1
901	-0.2922	-0.3919	-0.0937	0.4942	0.7722	-1	1
950	-0.4989	0.1656	-0.2392	0.4956	0.4101	-1	1
951	-0.4989	0.166	-0.2394	0.4956	0.4396	-1	1
964	0.0056	0.3152	0.0688	0.4294	0.5343	-1	1
965	0.0002	0.3111	0.0693	0.4259	0.4217	-1	1
967	0.0119	0.3187	0.0703	0.425	0.494	-1	1
968	0.0104	0.3157	0.0692	0.4251	0.5278	-1	1
969	-0.0235	0.3192	0.0686	0.4412	0.6823	-1	1
969	0.0162	0.3194	0.0683	0.4315	0.4548	-1	1
970	-0.0285	0.3314	0.0661	0.4617	0.8674	-1	1
971	-0.0285	0.3319	0.0661	0.4616	0.8682	-1	1
979	-0.2568	-0.4933	0.0433	0.4668	0.9292	-1	1
980	-0.2651	-0.4906	0.0456	0.4619	0.9361	-1	1
981	-0.2651	-0.4905	0.0457	0.462	0.936	-1	1
982	-0.274	-0.4936	0.0495	0.4577	0.9257	-1	1
983	-0.2843	-0.4918	0.0518	0.4495	0.904	-1	1
984	-0.2924	-0.47	0.055	0.4461	0.8951	-1	1
985	-0.3035	-0.465	0.0621	0.4471	0.8121	-1	1
986	-0.3034	-0.4728	0.0623	0.447	0.7834	-1	1
987	-0.3122	-0.4822	0.064	0.443	0.7372	-1	1
988	-0.3241	-0.4977	0.0708	0.444	0.7654	-1	1
989	-0.3362	-0.265	0.0699	0.4416	0.7907	-1	1
992	-0.422	-0.4988	0.3756	0.5	0.5222	-1	1
993	-0.3953	-0.5	0.4919	0.4928	0.763	-1	1
994	-0.4644	-0.5	0.4975	0.4951	0.5412	-1	1
1024	0.0185	0.038	0.3233	0.1272	0.7189	-1	1
1029	-0.0227	-0.1322	0.3066	-0.0336	0.6302	-1	1
1030	-0.0297	-0.1661	0.3415	-0.0495	0.7809	-1	1
1031	-0.0292	-0.1661	0.3418	-0.0496	0.7816	-1	1
1032	-0.0278	-0.1871	0.3631	-0.056	0.6374	-1	1
1033	-0.4925	-0.1844	0.371	0.4934	0.5073	-1	1
1034	-0.0382	-0.1721	0.3536	-0.0456	0.5633	-1	1
1035	-0.0372	-0.1483	0.3381	-0.0291	0.6655	-1	1
1036	-0.037	-0.1482	0.3382	-0.0292	0.6622	-1	1
1037	-0.0369	-0.1064	0.3005	0.0125	0.5616	-1	1
1042	0.0247	0.1427	0.3091	0.2362	0.593	-1	1
1043	0.0133	0.1308	0.3094	0.2168	0.7254	-1	1
1052	-0.0968	-0.0744	-0.0331	0.1766	0.6987	-1	1
1053	-0.0955	-0.0626	-0.0347	0.1901	0.7357	-1	1
1067	-0.2676	-0.2811	0.2802	0.2157	0.923	-1	1
1068	-0.2687	-0.2842	0.2805	0.2159	0.9239	-1	1
1069	-0.2761	-0.4359	0.2774	0.2175	0.9148	-1	1
1070	-0.2379	-0.4898	0.2901	0.2326	0.8936	-1	1
1071	-0.2416	-0.4967	0.3058	0.2334	0.8945	-1	1
1072	-0.2223	-0.4958	0.3243	0.2256	0.8684	-1	1
1073	-0.2227	-0.4958	0.3248	0.226	0.8673	-1	1
1074	-0.2301	-0.4975	0.3359	0.2239	0.9025	-1	1
1075	-0.2258	-0.4966	0.3418	0.221	0.9187	-1	1
1076	-0.2195	-0.4952	0.3469	0.227	0.9001	-1	1
1077	-0.2086	-0.4994	0.3537	0.2316	0.862	-1	1
1078	-0.2085	-0.4995	0.3537	0.2317	0.8603	-1	1
1079	-0.1886	-0.497	0.3648	0.223	0.8909	-1	1
1092	-0.2077	-0.2607	0.2055	0.4938	0.8581	-1	1
1093	-0.2077	-0.2608	0.2057	0.4938	0.87	-1	1
1094	-0.3731	-0.2696	0.2231	0.4933	0.8231	-1	1
1095	-0.3704	-0.0181	-0.1752	0.4935	0.8667	-1	1
1095	-0.3868	-0.201	0.2388	0.4935	0.5623	-1	1
1096	-0.38	-0.012	-0.1757	0.4935	0.8146	-1	1
1096	-0.3858	-0.3322	0.2445	0.493	0.5353	-1	1
1097	-0.384	0.0021	-0.1719	0.4929	0.7438	-1	1
1098	-0.3842	0.0016	-0.1723	0.4929	0.7722	-1	1
1099	-0.3922	-0.3972	0.259	0.492	0.7457	-1	1
1099	-0.3857	-0.0425	-0.1734	0.4936	0.4131	-1	1
1100	-0.4034	-0.4343	0.2445	0.4917	0.7818	-1	1
1101	-0.3919	-0.0965	-0.178	0.4938	0.6763	-1	1
1102	-0.3913	-0.0946	-0.1718	0.4933	0.4709	-1	1
1103	-0.3913	-0.0944	-0.1718	0.4933	0.4759	-1	1
1104	-0.395	-0.0908	-0.1735	0.4938	0.6012	-1	1
1105	-0.3987	-0.5	0.2444	0.4928	0.5866	-1	1
1106	-0.3981	-0.5	0.2491	0.4933	0.6785	-1	1
1107	-0.4005	-0.4671	0.2479	0.4919	0.8108	-1	1
1108	-0.4004	-0.4648	0.248	0.4919	0.8229	-1	1
1109	-0.4001	-0.4509	0.2483	0.4921	0.8318	-1	1
1110	-0.4005	-0.44	0.2473	0.4923	0.8872	-1	1
1111	-0.4008	-0.4255	0.2454	0.4925	0.8849	-1	1
1112	-0.4014	-0.4191	0.2432	0.4925	0.8855	-1	1
1113	-0.4016	-0.4195	0.2432	0.4926	0.884	-1	1
1114	-0.3985	-0.42	0.2425	0.4927	0.8931	-1	1
1115	-0.3977	-0.4162	0.2415	0.4925	0.8373	-1	1
1116	-0.3963	-0.411	0.2411	0.4926	0.8188	-1	1
1117	-0.3952	-0.4104	0.2403	0.4926	0.8481	-1	1
1118	-0.3952	-0.4113	0.2406	0.4925	0.8378	-1	1
1119	-0.3956	-0.4108	0.2403	0.4925	0.8391	-1	1
1119	-0.3752	-0.0426	-0.1678	0.4945	0.4127	-1	1
1120	-0.3965	-0.4079	0.2397	0.4924	0.8185	-1	1
1120	-0.3753	-0.053	-0.169	0.4942	0.4922	-1	1
1121	-0.396	-0.4104	0.2385	0.4925	0.8439	-1	1
1121	-0.3753	-0.0519	-0.1694	0.4942	0.6675	-1	1
1122	-0.3961	-0.4127	0.2386	0.4925	0.8369	-1	1
1122	-0.3749	-0.05	-0.1694	0.4943	0.6497	-1	1
1123	-0.396	-0.4119	0.2385	0.4925	0.8469	-1	1
1123	-0.3749	-0.05	-0.1694	0.4943	0.6191	-1	1
1124	-0.3952	-0.4112	0.2378	0.4924	0.8451	-1	1
1124	-0.3749	-0.0471	-0.1695	0.4943	0.4957	-1	1
1125	-0.3952	-0.4127	0.2371	0.4923	0.8232	-1	1
1125	-0.3749	-0.0469	-0.1701	0.4943	0.7603	-1	1
1126	-0.3957	-0.4135	0.2369	0.4923	0.8114	-1	1
1126	-0.3751	-0.048	-0.1706	0.4943	0.7222	-1	1
1127	-0.3791	-0.4089	0.1592	0.4964	0.8275	-1	1
1127	-0.3757	-0.0512	-0.1709	0.4942	0.4235	-1	1
1128	-0.3791	-0.4089	0.1595	0.4964	0.83	-1	1
1129	-0.3789	-0.412	0.1601	0.4964	0.8316	-1	1
1129	-0.3755	-0.0512	-0.171	0.4942	0.4261	-1	1
1130	-0.3759	-0.046	-0.172	0.4943	0.8244	-1	1
1130	-0.3795	-0.412	0.1515	0.4967	0.8179	-1	1
1131	-0.3797	-0.4135	0.145	0.4963	0.8515	-1	1
1131	-0.3761	-0.0489	-0.172	0.4944	0.6406	-1	1
1132	-0.3817	-0.4148	0.1478	0.4959	0.8419	-1	1
1132	-0.3777	-0.0434	-0.1732	0.4945	0.629	-1	1
1133	-0.3817	-0.4144	0.149	0.4959	0.8435	-1	1
1133	-0.3776	-0.0431	-0.1732	0.4945	0.6673	-1	1
1134	-0.3835	-0.4122	0.1371	0.4955	0.8326	-1	1
1134	-0.3794	-0.0509	-0.1743	0.4946	0.5548	-1	1
1135	-0.3856	-0.4168	0.1304	0.4952	0.8243	-1	1
1135	-0.3815	-0.0616	-0.1749	0.494	0.524	-1	1
1136	-0.3873	-0.4187	0.1308	0.4946	0.7056	-1	1
1136	-0.3832	-0.0983	-0.1756	0.4943	0.5631	-1	1
1137	-0.3884	-0.4185	0.1214	0.4946	0.7608	-1	1
1138	-0.3884	-0.418	0.1231	0.4945	0.7616	-1	1
1139	-0.3905	-0.419	0.1079	0.4946	0.7442	-1	1
1140	-0.3886	-0.0548	-0.1828	0.4942	0.6174	-1	1
1140	-0.3931	-0.4216	0.1207	0.4941	0.5318	-1	1
1141	-0.3901	-0.0512	-0.1848	0.4941	0.6683	-1	1
1141	-0.3945	-0.4229	0.1128	0.4941	0.432	-1	1
1142	-0.3913	-0.0637	-0.1851	0.4948	0.4974	-1	1
1142	-0.3949	-0.4267	0.1154	0.4942	0.4782	-1	1
1143	-0.3949	-0.4267	0.1152	0.4941	0.4892	-1	1
1143	-0.3912	-0.0586	-0.1856	0.4945	0.4841	-1	1
1144	-0.3927	-0.0625	-0.1862	0.4947	0.6143	-1	1
1145	-0.3929	-0.071	-0.1863	0.4946	0.6029	-1	1
1146	-0.3931	-0.0648	-0.1876	0.494	0.7054	-1	1
1147	-0.3952	-0.0562	-0.189	0.4941	0.4766	-1	1
1147	-0.3981	-0.4351	0.1147	0.4942	0.4075	-1	1
1148	-0.398	-0.4351	0.1147	0.4943	0.4769	-1	1
1148	-0.3952	-0.0559	-0.1889	0.494	0.4608	-1	1
1149	-0.3979	-0.4399	0.1139	0.4945	0.5218	-1	1
1149	-0.3952	-0.0567	-0.1887	0.494	0.4347	-1	1
1150	-0.3976	-0.4419	0.1182	0.4947	0.5471	-1	1
1150	-0.3953	-0.0578	-0.1893	0.4942	0.4564	-1	1
1151	-0.3977	-0.4424	0.1186	0.4949	0.6215	-1	1
1151	-0.3955	-0.0588	-0.1894	0.4942	0.4985	-1	1
1152	-0.3976	-0.4438	0.1229	0.495	0.6877	-1	1
1153	-0.3976	-0.4435	0.1234	0.495	0.6976	-1	1
1154	-0.3981	-0.4451	0.1239	0.495	0.7045	-1	1
1154	-0.3958	-0.0663	-0.1897	0.4942	0.4894	-1	1
1155	-0.398	-0.4447	0.1243	0.4951	0.7108	-1	1
1155	-0.3957	-0.0675	-0.1897	0.4943	0.5802	-1	1
1156	-0.3987	-0.4463	0.1257	0.4951	0.6987	-1	1
1156	-0.3967	-0.0798	-0.1908	0.4942	0.4874	-1	1
1157	-0.3991	-0.4461	0.1225	0.4953	0.756	-1	1
1157	-0.3971	-0.0754	-0.1912	0.4943	0.4927	-1	1
1158	-0.3991	-0.4462	0.1221	0.4954	0.7543	-1	1
1158	-0.3971	-0.0831	-0.1912	0.4943	0.4783	-1	1
1159	-0.3994	-0.4457	0.1154	0.4953	0.7558	-1	1
1159	-0.3972	-0.103	-0.1912	0.4943	0.499	-1	1
1160	-0.3996	-0.4459	0.1067	0.4952	0.8089	-1	1
1161	-0.4013	-0.4448	0.1015	0.4951	0.7842	-1	1
1161	-0.3986	-0.131	-0.1933	0.4943	0.4474	-1	1
1162	-0.4004	-0.445	0.0863	0.4949	0.8362	-1	1
1163	-0.4005	-0.4449	0.0848	0.4949	0.8332	-1	1
1164	-0.4011	-0.4453	0.0833	0.495	0.7274	-1	1
1164	-0.3989	-0.1322	-0.1924	0.4946	0.7079	-1	1
1165	-0.4012	-0.4418	0.0922	0.4948	0.7412	-1	1
1165	-0.3992	-0.1398	-0.1929	0.4944	0.6613	-1	1
1166	-0.401	-0.4445	0.0955	0.4951	0.8371	-1	1
1166	-0.3988	-0.1426	-0.1938	0.4943	0.4954	-1	1
1167	-0.4017	-0.4445	0.1048	0.4951	0.7564	-1	1
1167	-0.3997	-0.142	-0.1934	0.4943	0.7051	-1	1
1168	-0.4017	-0.4445	0.1045	0.4952	0.7636	-1	1
1168	-0.3997	-0.1427	-0.1934	0.4944	0.6859	-1	1
1169	0.4617	0.3759	0.4996	0.4935	0.4073	-1	1
1170	0.4505	0.369	0.4996	0.494	0.6858	-1	1
1170	-0.5	-0.0467	-0.4002	0.4947	0.5935	-1	1
1171	0.4503	0.368	0.4996	0.4941	0.6963	-1	1
1171	-0.5	-0.0472	-0.4003	0.4946	0.5499	-1	1
1172	0.4491	0.3653	0.4995	0.4946	0.7566	-1	1
1172	-0.4994	-0.06	-0.4079	0.4936	0.7411	-1	1
1173	-0.4995	-0.0842	-0.4099	0.4945	0.778	-1	1
1173	0.4492	0.3649	0.4995	0.4947	0.7139	-1	1
1174	0.4359	0.3335	0.4995	0.4933	0.8153	-1	1
1174	-0.5	-0.121	-0.4237	0.4927	0.5871	-1	1
1175	0.383	0.3026	0.4976	0.4948	0.858	-1	1
1176	0.3827	0.3029	0.4975	0.4948	0.8626	-1	1
1177	0.3954	0.279	0.4649	0.4365	0.5381	-1	1
1177	0.3483	0.2791	0.465	0.4952	0.4708	-1	1
1183	-0.2405	-0.1933	0.4921	0.3466	0.5093	-1	1
1187	-0.3809	-0.3022	0.4754	0.4959	0.6571	-1	1
1190	-0.496	-0.2483	0.4452	0.4964	0.4051	-1	1
1192	-0.3068	0.1092	-0.2285	0.1707	0.5943	-1	1
1193	-0.3063	0.097	-0.2334	0.1658	0.6933	-1	1
1194	-0.2922	0.0886	-0.2247	0.1549	0.4393	-1	1
1195	-0.275	0.0859	-0.207	0.1505	0.5334	-1	1
1195	0.2672	-0.2863	0.2923	-0.2408	0.4953	-1	1
1196	-0.275	0.086	-0.207	0.1504	0.5584	-1	1
1196	0.2672	-0.2862	0.2923	-0.2409	0.4755	-1	1
1197	-0.2639	0.0871	-0.1945	0.1525	0.5243	-1	1
1199	-0.2804	0.12	-0.2123	0.1731	0.4927	-1	1
1200	-0.2891	-0.1037	0.3287	0.3128	0.552	-1	1
1201	-0.289	-0.1036	0.3295	0.3128	0.5674	-1	1
1203	-0.3156	-0.0678	0.3436	0.3786	0.5394	-1	1
1204	-0.3442	-0.0665	0.1215	0.3635	0.7393	-1	1
1205	-0.3426	-0.0618	0.3228	0.3652	0.801	-1	1
1206	-0.3426	-0.0616	0.3201	0.365	0.7995	-1	1
1207	-0.2722	-0.0984	0.351	0.4905	0.7963	-1	1
1207	-0.3419	-0.0687	0.3535	0.3676	0.6516	-1	1
1229	0.068	-0.0171	0.1438	0.0524	0.4103	-1	1
1282	-0.4985	0.2899	-0.114	0.4975	0.6383	-1	1
1283	-0.4977	0.4259	-0.1724	0.4961	0.4983	-1	1
1290	-0.4991	0.4171	-0.296	0.4945	0.5931	-1	1
1291	-0.4991	0.417	-0.296	0.4946	0.5726	-1	1
1368	-0.0088	-0.159	0.0399	-0.06	0.717	-1	1
1368	-0.0153	0.176	0.0594	0.274	0.7098	-1	1
1369	-0.0124	0.1792	0.0617	0.2759	0.5958	-1	1
1369	-0.004	-0.1552	0.0459	-0.0525	0.4068	-1	1
1370	-0.012	0.1785	0.0622	0.2767	0.5643	-1	1
1371	-0.0124	0.1786	0.0622	0.2764	0.5501	-1	1
1371	-0.0031	-0.156	0.0469	-0.0539	0.4538	-1	1
1372	-0.0135	0.1798	0.0614	0.2793	0.423	-1	1
1373	-0.0162	0.1811	0.0594	0.2797	0.5964	-1	1
1374	-0.0222	0.1771	0.0542	0.2812	0.5962	-1	1
1375	-0.0251	0.1776	0.0513	0.2817	0.7372	-1	1
1376	-0.025	0.1776	0.0513	0.2817	0.7487	-1	1
1377	-0.0267	0.1785	0.0477	0.2862	0.4126	-1	1
1382	0.2324	-0.2661	0.3322	-0.0534	0.4489	-1	1
1383	0.2267	-0.2663	0.3254	-0.0577	0.64	-1	1
1384	0.2202	-0.2665	0.3132	-0.0636	0.4806	-1	1
1395	0.1653	-0.3076	0.355	0.0548	0.8146	-1	1
1395	0.074	-0.2824	0.1141	-0.2031	0.6941	-1	1
1396	0.1653	-0.308	0.3551	0.0548	0.8338	-1	1
1396	0.074	-0.2824	0.1145	-0.202	0.7181	-1	1
1397	0.1598	-0.3085	0.3545	0.0527	0.7922	-1	1
1398	0.1516	-0.3098	0.353	0.0509	0.7483	-1	1
1398	0.0522	-0.2723	0.0923	-0.192	0.7099	-1	1
1398	-0.0737	-0.1409	-0.0205	-0.0333	0.5077	-1	1
1399	-0.0774	-0.1402	-0.0266	-0.0359	0.74	-1	1
1399	0.0378	-0.2583	0.0768	-0.1758	0.5285	-1	1
1400	-0.0797	-0.1386	-0.0282	-0.0339	0.8002	-1	1
1400	0.0291	-0.243	0.0695	-0.1653	0.7577	-1	1
1400	-0.0895	0.2057	-0.013	0.3096	0.6524	-1	1
1401	-0.0797	-0.1386	-0.028	-0.0341	0.7657	-1	1
1401	0.0293	-0.243	0.0694	-0.1652	0.7035	-1	1
1401	-0.0895	0.2059	-0.013	0.3097	0.6557	-1	1
1402	-0.0832	-0.1352	-0.0317	-0.0288	0.446	-1	1
1402	-0.0934	0.2108	-0.0171	0.3158	0.4132	-1	1
1403	-0.0858	-0.1322	-0.0317	-0.0246	0.7262	-1	1
1403	-0.0946	0.2116	-0.0184	0.3183	0.5882	-1	1
1403	0.0117	-0.2008	0.0494	-0.125	0.5164	-1	1
1404	0.0035	-0.184	0.0422	-0.1107	0.8054	-1	1
1404	-0.0866	-0.1295	-0.0335	-0.0208	0.6378	-1	1
1404	-0.0955	0.2121	-0.0196	0.3193	0.5775	-1	1
1404	0.1978	-0.267	0.3409	0.0602	0.4035	-1	1
1405	-0.0009	-0.1769	0.036	-0.1029	0.7551	-1	1
1405	-0.088	-0.1319	-0.0345	-0.0222	0.7221	-1	1
1405	-0.0964	0.21	-0.0205	0.3183	0.4319	-1	1
1405	0.1973	-0.2687	0.3411	0.0563	0.4248	-1	1
1406	-0.0011	-0.1766	0.0359	-0.103	0.7385	-1	1
1406	-0.088	-0.1319	-0.0345	-0.0223	0.7186	-1	1
1406	0.1973	-0.2692	0.3411	0.0563	0.4484	-1	1
1406	-0.0964	0.2101	-0.0204	0.3183	0.4402	-1	1
1407	0.1946	-0.2731	0.3409	0.0479	0.7789	-1	1
1407	-0.0905	-0.1369	-0.0364	-0.0252	0.6569	-1	1
1447	-0.1814	-0.1279	0.4974	0.1756	0.7637	-1	1
1448	-0.1826	-0.1343	0.497	0.161	0.7737	-1	1
1449	-0.2388	-0.1743	0.4969	0.1298	0.6336	-1	1
1450	-0.3583	-0.1891	0.4979	0.0935	0.5262	-1	1
1451	-0.3552	-0.1895	0.4981	0.0925	0.589	-1	1
1452	-0.332	-0.1899	0.499	0.0889	0.7702	-1	1
1453	-0.3367	-0.2007	0.4971	0.0833	0.7082	-1	1
1454	-0.248	-0.2047	0.4971	0.1018	0.7165	-1	1
1455	-0.2437	-0.2411	0.4972	0.0888	0.8454	-1	1
1456	-0.2436	-0.2408	0.4972	0.0909	0.8449	-1	1
1457	-0.2422	-0.2441	0.4973	0.0766	0.8502	-1	1
1458	-0.2436	-0.2508	0.4963	0.0777	0.8727	-1	1
1459	-0.2418	-0.2619	0.4964	0.0718	0.8764	-1	1
1460	-0.3167	-0.2666	0.4968	0.1022	0.5378	-1	1
1461	-0.3085	-0.2667	0.4968	0.1014	0.5629	-1	1
1462	-0.1002	-0.2443	0.4986	0.1013	0.8567	-1	1
1463	-0.2638	-0.261	0.4946	0.0756	0.5887	-1	1
1464	-0.3922	-0.2656	0.4976	0.1848	0.4478	-1	1
1465	-0.3104	-0.2661	0.4992	0.0641	0.6487	-1	1
1466	-0.3153	-0.2664	0.4992	0.0638	0.6635	-1	1
1467	-0.3223	-0.2667	0.2257	0.0589	0.4772	-1	1
1467	0.3402	-0.0105	0.4995	0.1032	0.407	-1	1
1469	-0.3323	-0.2619	0.4934	0.0714	0.5439	-1	1
1470	-0.2109	-0.2558	0.2402	0.0703	0.6122	-1	1
1471	-0.2143	-0.2559	0.2404	0.0703	0.5999	-1	1
1472	-0.2195	-0.256	0.2516	0.0739	0.5805	-1	1
1473	-0.4372	-0.2552	0.248	0.0726	0.4504	-1	1
1473	-0.2178	-0.2567	0.2476	0.0715	0.4201	-1	1
1474	-0.4504	-0.2544	0.2511	0.0698	0.6272	-1	1
1474	-0.2371	-0.2623	0.2493	0.0675	0.5597	-1	1
1475	-0.3677	-0.2445	0.2839	0.0779	0.624	-1	1
1476	-0.3218	-0.2443	0.2879	0.0781	0.6157	-1	1
1477	-0.2174	-0.235	0.2702	0.091	0.6618	-1	1
1477	-0.4517	-0.2339	0.2679	0.0917	0.5525	-1	1
1478	-0.4822	-0.2296	0.28	0.0982	0.6407	-1	1
1478	-0.2577	-0.2309	0.2645	0.0996	0.5839	-1	1
1508	-0.4821	-0.4978	0.1305	0.4822	0.6224	-1	1
1509	-0.5	-0.4981	0.0833	0.4934	0.8815	-1	1
1510	-0.5	-0.4983	0.0833	0.4934	0.8866	-1	1
1511	-0.4965	-0.5	0.1521	0.4941	0.7286	-1	1
1512	-0.4967	-0.4896	0.0773	0.4122	0.6659	-1	1
1518	-0.492	-0.3944	0.0228	0.2395	0.9048	-1	1
1519	-0.4856	-0.388	-0.0837	0.276	0.8323	-1	1
1520	-0.4859	-0.388	-0.0839	0.2759	0.8331	-1	1
1536	-0.497	-0.3718	-0.0707	0.4904	0.4822	-1	5
1567	-0.1233	-0.2021	0.104	0.0194	0.4659	-1	5
1569	-0.4845	-0.3099	0.4966	0.1327	0.4206	-1	5
1570	-0.4784	-0.3091	0.4965	0.1319	0.4061	-1	5
1573	-0.4934	-0.2996	0.4983	0.1629	0.6997	-1	5
1577	0.0558	-0.1967	0.4985	0.2465	0.5286	-1	5
1586	-0.4881	-0.2574	0.5	0.1849	0.5561	-1	5
1592	-0.4144	-0.4882	0.5	0.4935	0.4711	-1	5
1593	-0.41	-0.4963	0.4995	0.4902	0.5208	-1	5
1594	-0.4153	-0.4923	0.4964	0.4899	0.5465	-1	5
1595	-0.415	-0.4924	0.4965	0.49	0.5496	-1	5
1597	-0.4392	-0.4968	0.4849	0.4863	0.424	-1	5
1598	-0.4585	-0.4988	0.4844	0.4855	0.4249	-1	5
1599	-0.4433	-0.5	0.4736	0.469	0.446	-1	5
1600	-0.4409	-0.5	0.4739	0.4692	0.464	-1	5
1601	-0.4435	-0.4996	0.4772	0.4712	0.4326	-1	5
1602	-0.4677	-0.4805	0.4597	0.4649	0.5434	-1	5
1603	-0.4543	-0.4554	0.4511	0.4868	0.5487	-1	5
1604	-0.4571	-0.4609	0.4613	0.4656	0.5117	-1	5
1605	-0.4522	-0.4539	0.4568	0.4842	0.5058	-1	5
1606	-0.4529	-0.5	0.4754	0.4883	0.5186	-1	5
1607	-0.4525	-0.5	0.4743	0.4882	0.4195	-1	5
1608	-0.4541	-0.5	0.4735	0.4889	0.5103	-1	5
1609	-0.4534	-0.5	0.474	0.488	0.5893	-1	5
1610	-0.4533	-0.5	0.4735	0.4883	0.592	-1	5
1611	-0.4537	-0.5	0.4743	0.4883	0.5516	-1	5
1612	-0.4567	-0.5	0.4728	0.4875	0.4785	-1	5
1613	-0.4545	-0.4867	0.4741	0.4876	0.5576	-1	5
1614	-0.4526	-0.4833	0.4721	0.4878	0.5119	-1	5
1615	-0.4525	-0.4822	0.4726	0.4878	0.5124	-1	5
1616	-0.4538	-0.4881	0.4786	0.4872	0.4467	-1	5
1617	-0.4524	-0.4906	0.4775	0.4911	0.5104	-1	5
1619	-0.4518	-0.4771	0.4853	0.4941	0.4017	-1	5
1620	-0.4517	-0.4788	0.4855	0.4941	0.451	-1	5
1676	-0.4404	-0.3924	0.1941	0.492	0.48	-1	5
1677	-0.4568	-0.3956	0.1932	0.4917	0.4362	-1	5
1679	-0.4634	-0.3939	0.1788	0.492	0.5075	-1	5
1680	-0.4582	-0.3918	0.1788	0.4919	0.5629	-1	5
1681	-0.463	-0.3997	0.1762	0.4924	0.473	-1	5
1717	-0.04	0.0164	0.1814	0.3088	0.6705	-1	5
1828	-0.2568	0.3289	-0.1893	0.4037	0.7452	-1	5
1846	0.145	-0.2213	0.1962	-0.1084	0.7898	-1	5
1847	0.1558	-0.1982	0.2038	-0.0852	0.772	-1	5
1848	0.1646	-0.1813	0.2075	-0.0637	0.7077	-1	5
1849	0.1707	-0.1682	0.217	-0.0308	0.6063	-1	5
1850	0.1705	-0.1669	0.217	-0.0302	0.6366	-1	5
1948	0.0065	-0.1661	0.0947	-0.0188	0.5005	-1	5
1987	-0.4671	-0.073	-0.4098	-0.0106	0.433	-1	5
1989	-0.4679	-0.0702	-0.4102	-0.0053	0.5754	-1	5
1990	-0.4673	-0.0701	-0.4102	-0.0063	0.5742	-1	5
1991	-0.4689	-0.0667	-0.4097	-0.0014	0.7157	-1	5
1992	-0.4667	-0.0691	-0.4095	-0.001	0.6507	-1	5
1993	-0.4664	-0.0688	-0.4084	-0.0006	0.5373	-1	5
2000	0.1613	0.0246	0.2017	0.1402	0.4589	-1	5
2014	-0.253	0.4537	-0.2069	0.4957	0.4128	-1	5
2015	-0.2546	0.4534	-0.2068	0.4957	0.4166	-1	5
2017	-0.2668	0.444	-0.2107	0.4963	0.567	-1	5
2018	-0.2725	0.4428	-0.2171	0.4958	0.4821	-1	5
2019	-0.2648	0.4498	-0.2167	0.4957	0.5609	-1	5
2020	-0.2649	0.4495	-0.2166	0.4957	0.5806	-1	5
2021	-0.2734	0.4451	-0.2186	0.4957	0.5224	-1	5
2023	-0.2737	0.4433	-0.2233	0.4961	0.4504	-1	5
2024	-0.2767	0.4425	-0.2247	0.4964	0.6249	-1	5
2025	-0.2763	0.4431	-0.2245	0.4964	0.5751	-1	5
2031	-0.0863	0.2288	0.1668	0.4952	0.4697	-1	5
2033	-0.0776	0.2947	0.1612	0.4946	0.6706	-1	5
2034	-0.081	0.3078	0.1548	0.4948	0.5229	-1	5
2035	-0.0812	0.308	0.1547	0.4949	0.5148	-1	5
2036	-0.0859	0.2915	0.1638	0.4939	0.8447	-1	5
2056	-0.4992	-0.3267	-0.3404	0.1669	0.5957	-1	5
2058	-0.4992	-0.3242	-0.3456	0.1833	0.5904	-1	5
2068	-0.4991	-0.3152	-0.3573	0.1962	0.5575	-1	5
2251	-0.0227	0.3522	0.1138	0.4963	0.8353	-1	5
2251	0.4287	0.3811	0.4996	0.4957	0.7383	-1	5
2252	0.4204	0.3951	0.4991	0.4937	0.7064	-1	5
2252	-0.0273	0.3793	0.1045	0.4944	0.5364	-1	5
2253	-0.0207	0.3756	0.0988	0.4953	0.7969	-1	5
2253	0.4135	0.4074	0.4991	0.4941	0.6555	-1	5
2254	-0.0165	0.414	0.0462	0.4968	0.7641	-1	5
2254	0.4069	0.417	0.4991	0.4947	0.6463	-1	5
2255	-0.0165	0.4138	0.0464	0.4968	0.7696	-1	5
2255	0.4069	0.4172	0.4991	0.4948	0.6478	-1	5
2258	0.2957	-0.0899	0.4991	0.4949	0.4034	-1	5
2266	-0.497	-0.3784	0.495	0.4934	0.5271	-1	5
2271	0.0178	-0.3461	0.166	-0.2358	0.6664	-1	5
2271	0.0867	0.3375	0.1559	0.4263	0.653	-1	5
2272	0.0868	0.3315	0.1535	0.4183	0.6256	-1	5
2273	0.087	0.328	0.1515	0.4132	0.459	-1	5
2274	0.086	0.326	0.1507	0.4115	0.4615	-1	5
2275	0.086	0.3266	0.1508	0.4116	0.4794	-1	5
2279	0.1727	-0.177	0.22	-0.1288	0.4271	-1	5
2280	0.1729	-0.1771	0.2214	-0.1288	0.4527	-1	5
2292	0.065	0.3301	0.1338	0.4268	0.5199	-1	5
2307	-0.098	-0.3201	0.2509	0.1791	0.9363	-1	5
2308	-0.1219	-0.3508	0.2244	0.1635	0.8909	-1	5
2310	-0.1471	-0.3724	0.2111	0.1741	0.4482	-1	5
2391	0.1976	0.0397	0.5	0.495	0.9299	-1	5
2392	0.1969	0.0373	0.5	0.4949	0.8665	-1	5
2393	0.1957	0.0407	0.5	0.4951	0.9259	-1	5
2394	0.1959	0.0419	0.5	0.495	0.9148	-1	5
2395	0.1959	0.042	0.5	0.495	0.9117	-1	5
2396	0.1978	0.0524	0.5	0.4949	0.8997	-1	5
2397	0.199	0.0553	0.5	0.495	0.8852	-1	5
2397	-0.1855	0.0057	-0.1118	0.132	0.5497	-1	5
2398	0.2072	0.0553	0.5	0.495	0.8444	-1	5
2398	-0.1804	-0.1374	-0.1098	-0.0134	0.7246	-1	5
2399	0.2221	0.0527	0.4987	0.4953	0.9062	-1	5
2399	-0.0753	-0.2178	0.0484	-0.0994	0.6396	-1	5
2400	0.2221	0.0527	0.4987	0.4952	0.9045	-1	5
2400	-0.0757	-0.2178	0.0484	-0.0994	0.6101	-1	5
2401	0.2237	0.0556	0.4987	0.4953	0.9032	-1	5
2401	-0.0081	-0.2376	0.0483	-0.1253	0.4293	-1	5
2402	0.2136	0.0522	0.5	0.4951	0.8877	-1	5
2403	0.205	0.0509	0.5	0.495	0.8967	-1	5
2403	0.0062	-0.0383	0.0656	0.0232	0.6905	-1	5
2404	0.1916	0.0492	0.5	0.4949	0.8674	-1	5
2405	0.1916	0.0492	0.5	0.4949	0.863	-1	5
2406	0.1799	0.0481	0.5	0.4948	0.9125	-1	5
2407	0.172	0.0458	0.4996	0.4952	0.9143	-1	5
2408	0.1505	0.0453	0.4996	0.4953	0.9064	-1	5
2409	0.1465	0.0383	0.4993	0.4956	0.9125	-1	5
2410	0.1464	0.0396	0.4992	0.4956	0.9072	-1	5
2411	0.1498	0.039	0.4997	0.4953	0.9017	-1	5
2411	-0.2532	0.0775	-0.1783	0.2176	0.5924	-1	5
2412	0.1636	0.0189	0.5	0.4951	0.911	-1	5
2412	-0.2693	-0.069	-0.1981	0.0534	0.5157	-1	5
2628	0.0379	0.1164	0.1078	0.2666	0.7183	-1	5
2630	0.0467	0.1313	0.1234	0.2965	0.567	-1	5
2631	0.0452	0.1439	0.1189	0.3046	0.8516	-1	5
2640	0.4001	0.3778	0.4993	0.495	0.4158	-1	5
2641	0.1727	0.3099	0.3245	0.4947	0.766	-1	5
2641	-0.1408	-0.2552	0.0493	-0.024	0.722	-1	5
2644	0.1754	0.0129	0.5	0.3447	0.6282	-1	5
2645	0.1753	0.0071	0.5	0.3451	0.6182	-1	5
2646	0.385	0.3684	0.4996	0.4962	0.781	-1	5
2647	0.3848	0.3665	0.4996	0.4967	0.7942	-1	5
2647	0.1646	-0.2633	0.4997	0.2324	0.6889	-1	5
2648	0.3991	0.3639	0.4995	0.4959	0.7129	-1	5
2648	0.1689	-0.2639	0.5	0.2049	0.583	-1	5
2649	0.4196	0.0164	0.4997	0.1976	0.7029	-1	5
2649	0.2348	-0.233	0.4982	0.1981	0.4064	-1	5
2650	0.4195	0.0164	0.4997	0.1976	0.7238	-1	5
2651	0.4541	0.0085	0.4994	0.1431	0.6803	-1	5
2653	0.1266	-0.2538	0.1592	-0.0378	0.7839	-1	5
2653	0.2462	-0.2237	0.5	0.1949	0.7274	-1	5
2697	0.4698	-0.2671	0.4997	0.1076	0.5553	-1	5
2699	0.2774	-0.4955	0.499	0.1396	0.4747	-1	5
2700	0.2794	-0.4958	0.499	0.14	0.4369	-1	5
2701	0.2715	-0.4949	0.4985	0.142	0.5101	-1	5
2702	0.2715	-0.4951	0.5	0.1355	0.7795	-1	5
2703	0.2728	-0.4954	0.5	0.1346	0.6597	-1	5
2704	0.2761	-0.4946	0.5	0.134	0.4927	-1	5
2705	0.2747	-0.495	0.5	0.1345	0.4153	-1	5
2706	0.2768	-0.4959	0.5	0.138	0.5508	-1	5
2707	0.2864	-0.4974	0.499	0.1369	0.555	-1	5
2708	0.3098	-0.4948	0.4989	0.0884	0.6162	-1	5
2853	-0.2522	-0.159	0.0623	0.05	0.477	-1	5
2854	-0.2499	-0.1598	0.066	0.0543	0.723	-1	5
2855	-0.2497	-0.1597	0.0659	0.0543	0.7039	-1	5
2856	-0.2501	-0.1617	0.0667	0.0563	0.7179	-1	5
2857	-0.2512	-0.1608	0.0676	0.0578	0.6632	-1	5
2858	-0.2531	-0.1627	0.0669	0.0575	0.5124	-1	5
2889	-0.2612	-0.1838	0.0817	0.0757	0.4922	-1	5
2890	-0.2622	-0.1834	0.0816	0.0756	0.4972	-1	5
2937	-0.1138	-0.2881	0.0849	0.1482	0.6017	-1	5
2942	-0.1329	-0.2498	0.0382	0.0185	0.7151	-1	5
2943	-0.1508	-0.2513	0.0355	0.018	0.6947	-1	5
2944	-0.1609	-0.2478	0.0347	0.0163	0.6249	-1	5
2945	-0.161	-0.2478	0.0347	0.017	0.6281	-1	5
2946	-0.1533	-0.2529	0.0349	0.0207	0.7727	-1	5
2947	-0.0265	-0.2543	0.0361	-0.0613	0.7549	-1	5
2949	-0.1731	-0.2861	0.0449	0.0043	0.4002	-1	5
2950	-0.1734	-0.286	0.0446	0.003	0.4264	-1	5
2951	-0.1762	-0.2879	0.0416	0.0087	0.4062	-1	5
2952	-0.185	-0.2969	0.0402	0.0496	0.8356	-1	5
2953	-0.1842	-0.2958	0.0327	0.0398	0.8764	-1	5
2954	-0.1719	-0.305	0.031	0.0312	0.7115	-1	5
2955	-0.1716	-0.305	0.0314	0.0352	0.7039	-1	5
2956	-0.1701	-0.3062	0.0314	0.018	0.7993	-1	5
2959	-0.148	-0.2164	-0.0362	0.0152	0.5705	-1	5
2960	-0.1479	-0.2171	-0.0332	0.015	0.5049	-1	5
2961	-0.1492	-0.2169	-0.0445	0.0127	0.7384	-1	5
2962	-0.1486	-0.2179	-0.0446	0.0011	0.6942	-1	5
2963	-0.151	-0.2191	-0.044	0.0006	0.6966	-1	5
2968	-0.0069	0.3751	0.0532	0.4958	0.5498	-1	5
2969	-0.3055	-0.3712	-0.2178	-0.1694	0.6567	-1	5
2969	-0.0127	0.3744	0.0525	0.4958	0.544	-1	5
2970	-0.3056	-0.3713	-0.2179	-0.1696	0.6695	-1	5
2970	-0.0126	0.3747	0.0525	0.4958	0.5464	-1	5
2974	0.2527	-0.3488	0.3494	-0.1383	0.8042	-1	5
2974	-0.3298	-0.3746	-0.243	-0.1704	0.4288	-1	5
2975	0.2528	-0.3489	0.3494	-0.1385	0.8116	-1	5
2975	-0.3298	-0.3746	-0.243	-0.1704	0.4101	-1	5
2978	0.2407	-0.3333	0.3395	-0.1353	0.4769	-1	5
2984	-0.0483	-0.1896	0.0104	-0.0602	0.5596	-1	5
2985	-0.0481	-0.1888	0.0109	-0.0628	0.5909	-1	5
2986	-0.0499	-0.1859	0.0083	-0.0568	0.7638	-1	5
2987	-0.051	-0.174	0.0054	-0.0571	0.7805	-1	5
2988	-0.0519	-0.1764	0.0028	-0.0569	0.5233	-1	5
2992	-0.0573	-0.1692	-0.0104	-0.0752	0.4549	-1	5
2993	-0.0666	-0.1789	-0.0112	-0.0756	0.4229	-1	5
2994	-0.0685	-0.1802	-0.0132	-0.0756	0.554	-1	5
2995	-0.0685	-0.1801	-0.0132	-0.0756	0.5569	-1	5
2996	-0.0709	-0.1876	-0.0145	-0.0764	0.5176	-1	5
2997	-0.0735	-0.1954	-0.0143	-0.0777	0.4285	-1	5
2999	-0.0664	-0.2123	-0.0125	-0.0761	0.4917	-1	5
3000	-0.0658	-0.2106	-0.0126	-0.0763	0.5051	-1	5
3002	-0.0545	-0.2123	-0.0062	-0.0743	0.7348	-1	5
3003	0.1183	0.1022	0.246	0.3592	0.6099	-1	5
3004	0.0905	0.0902	0.2267	0.3612	0.7753	-1	5
3005	0.0901	0.0902	0.2266	0.361	0.7495	-1	5
3009	0.4727	-0.1093	0.4997	-0.0254	0.5167	-1	5
3010	0.4727	-0.1092	0.4997	-0.0252	0.5003	-1	5
3033	-0.4999	-0.301	-0.4648	-0.1592	0.4233	-1	5
3068	-0.4999	-0.2878	-0.4363	-0.0817	0.5931	-1	5
3073	0.0207	-0.0909	0.1815	0.0648	0.7509	-1	5
3074	0.0209	-0.0986	0.1804	0.0612	0.7945	-1	5
3074	-0.2034	-0.0974	0.1825	0.2724	0.6028	-1	5
3075	0.0208	-0.0985	0.1804	0.0612	0.7921	-1	5
3075	-0.2031	-0.0976	0.1824	0.2713	0.6379	-1	5
3076	0.0217	-0.105	0.1809	0.0578	0.755	-1	5
3076	-0.2014	-0.1018	0.1826	0.2648	0.6059	-1	5
3077	-0.1991	-0.1065	0.1834	0.2544	0.6348	-1	5
3077	0.0212	-0.1127	0.1818	0.0545	0.5978	-1	5
3078	-0.1987	-0.0996	0.1831	0.2513	0.6468	-1	5
3078	0.0213	-0.0573	0.1827	0.0486	0.4688	-1	5
3079	0.0215	-0.0506	0.1829	0.0441	0.6224	-1	5
3080	0.0215	-0.0503	0.1829	0.0442	0.6213	-1	5
3081	0.0213	-0.0513	0.1836	0.038	0.7356	-1	5
3082	-0.1979	-0.0816	0.1846	0.2233	0.6128	-1	5
3082	0.0237	-0.0467	0.1835	0.0325	0.5389	-1	5
3083	-0.1999	-0.0907	0.1841	0.2175	0.5682	-1	5
3083	0.0197	-0.0721	0.1807	0.0268	0.4429	-1	5
3084	-0.2011	-0.0942	0.1827	0.2213	0.5745	-1	5
3084	0.02	-0.077	0.18	0.0213	0.4786	-1	5
3085	-0.2012	-0.0926	0.1827	0.2223	0.5764	-1	5
3085	0.0199	-0.0746	0.1801	0.0212	0.4793	-1	5
3086	-0.199	-0.0971	0.1826	0.2221	0.7121	-1	5
3087	-0.2006	-0.0939	0.1821	0.224	0.7661	-1	5
3087	0.023	-0.0786	0.1821	0.0133	0.6482	-1	5
3087	0.0227	-0.1396	0.1818	0.0147	0.4775	-1	5
3088	-0.2023	-0.1225	0.1807	0.2168	0.8683	-1	5
3088	0.0208	-0.1354	0.1815	0.0135	0.4973	-1	5
3089	-0.2021	-0.137	0.1802	0.2146	0.8621	-1	5
3090	-0.2019	-0.1362	0.1802	0.2137	0.8583	-1	5
3091	-0.2028	-0.1343	0.1814	0.2223	0.817	-1	5
3092	-0.1972	-0.1472	0.1848	0.2136	0.7787	-1	5
3093	-0.0366	-0.1486	0.1851	0.0661	0.6095	-1	5
3094	0.0281	-0.1419	0.194	0.0142	0.8246	-1	5
3095	0.0281	-0.142	0.194	0.0141	0.8231	-1	5
3096	0.0328	-0.1422	0.1952	0.0146	0.873	-1	5
3097	0.0355	-0.1444	0.1979	0.0092	0.8556	-1	5
3098	0.0357	-0.1433	0.1996	0.0063	0.8605	-1	5
3161	0.0815	-0.2532	0.1556	-0.1645	0.4313	-1	5
3163	0.0877	-0.2634	0.1566	-0.1719	0.6539	-1	5
3164	0.0889	-0.2638	0.16	-0.176	0.6027	-1	5
3165	0.0889	-0.264	0.1604	-0.176	0.5877	-1	5
3181	-0.0084	-0.2702	0.3997	0.1416	0.9142	-1	5
3182	0.0127	-0.2479	0.4024	0.1515	0.8782	-1	5
3183	-0.0093	-0.226	0.4019	0.1609	0.807	-1	5
3184	-0.054	-0.3244	0.4007	0.165	0.8063	-1	5
3185	-0.0544	-0.3076	0.401	0.165	0.8115	-1	5
3186	-0.0552	-0.3124	0.4034	0.1671	0.7807	-1	5
3187	-0.0478	-0.2321	0.4043	0.1791	0.7975	-1	5
3188	-0.0367	-0.2884	0.4036	0.1873	0.7979	-1	5
3189	-0.0306	-0.2564	0.405	0.1934	0.8155	-1	5
3190	-0.0288	-0.2563	0.4049	0.1934	0.8166	-1	5
3191	-0.021	-0.2473	0.4031	0.2045	0.8097	-1	5
3192	-0.0347	-0.2319	0.3989	0.2214	0.8635	-1	5
3193	-0.0391	-0.2389	0.4006	0.2349	0.9101	-1	5
3194	-0.0367	-0.2325	0.3991	0.2387	0.8391	-1	5
3195	-0.0325	-0.2325	0.399	0.2387	0.8296	-1	5
3196	-0.0106	-0.2363	0.3963	0.2364	0.7734	-1	5
3196	-0.0524	-0.0291	0.0409	0.1463	0.5392	-1	5
3197	-0.0567	-0.2266	0.3952	0.2398	0.8587	-1	5
3198	-0.0625	-0.2232	0.3952	0.2408	0.9101	-1	5
3199	-0.1499	-0.2129	0.3815	0.2426	0.6819	-1	5
3200	-0.148	-0.2158	0.3919	0.2426	0.7226	-1	5
3201	-0.1931	-0.2274	0.3941	0.2986	0.9331	-1	5
3202	-0.2052	-0.2384	0.397	0.4813	0.8965	-1	5
3203	-0.2504	-0.2375	0.4024	0.4948	0.8669	-1	5
3204	-0.2752	-0.2429	0.3957	0.4971	0.8406	-1	5
3205	-0.2754	-0.2428	0.395	0.4972	0.8401	-1	5
3206	-0.174	-0.2112	0.3842	0.2526	0.8664	-1	5
3213	-0.1987	-0.2584	0.4965	0.111	0.423	-1	5
3216	-0.1083	-0.2393	0.5	0.1324	0.5904	-1	5
3217	-0.0985	-0.2208	0.0064	0.0005	0.5719	-1	5
3222	-0.2317	-0.2838	0.4712	0.0576	0.4469	-1	5
3223	-0.2212	-0.2743	0.0061	-0.0088	0.8632	-1	5
3224	-0.2287	-0.2782	0.0549	0.0153	0.9134	-1	5
3225	-0.2283	-0.2785	0.055	0.0163	0.9127	-1	5
3226	-0.0784	-0.2322	0.1571	0.0251	0.8127	-1	5
3227	-0.4786	-0.3388	0.4992	0.0471	0.6646	-1	5
3228	-0.4968	-0.2849	0.0093	0.0089	0.8342	-1	5
3231	-0.2277	-0.2836	0.4954	0.0281	0.6273	-1	5
3277	-0.4388	0.0117	-0.3863	0.1136	0.8178	-1	5
3278	-0.4375	0.0118	-0.3846	0.114	0.809	-1	5
3279	-0.4369	0.0115	-0.3841	0.1142	0.812	-1	5
3280	-0.437	0.0115	-0.3841	0.1141	0.8117	-1	5
3281	-0.4371	0.0114	-0.3847	0.1142	0.8131	-1	5
3282	-0.437	0.0114	-0.3847	0.1141	0.8157	-1	5
3283	-0.437	0.0114	-0.3846	0.1141	0.8191	-1	5
3284	-0.437	0.0114	-0.3846	0.1141	0.8194	-1	5
3285	-0.437	0.0114	-0.3846	0.1141	0.8204	-1	5
3286	-0.437	0.0113	-0.3841	0.1143	0.8192	-1	5
3287	-0.4363	0.0112	-0.3841	0.1144	0.8072	-1	5
3288	-0.4369	0.0112	-0.3842	0.1143	0.8146	-1	5
3289	-0.4375	0.0113	-0.3844	0.1143	0.8254	-1	5
3290	-0.4375	0.0113	-0.3845	0.1142	0.8256	-1	5
3291	-0.4377	0.0105	-0.385	0.1136	0.8282	-1	5
3292	-0.4377	0.0105	-0.385	0.1137	0.8288	-1	5
3306	-0.0736	-0.2172	0.009	-0.0692	0.507	-1	5
3309	-0.0634	-0.2138	0.0168	-0.0622	0.4265	-1	5
3352	-0.4972	-0.2474	0.3973	0.2941	0.7301	-1	5
3353	-0.4978	-0.0903	0.3965	0.4349	0.6529	-1	5
3354	-0.4963	-0.0735	0.3874	0.3903	0.7423	-1	5
3355	-0.4963	-0.074	0.3878	0.3906	0.7433	-1	5
3356	-0.471	-0.1186	0.4255	0.3369	0.7543	-1	5
3357	-0.3468	-0.1293	0.4038	0.3346	0.8494	-1	5
3357	-0.4998	0.303	-0.4676	0.4583	0.6028	-1	5
3357	-0.4687	0.2847	-0.3735	0.4423	0.544	-1	5
3358	-0.309	-0.121	0.4116	0.3299	0.8267	-1	5
3359	-0.0711	0.0007	0.4029	0.2475	0.8209	-1	5
3359	-0.0274	-0.1371	0.067	0.0822	0.7108	-1	5
3359	-0.4998	0.251	-0.3575	0.474	0.4446	-1	5
3360	-0.0712	0.0018	0.4028	0.2475	0.8236	-1	5
3360	-0.0274	-0.137	0.067	0.0822	0.7195	-1	5
3360	-0.4998	0.251	-0.3575	0.474	0.4839	-1	5
3361	-0.0527	-0.0092	0.402	0.2486	0.6367	-1	5
3538	-0.496	-0.4854	0.2326	0.4814	0.6887	-1	9
3539	-0.4961	-0.4881	0.232	0.4832	0.8015	-1	9
3540	-0.496	-0.4875	0.2321	0.4832	0.8221	-1	9
3541	-0.4946	-0.4899	0.2353	0.4841	0.8371	-1	9
3542	-0.4942	-0.4899	0.2372	0.4856	0.8101	-1	9
3543	-0.4958	-0.4851	0.2376	0.4902	0.8495	-1	9
3544	-0.4956	-0.4856	0.239	0.491	0.8839	-1	9
3545	-0.4957	-0.4862	0.2391	0.491	0.8842	-1	9
3546	-0.4964	-0.4854	0.2417	0.4909	0.8682	-1	9
3547	-0.4941	-0.4796	0.2434	0.4912	0.8791	-1	9
3548	-0.493	-0.4877	0.2562	0.4913	0.6771	-1	9
3549	-0.4937	-0.5	0.2747	0.4911	0.9004	-1	9
3550	-0.4938	-0.5	0.2744	0.4912	0.9018	-1	9
3551	-0.4941	-0.4985	0.2826	0.4922	0.8658	-1	9
3552	-0.4972	-0.4977	0.2825	0.4912	0.9062	-1	9
3553	-0.4936	-0.4973	0.2963	0.4926	0.706	-1	9
3554	-0.4976	-0.4999	0.293	0.4924	0.5485	-1	9
3555	-0.4976	-0.4999	0.293	0.4924	0.5765	-1	9
3556	-0.4961	-0.5	0.3066	0.4926	0.4556	-1	9
3558	-0.4767	-0.4951	0.3358	0.4925	0.5366	-1	9
3564	-0.4174	-0.4993	0.3969	0.4941	0.6325	-1	9
3565	-0.4181	-0.4993	0.3972	0.4941	0.679	-1	9
3566	-0.4123	-0.5	0.4009	0.4941	0.8099	-1	9
3567	-0.4132	-0.5	0.409	0.4947	0.7973	-1	9
3571	-0.3947	-0.4972	0.4396	0.4934	0.4956	-1	9
3582	-0.2924	-0.4857	0.4972	0.4937	0.4824	-1	9
3589	-0.2356	-0.4872	0.4978	0.4935	0.4577	-1	9
3590	-0.2351	-0.4872	0.4979	0.4935	0.4629	-1	9
3591	-0.2284	-0.491	0.4975	0.4935	0.4325	-1	9
3596	-0.235	-0.4881	0.4993	0.4934	0.4554	-1	9
3597	-0.2312	-0.4886	0.4984	0.4933	0.4954	-1	9
3617	-0.0974	-0.4893	0.295	0.1259	0.6994	-1	9
3617	-0.5	-0.2231	0.2962	0.494	0.6201	-1	9
3618	-0.4926	-0.4928	0.3045	0.4951	0.6823	-1	9
3619	-0.4088	-0.4934	0.3002	0.2902	0.6595	-1	9
3619	-0.4993	0.047	0.2972	0.4937	0.5331	-1	9
3620	-0.4309	-0.4939	0.3005	0.3879	0.644	-1	9
3620	-0.3519	-0.4923	0.2973	0.1146	0.5575	-1	9
3620	-0.4943	0.042	0.2602	0.4959	0.5367	-1	9
3621	-0.4953	-0.4929	0.2936	0.4918	0.8161	-1	9
3622	-0.4953	-0.4962	0.2935	0.4912	0.7415	-1	9
3623	-0.4954	-0.496	0.2938	0.4914	0.8123	-1	9
3624	-0.4947	-0.4981	0.2902	0.4914	0.8475	-1	9
3625	-0.4947	-0.4976	0.2885	0.4913	0.8661	-1	9
3626	-0.4945	-0.4988	0.2861	0.4888	0.7391	-1	9
3627	-0.4956	-0.494	0.2777	0.4897	0.8886	-1	9
3628	-0.4964	-0.4937	0.2735	0.4902	0.8694	-1	9
3629	-0.4905	-0.4956	0.2732	0.4906	0.6868	-1	9
3629	-0.4085	-0.488	0.2713	0.2068	0.497	-1	9
3629	-0.4985	-0.002	0.2819	0.4942	0.4263	-1	9
3630	-0.4908	-0.4953	0.2722	0.4907	0.6662	-1	9
3630	-0.4092	-0.4879	0.2702	0.2022	0.4618	-1	9
3630	-0.4983	-0.0009	0.2796	0.4941	0.4359	-1	9
3631	-0.4932	-0.4919	0.2494	0.4936	0.8481	-1	9
3631	0.3657	-0.0751	0.4867	0.1671	0.472	-1	9
3632	-0.4936	-0.4943	0.2572	0.4952	0.8638	-1	9
3633	-0.4932	-0.4914	0.2464	0.4857	0.8031	-1	9
3633	-0.4808	-0.4893	0.2459	0.203	0.6856	-1	9
3634	-0.4872	-0.4931	0.2419	0.3978	0.7013	-1	9
3635	-0.4871	-0.4932	0.2423	0.4147	0.7159	-1	9
3636	-0.4924	-0.495	0.2479	0.4928	0.8382	-1	9
3636	-0.4753	-0.493	0.2448	0.1912	0.6778	-1	9
3637	-0.4888	-0.4938	0.2479	0.4933	0.8232	-1	9
3637	-0.461	-0.4916	0.2457	0.1813	0.6535	-1	9
3638	-0.4981	-0.4893	0.2459	0.498	0.844	-1	9
3638	-0.4679	-0.4867	0.245	0.1943	0.6489	-1	9
3639	-0.4943	-0.4834	0.2492	0.4982	0.7506	-1	9
3639	-0.4842	-0.4795	0.2402	0.1731	0.6252	-1	9
3640	-0.4943	-0.4835	0.2491	0.4985	0.7522	-1	9
3640	-0.4838	-0.4797	0.2402	0.1733	0.6155	-1	9
3641	-0.4945	-0.4716	0.2488	0.5	0.6424	-1	9
3642	-0.4978	-0.4582	0.238	0.4997	0.7728	-1	9
3678	-0.4986	-0.3303	0.1038	0.4951	0.5672	-1	9
3679	-0.4993	-0.3235	0.134	0.4949	0.5852	-1	9
3680	-0.4991	-0.3236	0.1369	0.495	0.5723	-1	9
3681	-0.5	-0.3218	0.0985	0.4948	0.4641	-1	9
3686	-0.4984	0.1445	-0.1756	0.4925	0.712	-1	9
3687	-0.4988	0.1462	-0.1712	0.4925	0.7858	-1	9
3688	-0.4998	0.144	-0.1617	0.4913	0.776	-1	9
3688	-0.3512	-0.2947	0.1421	0.1894	0.624	-1	9
3689	-0.4995	-0.2932	0.1865	0.4921	0.6964	-1	9
3689	-0.4165	-0.2918	0.3765	0.4949	0.5378	-1	9
3689	0.4308	-0.0661	0.4994	0.0973	0.4026	-1	9
3690	-0.4994	-0.2931	0.1801	0.492	0.6947	-1	9
3690	-0.4086	-0.2918	0.3958	0.4948	0.5355	-1	9
3690	0.4303	-0.0663	0.4994	0.1023	0.4115	-1	9
3691	-0.4954	-0.2895	0.1898	0.4921	0.6213	-1	9
3692	-0.4544	-0.2856	0.1921	0.4942	0.5544	-1	9
3692	-0.4348	0.2363	-0.4074	0.2582	0.4179	-1	9
3693	-0.482	-0.2844	0.2223	0.4931	0.6293	-1	9
3694	-0.4917	-0.2765	0.211	0.4945	0.7633	-1	9
3695	-0.4918	-0.2761	0.2113	0.4945	0.763	-1	9
3696	-0.4936	-0.2705	0.2234	0.4954	0.7825	-1	9
3697	-0.4921	-0.2653	0.2088	0.496	0.7434	-1	9
3698	-0.4903	-0.2628	0.1979	0.4951	0.8282	-1	9
3699	-0.4914	-0.2604	0.1951	0.4944	0.8685	-1	9
3700	-0.4908	-0.2598	0.1957	0.4943	0.8705	-1	9
3701	-0.4887	-0.2579	0.1932	0.4938	0.8896	-1	9
3702	-0.4928	-0.257	0.2328	0.4936	0.7767	-1	9
3703	-0.4799	-0.2513	0.1852	0.4925	0.8127	-1	9
3704	-0.4844	-0.253	0.2171	0.4937	0.7107	-1	9
3705	-0.4847	-0.254	0.2193	0.4939	0.7046	-1	9
3706	-0.4952	-0.2513	0.2275	0.4942	0.656	-1	9
3707	-0.4512	-0.2623	0.1687	0.4957	0.6262	-1	9
3708	-0.4943	-0.2597	0.1673	0.4949	0.678	-1	9
3709	-0.4907	-0.2609	0.1454	0.4928	0.585	-1	9
3710	-0.4912	-0.2612	0.1451	0.493	0.5713	-1	9
3711	-0.4887	-0.266	0.1325	0.4954	0.7947	-1	9
3712	-0.4893	-0.2583	0.1318	0.4953	0.8314	-1	9
3713	-0.4961	-0.2563	0.1355	0.4948	0.8199	-1	9
3714	-0.4893	-0.2521	0.1485	0.4969	0.8131	-1	9
3715	-0.4892	-0.2519	0.1491	0.497	0.8164	-1	9
3717	-0.4983	-0.2113	-0.244	0.0095	0.8206	-1	9
3718	-0.4978	-0.2045	-0.2385	0.0314	0.8679	-1	9
3719	-0.4982	-0.215	-0.2453	0.0122	0.735	-1	9
3720	-0.4976	-0.214	-0.2454	0.0118	0.7585	-1	9
3722	-0.498	-0.2465	-0.2464	0.017	0.4771	-1	9
3723	-0.4977	-0.2344	-0.2634	-0.0089	0.5337	-1	9
3727	-0.4587	-0.2034	-0.2683	0.038	0.6371	-1	9
3728	-0.498	-0.2711	-0.2159	0.0613	0.4242	-1	9
3729	-0.3628	-0.2051	-0.2644	-0.0116	0.6476	-1	9
3730	-0.363	-0.205	-0.2646	-0.0117	0.6329	-1	9
3731	-0.4991	-0.2724	-0.2623	-0.0008	0.8927	-1	9
3732	-0.4993	-0.2664	-0.2316	0.0137	0.6494	-1	9
3734	-0.3657	-0.2139	-0.2431	-0.0056	0.8299	-1	9
3735	-0.3657	-0.2136	-0.2429	-0.0055	0.8443	-1	9
3736	-0.4987	-0.2851	-0.217	0.0303	0.4204	-1	9
3738	-0.4991	-0.2347	-0.2499	0.0187	0.452	-1	9
3739	-0.3998	-0.2218	-0.2379	0.0103	0.6309	-1	9
3740	-0.3976	-0.2239	-0.2371	0.0112	0.6373	-1	9
3742	-0.4986	-0.2805	-0.1258	0.0145	0.8556	-1	9
3744	-0.3558	-0.2221	-0.1328	0.0077	0.4218	-1	9
3827	-0.4981	-0.3303	-0.3294	0.4919	0.6888	-1	9
3828	-0.4979	-0.3306	-0.3248	0.4919	0.7777	-1	9
3829	-0.4978	-0.3295	-0.3217	0.4908	0.7135	-1	9
3830	-0.4978	-0.3296	-0.3217	0.4909	0.6906	-1	9
3831	-0.498	-0.3303	-0.3211	0.4907	0.655	-1	9
3832	-0.4979	-0.33	-0.3198	0.4909	0.6909	-1	9
3833	-0.4978	-0.3298	-0.3167	0.4909	0.5644	-1	9
3897	-0.3157	-0.299	-0.0716	0.2668	0.4333	-1	9
3898	-0.3166	-0.2915	-0.0733	0.2716	0.468	-1	9
3911	-0.4978	-0.1398	0.2134	0.406	0.7565	-1	9
3911	0.2127	0.0053	0.499	0.1665	0.4647	-1	9
3912	-0.4983	-0.141	0.2143	0.4126	0.6049	-1	9
3912	0.21	-0.0565	0.4987	0.1748	0.5276	-1	9
3913	0.2079	0.0357	0.499	0.188	0.5386	-1	9
3913	-0.4989	-0.1383	0.2172	0.4357	0.5053	-1	9
3914	0.2066	-0.0413	0.499	0.2034	0.6759	-1	9
3914	-0.499	-0.1032	0.2224	0.4454	0.5956	-1	9
3915	0.2066	-0.0302	0.499	0.2034	0.6545	-1	9
3915	-0.499	-0.1031	0.2216	0.446	0.604	-1	9
3916	-0.5	-0.0995	0.204	0.4986	0.6122	-1	9
3916	0.2102	0.0105	0.4989	0.2246	0.5259	-1	9
3917	-0.4985	-0.0718	0.2061	0.4914	0.7896	-1	9
3917	0.2208	0.079	0.499	0.239	0.5226	-1	9
3918	-0.4979	-0.0548	0.2097	0.487	0.7777	-1	9
3918	0.2289	0.0986	0.499	0.2542	0.6211	-1	9
3919	-0.4984	0.0844	-0.0377	0.4944	0.7604	-1	9
3919	-0.4975	-0.0324	0.2105	0.4838	0.5989	-1	9
3919	0.2334	0.1218	0.4989	0.2737	0.4685	-1	9
3920	-0.4984	0.0843	-0.0377	0.4944	0.7565	-1	9
3920	-0.4974	-0.0323	0.2104	0.4835	0.6144	-1	9
3920	0.2334	0.1215	0.4989	0.2737	0.461	-1	9
3921	-0.4979	0.0973	-0.0319	0.4942	0.8877	-1	9
3921	0.3716	0.1371	0.4984	0.2852	0.5352	-1	9
3922	-0.496	-0.0091	0.2072	0.4845	0.835	-1	9
3922	0.3698	0.1439	0.4994	0.2883	0.6663	-1	9
3923	-0.4955	0.058	0.2003	0.4935	0.8759	-1	9
3923	0.3719	0.1388	0.4994	0.2814	0.6435	-1	9
3924	0.3678	0.127	0.4996	0.2711	0.7978	-1	9
3924	-0.4969	0.0402	0.1722	0.4971	0.7931	-1	9
3925	0.368	0.127	0.4996	0.2711	0.8011	-1	9
3925	-0.4972	0.0397	0.1724	0.4971	0.7948	-1	9
3926	-0.4978	0.0842	0.152	0.4916	0.8713	-1	9
3926	0.345	0.1167	0.4991	0.2614	0.8271	-1	9
3927	-0.5	0.0868	0.1419	0.4961	0.8466	-1	9
3927	0.3374	0.1108	0.4992	0.2592	0.8119	-1	9
3928	-0.5	0.084	0.1443	0.4952	0.8497	-1	9
3928	0.3374	0.1113	0.4992	0.2598	0.8108	-1	9
3929	-0.5	0.0837	0.1441	0.4956	0.8767	-1	9
3929	0.3373	0.1161	0.4993	0.2649	0.8219	-1	9
3930	-0.5	0.0835	0.1441	0.4955	0.8789	-1	9
3930	0.3372	0.1161	0.4993	0.2649	0.8202	-1	9
3931	-0.4979	0.078	0.1368	0.4919	0.8792	-1	9
3931	0.3343	0.117	0.4993	0.265	0.7827	-1	9
3932	-0.5	0.0721	0.129	0.4956	0.8776	-1	9
3932	0.3313	0.1121	0.4993	0.2599	0.8409	-1	9
3933	-0.5	0.0544	0.121	0.4942	0.8686	-1	9
3933	0.3296	0.1017	0.4994	0.2476	0.8596	-1	9
3934	0.3304	0.0837	0.4994	0.2309	0.8333	-1	9
3934	-0.3097	0.0483	0.1219	0.4242	0.7044	-1	9
3935	0.3307	0.0837	0.4994	0.2309	0.8248	-1	9
3935	-0.3098	0.0486	0.1216	0.424	0.7021	-1	9
3936	0.3327	0.0672	0.4994	0.2152	0.8267	-1	9
3936	-0.306	0.0516	0.1235	0.4005	0.7841	-1	9
3937	0.3381	0.0541	0.4994	0.2012	0.8345	-1	9
3937	-0.3074	0.0093	0.1307	0.3926	0.5024	-1	9
3938	0.3508	0.0424	0.4997	0.1896	0.8062	-1	9
3938	-0.5	-0.0181	0.1302	0.4969	0.804	-1	9
3939	-0.5	-0.0316	0.1529	0.4973	0.7994	-1	9
3939	0.3612	0.0361	0.4995	0.1828	0.7086	-1	9
3940	-0.5	-0.0319	0.1527	0.497	0.7995	-1	9
3940	0.3612	0.036	0.4995	0.1827	0.7024	-1	9
3941	0.3686	0.028	0.4995	0.1748	0.816	-1	9
3941	-0.4967	-0.0341	0.1578	0.4983	0.7879	-1	9
3942	0.3798	0.0176	0.4994	0.1641	0.7962	-1	9
3942	-0.4971	-0.0389	0.2212	0.4982	0.619	-1	9
3943	0.3908	0.0031	0.4993	0.1513	0.7084	-1	9
3943	-0.4971	-0.0639	0.3388	0.4964	0.6205	-1	9
3944	0.3986	-0.0125	0.4996	0.1381	0.7394	-1	9
3945	0.4009	-0.012	0.4993	0.1385	0.7348	-1	9
3946	0.4079	-0.0151	0.4996	0.1248	0.7847	-1	9
3946	-0.4992	0.1362	-0.2026	0.4819	0.7485	-1	9
3946	-0.4993	-0.0747	0.353	0.5	0.411	-1	9
3947	-0.4989	0.1274	-0.1974	0.4787	0.9205	-1	9
3947	0.4163	-0.01	0.4997	0.1131	0.7831	-1	9
3947	-0.179	-0.0673	0.2135	0.2632	0.5988	-1	9
3948	-0.4992	0.1165	-0.1859	0.4863	0.8956	-1	9
3948	0.4275	0.0058	0.4997	0.1065	0.677	-1	9
3949	-0.4988	0.1133	-0.1755	0.4892	0.9045	-1	9
3949	0.4357	0.0396	0.4995	0.1045	0.5551	-1	9
3950	-0.4987	0.1142	-0.1758	0.4881	0.9093	-1	9
3950	0.4358	0.0394	0.4995	0.1045	0.5425	-1	9
3951	-0.4989	0.1106	-0.1696	0.4907	0.8354	-1	9
3951	0.4372	0.0485	0.4995	0.1041	0.623	-1	9
3952	0.4369	0.048	0.4995	0.1027	0.5827	-1	9
3952	-0.4989	0.1091	-0.1683	0.4896	0.4015	-1	9
4012	-0.2084	0.384	-0.1382	0.4568	0.6927	-1	9
4013	-0.2098	0.3831	-0.1384	0.456	0.7837	-1	9
4014	-0.2113	0.3827	-0.1388	0.4563	0.8081	-1	9
4015	-0.2112	0.3828	-0.1392	0.4563	0.811	-1	9
4016	-0.2124	0.3824	-0.1405	0.456	0.81	-1	9
4017	-0.2129	0.383	-0.1413	0.4557	0.803	-1	9
4018	-0.2136	0.383	-0.1417	0.4555	0.6993	-1	9
4019	-0.214	0.3833	-0.1432	0.4554	0.7556	-1	9
4020	-0.2138	0.3836	-0.1433	0.4544	0.7727	-1	9
4021	-0.2149	0.3837	-0.1443	0.4541	0.7889	-1	9
4022	-0.216	0.3835	-0.1458	0.4539	0.7819	-1	9
4023	-0.2167	0.3829	-0.1482	0.4543	0.8007	-1	9
4024	-0.2172	0.3827	-0.1485	0.4542	0.7947	-1	9
4025	-0.2173	0.3826	-0.1485	0.4542	0.7941	-1	9
4026	-0.2187	0.3827	-0.1492	0.4546	0.7952	-1	9
4027	-0.2195	0.3831	-0.1504	0.4542	0.8201	-1	9
4028	-0.2202	0.3833	-0.1503	0.4538	0.7983	-1	9
4029	-0.2211	0.3837	-0.1513	0.4538	0.8044	-1	9
4030	-0.2212	0.3843	-0.1512	0.4543	0.8022	-1	9
4031	-0.2229	0.3823	-0.1527	0.454	0.8099	-1	9
4032	-0.224	0.3824	-0.1548	0.4538	0.8	-1	9
4033	-0.2243	0.3828	-0.1552	0.4534	0.8072	-1	9
4034	-0.2242	0.3821	-0.1563	0.4541	0.7828	-1	9
4035	-0.2242	0.3822	-0.1562	0.4542	0.7872	-1	9
4036	-0.2253	0.3826	-0.1568	0.4541	0.7587	-1	9
4037	-0.2255	0.3829	-0.1591	0.4531	0.7369	-1	9
4038	-0.2264	0.3821	-0.1603	0.4531	0.7645	-1	9
4039	-0.2268	0.3825	-0.1624	0.4526	0.7583	-1	9
4040	-0.2267	0.3825	-0.1623	0.4526	0.7596	-1	9
4041	-0.2273	0.3823	-0.1631	0.4525	0.6982	-1	9
4041	0.0342	0.2121	0.0781	0.2615	0.5073	-1	9
4042	-0.2281	0.3851	-0.184	0.4519	0.5875	-1	9
4042	0.0333	0.2128	0.0773	0.2615	0.422	-1	9
4043	-0.2283	0.3853	-0.1846	0.452	0.6863	-1	9
4044	-0.2293	0.3865	-0.1855	0.4519	0.7485	-1	9
4045	-0.2294	0.3869	-0.1859	0.452	0.7559	-1	9
4046	-0.2296	0.3873	-0.1865	0.4519	0.7889	-1	9
4047	-0.23	0.3876	-0.1869	0.452	0.7949	-1	9
4048	-0.23	0.388	-0.1873	0.4521	0.7977	-1	9
4049	-0.2298	0.3879	-0.1877	0.4517	0.7803	-1	9
4050	-0.2298	0.388	-0.1878	0.4517	0.7768	-1	9
4051	-0.2307	0.3884	-0.1874	0.4516	0.7338	-1	9
4052	-0.2313	0.3877	-0.1876	0.4515	0.7511	-1	9
4053	-0.2316	0.3879	-0.1873	0.4514	0.7713	-1	9
4067	0.0521	0.0195	0.1024	0.0784	0.5634	-1	9
4096	-0.2517	0.0636	-0.1623	0.2199	0.7167	-1	9
4097	-0.2481	0.0654	-0.1563	0.2237	0.6484	-1	9
4286	-0.3306	0.316	-0.1828	0.422	0.4463	-1	9
4362	-0.4016	-0.3613	0.3758	0.2825	0.6866	-1	9
4363	-0.3492	-0.3471	0.3781	0.2864	0.6718	-1	9
4364	-0.3307	-0.3546	0.3767	0.2491	0.8517	-1	9
4365	-0.3301	-0.3547	0.3774	0.2486	0.8383	-1	9
4366	-0.37	-0.3655	0.3646	0.2278	0.8188	-1	9
4367	-0.3621	-0.3875	0.3391	0.1877	0.8721	-1	9
4368	-0.4923	-0.3959	0.3252	0.2388	0.774	-1	9
4369	-0.4946	-0.3973	0.3041	0.1896	0.8072	-1	9
4370	-0.4939	-0.3943	0.309	0.2101	0.7611	-1	9
4370	-0.435	-0.3898	0.3163	0.4097	0.5925	-1	9
4371	-0.4848	-0.3859	0.2944	0.3583	0.8569	-1	9
4372	-0.4515	-0.3878	0.282	0.1815	0.8789	-1	9
4374	-0.4753	-0.3883	0.243	0.2691	0.8602	-1	11
4375	-0.4753	-0.3883	0.2429	0.2714	0.862	-1	11
4376	-0.4663	-0.3744	0.2317	0.205	0.9031	-1	11
4377	-0.4914	-0.3613	0.2278	0.2263	0.866	-1	11
4378	-0.4963	-0.3641	0.2064	0.2153	0.8886	-1	11
4379	-0.4962	-0.3776	0.1798	0.1907	0.9107	-1	11
4380	-0.4962	-0.3777	0.1798	0.1916	0.9109	-1	11
4381	-0.4978	-0.3787	0.1724	0.2029	0.9062	-1	11
4382	-0.4963	-0.3722	0.1792	0.191	0.9095	-1	11
4383	-0.4955	-0.3652	0.2127	0.2421	0.8573	-1	11
4384	-0.496	-0.3603	0.2187	0.219	0.8312	-1	11
4385	-0.496	-0.3604	0.2188	0.2193	0.8311	-1	11
4386	-0.494	-0.3661	0.2358	0.3363	0.7335	-1	11
4387	-0.4945	-0.3411	0.2393	0.3786	0.5686	-1	11
4387	-0.4915	-0.2779	0.2359	0.1864	0.4127	-1	11
4388	-0.4777	-0.373	0.2472	0.3695	0.7136	-1	11
4389	-0.4295	-0.366	0.249	0.2197	0.6958	-1	11
4390	-0.4294	-0.3658	0.25	0.223	0.6959	-1	11
4391	-0.4185	-0.3303	0.2394	0.2061	0.8102	-1	11
4392	-0.4261	-0.3011	0.2398	0.2361	0.8202	-1	11
4393	-0.4259	-0.2932	0.2395	0.2516	0.8667	-1	11
4393	-0.4999	0.1389	-0.303	0.4909	0.4369	-1	11
4394	-0.4285	-0.2835	0.2396	0.2609	0.6621	-1	11
4395	-0.4285	-0.2836	0.2393	0.2611	0.6662	-1	11
4396	-0.4289	-0.2661	0.2325	0.264	0.7304	-1	11
4451	-0.4997	-0.096	-0.4677	0.3833	0.4243	-1	11
4452	-0.5	-0.0924	-0.4644	0.3823	0.4694	-1	11
4453	-0.4996	-0.0926	-0.4648	0.3896	0.4723	-1	11
4454	-0.4996	-0.0909	-0.4649	0.3932	0.4811	-1	11
4455	-0.4996	-0.0914	-0.4645	0.3936	0.4931	-1	11
4456	-0.5	-0.087	-0.4654	0.3823	0.4884	-1	11
4511	-0.4942	-0.1183	-0.0349	0.4461	0.9176	-1	11
4511	-0.0653	-0.2996	0.2728	0.1512	0.7583	-1	11
4511	0.3995	-0.0109	0.4994	0.1542	0.698	-1	11
4512	-0.4987	-0.1142	-0.0301	0.4667	0.9271	-1	11
4512	-0.0636	-0.3146	0.278	0.1516	0.7819	-1	11
4512	0.3953	-0.0103	0.4994	0.1524	0.5655	-1	11
4513	-0.4905	-0.1077	-0.0263	0.4531	0.9044	-1	11
4513	-0.0601	-0.3129	0.2802	0.1543	0.7785	-1	11
4513	0.4118	-0.003	0.4994	0.1585	0.7098	-1	11
4514	-0.4944	-0.1027	-0.027	0.4571	0.8853	-1	11
4514	-0.0595	-0.3174	0.2839	0.1576	0.8038	-1	11
4514	0.4084	0.0002	0.4994	0.1628	0.6804	-1	11
4515	-0.4926	-0.1026	-0.0271	0.4539	0.883	-1	11
4515	-0.0593	-0.3189	0.2825	0.1582	0.7784	-1	11
4515	0.4087	0.0002	0.4994	0.1628	0.7075	-1	11
4516	-0.4674	-0.1085	-0.0229	0.4239	0.8301	-1	11
4516	-0.0595	-0.3269	0.2839	0.1566	0.7841	-1	11
4516	0.4112	0.0007	0.4994	0.1613	0.7717	-1	11
4517	-0.0579	-0.3455	0.2852	0.1551	0.817	-1	11
4517	-0.4621	-0.1085	-0.0208	0.4318	0.8056	-1	11
4517	0.411	0.0015	0.4994	0.1573	0.6682	-1	11
4518	-0.4695	-0.111	-0.0182	0.4448	0.8813	-1	11
4518	-0.0595	-0.3639	0.2829	0.1531	0.8411	-1	11
4518	0.4139	0.0011	0.4994	0.1545	0.7754	-1	11
4519	-0.4767	-0.1097	-0.0219	0.4427	0.9105	-1	11
4519	-0.0585	-0.3874	0.275	0.1494	0.7507	-1	11
4519	0.417	0.0013	0.4994	0.1534	0.6969	-1	11
4520	-0.4754	-0.1097	-0.0218	0.4422	0.9108	-1	11
4520	-0.0588	-0.3873	0.274	0.1495	0.77	-1	11
4520	0.4174	0.0011	0.4993	0.1536	0.677	-1	11
4521	-0.4913	-0.1103	-0.0387	0.4619	0.918	-1	11
4521	-0.0696	-0.4027	0.2538	0.1505	0.6716	-1	11
4521	0.4168	0.0022	0.4994	0.1549	0.5271	-1	11
4522	-0.4571	-0.1081	-0.0521	0.4388	0.9382	-1	11
4522	-0.0727	-0.3951	0.2453	0.1516	0.6425	-1	11
4522	0.4124	0.0037	0.4994	0.156	0.5655	-1	11
4523	-0.4596	-0.1059	-0.0639	0.4366	0.9469	-1	11
4523	0.4097	0.0059	0.4994	0.1585	0.6699	-1	11
4524	-0.4641	-0.1037	-0.0728	0.438	0.9489	-1	11
4524	-0.1033	-0.293	0.2356	0.1976	0.7697	-1	11
4524	0.4087	0.0075	0.4994	0.162	0.7461	-1	11
4525	-0.4641	-0.1038	-0.0728	0.438	0.9489	-1	11
4525	-0.1036	-0.2977	0.2358	0.1982	0.7568	-1	11
4525	0.4087	0.0075	0.4994	0.162	0.7424	-1	11
4526	-0.4679	-0.1031	-0.0758	0.4381	0.9486	-1	11
4526	-0.1051	-0.2458	0.2311	0.1985	0.7945	-1	11
4526	0.406	0.0069	0.4994	0.1629	0.7372	-1	11
4527	-0.4698	-0.1043	-0.076	0.44	0.9496	-1	11
4527	0.406	0.008	0.4995	0.1665	0.7929	-1	11
4527	-0.1029	-0.2356	0.2313	0.2027	0.7309	-1	11
4528	-0.4785	-0.0998	-0.0752	0.4562	0.9459	-1	11
4528	0.4061	0.0111	0.4996	0.1686	0.7959	-1	11
4528	-0.0988	-0.2193	0.2326	0.2038	0.542	-1	11
4529	-0.4866	-0.095	-0.0764	0.465	0.9437	-1	11
4529	0.4058	0.0149	0.4994	0.1738	0.7328	-1	11
4529	-0.1015	-0.2075	0.2301	0.2095	0.7234	-1	11
4530	-0.4851	-0.0952	-0.0763	0.4637	0.9438	-1	11
4530	0.4056	0.0147	0.4996	0.1736	0.7471	-1	11
4530	-0.1013	-0.2075	0.23	0.2076	0.7243	-1	11
4531	-0.4969	-0.094	-0.0764	0.4802	0.9445	-1	11
4531	-0.1039	-0.201	0.2304	0.2119	0.7481	-1	11
4531	0.4043	0.016	0.4994	0.1761	0.7222	-1	11
4532	-0.4983	-0.0922	-0.0756	0.4836	0.9469	-1	11
4532	-0.1013	-0.1923	0.2321	0.1991	0.7704	-1	11
4532	0.4041	0.019	0.4995	0.1798	0.7556	-1	11
4533	-0.4983	-0.0925	-0.0764	0.4822	0.9474	-1	11
4533	-0.0976	-0.1856	0.2347	0.1875	0.779	-1	11
4533	0.4004	0.0174	0.4995	0.184	0.7362	-1	11
4534	-0.498	-0.0937	-0.0732	0.4822	0.9481	-1	11
4534	-0.0851	-0.1625	0.2364	0.1686	0.7563	-1	11
4534	0.3958	0.0178	0.4993	0.1844	0.6957	-1	11
4535	-0.4981	-0.0936	-0.0732	0.4824	0.948	-1	11
4535	-0.0852	-0.1619	0.2364	0.1686	0.7363	-1	11
4535	0.3956	0.0178	0.4993	0.1844	0.6836	-1	11
4536	-0.4991	-0.0964	-0.0753	0.4688	0.9496	-1	11
4536	0.3929	0.0161	0.4996	0.1801	0.7505	-1	11
4536	-0.0916	-0.1583	0.2331	0.1655	0.6512	-1	11
4536	-0.0913	-0.3002	0.2346	0.1663	0.4595	-1	11
4537	-0.4992	-0.1042	-0.0801	0.4628	0.9454	-1	11
4537	0.3867	0.011	0.4997	0.1747	0.8197	-1	11
4537	-0.0867	-0.1655	0.2271	0.1578	0.7424	-1	11
4537	-0.0874	-0.3243	0.2282	0.1575	0.4614	-1	11
4538	-0.4992	-0.1085	-0.0862	0.4542	0.9461	-1	11
4538	0.3793	0.0097	0.4995	0.1703	0.7764	-1	11
4538	-0.0938	-0.1666	0.221	0.1556	0.6327	-1	11
4538	-0.0934	-0.3043	0.2201	0.1542	0.4235	-1	11
4539	-0.4994	-0.1163	-0.0909	0.4397	0.9487	-1	11
4539	0.3706	0.0026	0.4991	0.167	0.6673	-1	11
4539	-0.0998	-0.1733	0.2134	0.1496	0.6382	-1	11
4540	-0.4994	-0.1161	-0.0909	0.4397	0.9486	-1	11
4540	0.3705	0.0022	0.4991	0.167	0.6601	-1	11
4540	-0.0998	-0.1726	0.2133	0.1499	0.6363	-1	11
4541	-0.4995	-0.1213	-0.0937	0.4281	0.9479	-1	11
4541	-0.103	-0.1727	0.2071	0.1425	0.7464	-1	11
4541	-0.102	-0.3047	0.208	0.1415	0.4912	-1	11
4541	0.3642	-0.0072	0.4992	0.1609	0.4765	-1	11
4542	-0.4994	-0.1204	-0.0953	0.427	0.9479	-1	11
4542	-0.1057	-0.16	0.2033	0.1427	0.6407	-1	11
4542	0.3592	-0.0066	0.4995	0.1585	0.5185	-1	11
4543	-0.4995	-0.117	-0.096	0.4275	0.9463	-1	11
4543	0.3576	-0.0026	0.4991	0.1618	0.6682	-1	11
4543	-0.1075	-0.1896	0.2023	0.1433	0.5599	-1	11
4544	-0.4992	-0.1162	-0.0951	0.4262	0.9464	-1	11
4544	-0.1066	-0.3079	0.2033	0.1434	0.6106	-1	11
4544	0.3575	-0.0039	0.4991	0.1616	0.5788	-1	11
4545	-0.4992	-0.116	-0.0951	0.4261	0.9466	-1	11
4545	-0.1066	-0.266	0.203	0.1434	0.6435	-1	11
4545	0.3575	-0.004	0.4991	0.1619	0.641	-1	11
4546	-0.4993	-0.1154	-0.095	0.4242	0.9462	-1	11
4546	0.3558	-0.0037	0.4991	0.1621	0.6485	-1	11
4546	-0.1097	-0.2022	0.2013	0.1431	0.6076	-1	11
4547	-0.4991	-0.1162	-0.0962	0.4193	0.9452	-1	11
4547	0.3524	-0.0083	0.4995	0.1577	0.5744	-1	11
4547	-0.1163	-0.258	0.1993	0.1403	0.5253	-1	11
4548	-0.499	-0.1162	-0.0989	0.4185	0.9451	-1	11
4548	-0.1171	-0.1593	0.1973	0.1416	0.5424	-1	11
4548	0.3497	-0.0079	0.4995	0.1578	0.5327	-1	11
4549	-0.4991	-0.1136	-0.1014	0.4185	0.9384	-1	11
4549	0.3465	-0.0075	0.4996	0.1577	0.5598	-1	11
4549	-0.1183	-0.1452	0.1949	0.1416	0.5194	-1	11
4550	-0.4991	-0.1135	-0.1013	0.4185	0.9384	-1	11
4550	0.3464	-0.0073	0.4996	0.1577	0.5912	-1	11
4550	-0.1185	-0.1456	0.1948	0.1417	0.4667	-1	11
4551	-0.4992	-0.1138	-0.1036	0.416	0.9349	-1	11
4551	0.3419	-0.007	0.4985	0.1598	0.7126	-1	11
4552	-0.4993	-0.1134	-0.1042	0.4131	0.9261	-1	11
4552	0.338	-0.0074	0.4986	0.1589	0.8022	-1	11
4553	-0.4996	-0.1136	-0.1096	0.4122	0.9238	-1	11
4553	0.3327	-0.0066	0.4988	0.1586	0.8252	-1	11
4622	0.0755	-0.3059	0.177	0.0441	0.422	-1	11
4627	0.0638	-0.298	0.1688	0.0634	0.532	-1	11
4631	0.0642	-0.2941	0.169	0.0561	0.5693	-1	11
4632	0.062	-0.2971	0.1669	0.06	0.4794	-1	11
4633	0.0588	-0.3009	0.1641	0.0583	0.5306	-1	11
4634	-0.0372	0.0189	-0.0148	0.0469	0.5344	-1	11
4635	-0.0372	0.0187	-0.0149	0.0465	0.5037	-1	11
4636	-0.0404	-0.0057	-0.0179	0.0227	0.5171	-1	11
4637	-0.044	-0.03	-0.0214	-0.0006	0.7182	-1	11
4641	-0.0563	-0.0917	-0.0346	-0.0628	0.5308	-1	11
4642	-0.0621	-0.1121	-0.0394	-0.0844	0.5756	-1	11
4643	-0.0683	-0.1318	-0.046	-0.1034	0.6553	-1	11
4644	-0.0746	-0.15	-0.0515	-0.1214	0.5783	-1	11
4645	-0.0746	-0.15	-0.0515	-0.1214	0.5738	-1	11
4646	-0.0804	-0.1682	-0.0578	-0.1385	0.4725	-1	11
4647	-0.0855	-0.1846	-0.0631	-0.1558	0.5624	-1	11
4648	-0.0918	-0.1998	-0.0681	-0.1717	0.6271	-1	11
4649	-0.096	-0.2156	-0.0735	-0.1872	0.4156	-1	11
4650	-0.096	-0.2156	-0.0735	-0.1872	0.4096	-1	11
4657	-0.1182	-0.2847	-0.096	-0.2551	0.5769	-1	11
4658	-0.1199	-0.2855	-0.0973	-0.2555	0.5794	-1	11
4659	-0.1222	-0.2851	-0.0991	-0.2557	0.4937	-1	11
4660	-0.1222	-0.2851	-0.0991	-0.2557	0.4861	-1	11
4661	-0.1246	-0.2862	-0.1008	-0.2557	0.6009	-1	11
4699	0.4476	-0.4683	0.4997	-0.3326	0.4653	-1	11
4700	0.4476	-0.4683	0.4997	-0.3326	0.4621	-1	11
4811	-0.4679	-0.2406	0.482	0.4542	0.7566	-1	11
4812	-0.4782	-0.2708	0.4686	0.4166	0.7105	-1	11
4813	-0.45	-0.1042	0.478	0.3969	0.451	-1	11
4814	-0.4692	-0.1152	0.4979	0.397	0.5445	-1	11
4815	-0.4804	-0.1289	0.4983	0.3989	0.557	-1	11
4816	-0.3432	-0.2564	0.4982	0.4171	0.8141	-1	11
4817	-0.305	-0.2944	0.498	0.425	0.7537	-1	11
4818	-0.287	-0.3556	0.4971	0.4302	0.7545	-1	11
4819	-0.4297	-0.3941	0.4983	0.447	0.7456	-1	11
4820	-0.4391	-0.3966	0.4983	0.4495	0.7445	-1	11
4821	-0.4212	-0.3244	0.4986	0.4472	0.7529	-1	11
4822	-0.408	-0.3169	0.4979	0.4419	0.7858	-1	11
4823	-0.4876	-0.3585	0.4983	0.4265	0.8246	-1	11
4824	-0.4701	-0.3733	0.5	0.4155	0.8185	-1	11
4825	-0.4723	-0.3742	0.5	0.4153	0.8193	-1	11
4826	-0.496	-0.3629	0.499	0.4085	0.7843	-1	11
4827	-0.4964	-0.3333	0.4853	0.4099	0.8282	-1	11
4828	-0.4962	-0.338	0.4506	0.4163	0.9086	-1	11
4829	-0.4946	-0.3788	0.4504	0.4123	0.9117	-1	11
4844	-0.4971	-0.1724	0.3809	0.4945	0.8653	-1	15
4845	-0.4971	-0.1728	0.3806	0.4945	0.8701	-1	15
4846	-0.4958	-0.1577	0.3838	0.4957	0.9034	-1	15
4847	-0.4975	-0.1399	0.3857	0.4964	0.9268	-1	15
4848	-0.4988	-0.1269	0.3972	0.4968	0.9156	-1	15
4849	-0.4961	-0.1363	0.4222	0.4964	0.9193	-1	15
4850	-0.4961	-0.1365	0.4224	0.4964	0.9173	-1	15
4851	-0.4943	-0.155	0.4493	0.4958	0.8633	-1	15
4852	-0.4973	-0.1693	0.4747	0.4953	0.87	-1	15
4853	-0.4959	-0.1704	0.4938	0.4952	0.8295	-1	15
4854	-0.4924	-0.1501	0.4971	0.4966	0.866	-1	15
4855	-0.4929	-0.1501	0.4972	0.4966	0.8688	-1	15
4856	-0.4927	-0.1228	0.4948	0.497	0.8509	-1	15
4857	-0.4507	-0.1075	0.4465	0.4971	0.8915	-1	15
4919	0.1323	-0.4237	0.4971	0.494	0.6102	-1	15
4920	0.1341	-0.4244	0.497	0.494	0.5798	-1	15
4921	0.1347	-0.3934	0.4976	0.4941	0.4668	-1	15
4939	0.1141	-0.38	0.2181	-0.1458	0.4071	-1	15
4940	0.1141	-0.3798	0.218	-0.1457	0.411	-1	15
4941	0.1281	-0.3622	0.2187	-0.1279	0.8267	-1	15
4942	0.1251	-0.3484	0.2208	-0.1083	0.6587	-1	15
4943	0.1207	-0.335	0.2256	-0.0919	0.5317	-1	15
4944	0.1207	-0.3185	0.2263	-0.0775	0.6581	-1	15
4945	0.121	-0.3184	0.2262	-0.0777	0.6412	-1	15
4946	0.121	-0.3084	0.2292	-0.0624	0.523	-1	15
4947	0.1233	-0.2959	0.2279	-0.0494	0.4185	-1	15
4948	0.1242	-0.2841	0.2284	-0.0341	0.4945	-1	15
4949	0.1275	-0.2705	0.2298	-0.0258	0.5452	-1	15
4950	0.1274	-0.2705	0.23	-0.0258	0.5683	-1	15
4951	0.1279	-0.2588	0.2297	-0.0155	0.5476	-1	15
4953	0.1294	-0.24	0.2377	0.0121	0.836	-1	15
4954	0.1304	-0.2274	0.2342	0.0174	0.8334	-1	15
4955	0.1304	-0.2274	0.2341	0.0174	0.8334	-1	15
4956	0.1313	-0.2197	0.2373	0.0218	0.7943	-1	15
4957	0.1371	-0.2096	0.241	0.0319	0.5542	-1	15
4959	0.1454	-0.1919	0.2388	0.0455	0.4626	-1	15
4960	0.1453	-0.1919	0.2389	0.0458	0.4682	-1	15
4961	0.1418	-0.1845	0.2363	0.0465	0.5894	-1	15
4962	0.1426	-0.1708	0.2372	0.054	0.4407	-1	15
4963	0.1433	-0.1692	0.2379	0.0636	0.4294	-1	15
4974	0.1418	-0.1263	0.2318	0.0903	0.5276	-1	15
4975	0.1417	-0.1263	0.2319	0.0902	0.5389	-1	15
4976	0.1395	-0.1245	0.2409	0.0936	0.7779	-1	15
4977	0.1355	-0.1264	0.2406	0.0982	0.8436	-1	15
4982	0.1363	-0.0538	0.2044	0.1	0.5224	-1	15
4983	0.1426	-0.0448	0.2025	0.1007	0.6849	-1	15
4984	0.1424	-0.036	0.1981	0.1014	0.8315	-1	15
4985	0.1423	-0.0361	0.1981	0.1014	0.8311	-1	15
4986	0.1398	-0.0245	0.1935	0.1	0.8119	-1	15
4987	0.1409	-0.0205	0.1889	0.102	0.7303	-1	15
5074	-0.4895	-0.3889	0.4103	0.3254	0.599	-1	15
