Timestamp (Current Time), X, Y
21:49:58.9696, 0.01499212, -0.2335393
21:49:58.9978, 0.01310062, -0.2235446
21:49:59.0276, -0.003003895, -0.2058587
21:49:59.0604, -0.02719545, -0.1856741
21:49:59.0885, -0.04754782, -0.1263113
21:49:59.1196, -0.06750089, -0.1058489
21:49:59.1484, -0.0850085, -0.1097851
21:49:59.1796, -0.09298158, -0.09929466
21:49:59.2078, -0.1024231, -0.0883683
21:49:59.2386, -0.1121153, -0.09186244
21:49:59.2698, -0.1146705, -0.0862149
21:49:59.2999, -0.1075741, -0.06847858
21:49:59.3302, -0.09670699, -0.05724478
21:49:59.3601, -0.09173334, -0.05745161
21:49:59.3911, -0.08696401, -0.05312014
21:49:59.4201, -0.08533353, -0.04190254
21:49:59.4514, -0.08592093, -0.02810276
21:49:59.4812, -0.0915668, -0.007903695
21:49:59.5114, -0.09594631, 0.01592115
21:49:59.5408, -0.100472, 0.03694677
21:49:59.5714, -0.1053473, 0.05531788
21:49:59.6015, -0.1051164, 0.06138492
21:49:59.6319, -0.1033396, 0.06722715
21:49:59.6611, -0.1051869, 0.07687166
21:49:59.6933, -0.1053238, 0.08138111
21:49:59.7233, -0.1072583, 0.08661842
21:49:59.7544, -0.1092315, 0.0904977
21:49:59.7833, -0.1092792, 0.09086612
21:49:59.8138, -0.107232, 0.09008959
21:49:59.8430, -0.106595, 0.0928621
21:49:59.8739, -0.1074354, 0.09514979
21:49:59.9029, -0.1068126, 0.09925342
21:49:59.9332, -0.1072465, 0.1048043
21:49:59.9639, -0.1095178, 0.1109098
21:49:59.9950, -0.1093968, 0.11696
21:50:00.0246, -0.1091705, 0.1216476
21:50:00.0546, -0.1098547, 0.118718
21:50:00.0850, -0.1106347, 0.1187744
21:50:00.1151, -0.1108181, 0.1212561
21:50:00.1448, -0.1108805, 0.123152
21:50:00.1753, -0.1112262, 0.12564
21:50:00.2072, -0.1119864, 0.1272547
21:50:00.2368, -0.1116344, 0.126971
21:50:00.2664, -0.1124148, 0.1264474
21:50:00.2965, -0.1120561, 0.1265651
21:50:00.3273, -0.1119158, 0.1254568
21:50:00.3576, -0.1117704, 0.1249151
21:50:00.3864, -0.1119363, 0.1252859
21:50:00.4168, -0.1119608, 0.1256599
21:50:00.4487, -0.1102015, 0.1244442
21:50:00.4781, -0.1074064, 0.1239919
21:50:00.5075, -0.1051506, 0.1222668
21:50:00.5374, -0.1023852, 0.1225431
21:50:00.5695, -0.09906131, 0.1231471
21:50:00.5982, -0.09592128, 0.1235154
21:50:00.6283, -0.09477472, 0.1224199
21:50:00.6666, -0.09645116, 0.1201182
21:50:00.6904, -0.09720689, 0.1182909
21:50:00.7200, -0.0976699, 0.1161475
21:50:00.7491, -0.09685755, 0.1154091
21:50:00.7797, -0.09616393, 0.111701
21:50:00.8112, -0.09543324, 0.1066182
21:50:00.8405, -0.09665257, 0.1018808
21:50:00.8697, -0.09790748, 0.1023655
21:50:00.9011, -0.09945977, 0.1012722
21:50:00.9319, -0.101876, 0.1005137
21:50:00.9601, -0.1028287, 0.09852886
21:50:00.9914, -0.1030513, 0.0971885
21:50:01.0214, -0.1014515, 0.104387
21:50:01.0522, -0.09669399, 0.1235397
21:50:01.0821, -0.0908823, 0.149801
21:50:01.1111, -0.086501, 0.1598823
21:50:01.1420, -0.0929575, 0.1587379
21:50:01.1727, -0.0987401, 0.1580523
21:50:01.2027, -0.1020571, 0.1575113
21:50:01.2322, -0.1048937, 0.1563677
21:50:01.2639, -0.1069251, 0.1566712
21:50:01.2921, -0.107295, 0.1561885
21:50:01.3240, -0.05639112, 0.2143598
21:50:01.3537, 0.07254648, 0.4047655
21:50:01.3826, 0.1805415, 0.5640832
21:50:01.4135, 0.2400789, 0.6566968
21:50:01.4429, 0.2713957, 0.6949868
21:50:01.4759, 0.2939041, 0.7117113
21:50:01.5035, 0.3004234, 0.720323
21:50:01.5358, 0.3685875, 0.7228012
21:50:01.5657, 0.425056, 0.7242589
21:50:01.5965, 0.461967, 0.7334162
21:50:01.6248, 0.4849794, 0.7416015
21:50:01.6560, 0.5001922, 0.7452966
21:50:01.6849, 0.5077517, 0.7498047
21:50:01.7165, 0.5164053, 0.7536032
21:50:01.7466, 0.4911078, 0.7288083
21:50:01.7773, 0.3651319, 0.6174574
21:50:01.8070, 0.1838763, 0.4373991
21:50:01.8366, 0.06960738, 0.3285219
21:50:01.8677, 0.004976749, 0.2690358
21:50:01.8975, -0.0279544, 0.2350876
21:50:01.9265, -0.05884629, 0.19866
21:50:01.9576, -0.07870972, 0.1675232
21:50:01.9867, -0.0911299, 0.1556782
21:50:02.0169, -0.09943712, 0.1558126
21:50:02.0498, -0.1038058, 0.1539737
21:50:02.0784, -0.1065482, 0.1507396
21:50:02.1086, -0.1113293, 0.1528042
21:50:02.1405, -0.1121699, 0.1565843
21:50:02.1697, -0.1112604, 0.1534375
21:50:02.1998, -0.1116989, 0.1495848
21:50:02.2295, -0.1117195, 0.1472014
21:50:02.2603, -0.1111006, 0.1441972
21:50:02.2905, -0.110775, 0.1430831
21:50:02.3186, -0.1107227, 0.1449576
21:50:02.3502, -0.1107814, 0.1445267
21:50:02.3797, -0.1109973, 0.1453297
21:50:02.4102, -0.1110464, 0.1453931
21:50:02.4406, -0.1107121, 0.1447587
21:50:02.4720, -0.1109083, 0.1438098
21:50:02.5019, -0.1103793, 0.1433556
21:50:02.5316, -0.1101871, 0.1441864
21:50:02.5626, -0.1103189, 0.1441095
21:50:02.5924, -0.1100875, 0.1440096
21:50:02.6239, -0.1094454, 0.1432759
21:50:02.6513, -0.1089294, 0.1433687
21:50:02.6823, -0.1083192, 0.1432622
21:50:02.7129, -0.1084753, 0.1432703
21:50:02.7427, -0.1088282, 0.1413683
21:50:02.7731, -0.1088248, 0.1398383
21:50:02.8029, -0.1084045, 0.1395912
21:50:02.8335, -0.1084218, 0.1395554
21:50:02.8634, -0.1084224, 0.1394821
21:50:03.0128, -0.1063948, 0.04835197
21:50:03.0447, -0.1094486, 0.05650803
21:50:03.0750, -0.1091814, 0.06318092
21:50:03.1050, -0.1096981, 0.06540775
21:50:03.1355, -0.1103916, 0.07061359
21:50:03.1659, -0.1101815, 0.07710993
21:50:03.1965, -0.1096388, 0.08508503
21:50:03.2250, -0.1093457, 0.09555256
21:50:03.2565, -0.1096515, 0.1010902
21:50:03.2871, -0.1118553, 0.1077422
21:50:03.3165, -0.1148248, 0.1189778
21:50:03.3468, -0.1194853, 0.1258373
21:50:03.3775, -0.1250069, 0.1319244
21:50:03.4071, -0.1267321, 0.1376458
21:50:03.4368, -0.1305149, 0.1407819
21:50:03.4693, -0.1324784, 0.1445675
21:50:03.4983, -0.1357329, 0.1497065
21:50:03.5292, -0.1379383, 0.1483716
21:50:03.5588, -0.1398443, 0.1497946
21:50:03.5885, -0.1404455, 0.1501847
21:50:03.6191, -0.1402041, 0.1507903
21:50:03.6494, -0.1409929, 0.1528582
21:50:03.6778, -0.1414822, 0.1543279
21:50:03.7103, -0.1412644, 0.1551052
21:50:03.7386, -0.1403885, 0.1534698
21:50:03.7711, -0.1394787, 0.1541035
21:50:03.8005, -0.1387039, 0.1557324
21:50:03.8301, -0.1378221, 0.1570409
21:50:03.8601, -0.1369395, 0.1581068
21:50:03.8881, -0.1452242, 0.1458353
21:50:04.1011, -0.1265135, 0.1018266
21:50:04.1320, -0.1236216, 0.09725642
21:50:04.1614, -0.12115, 0.1006495
21:50:04.1921, -0.1180015, 0.1042769
21:50:04.2243, -0.1177202, 0.1084365
21:50:04.2524, -0.1164157, 0.1148477
21:50:04.2833, -0.1146604, 0.1022334
21:50:04.3127, -0.1122733, 0.09082186
21:50:04.3433, -0.109707, 0.0909259
21:50:04.3733, -0.1085904, 0.09960225
21:50:04.4041, -0.1076049, 0.1042535
21:50:04.4354, -0.1069741, 0.1114608
21:50:04.4664, -0.1077009, 0.1197648
21:50:04.4955, -0.1086584, 0.124912
21:50:04.5259, -0.1076738, 0.1275975
21:50:04.5553, -0.1070063, 0.1347252
21:50:04.5840, -0.1077453, 0.1330626
21:50:04.6145, -0.1012466, 0.1292219
21:50:04.6462, -0.09468102, 0.1276976
21:50:04.6771, -0.09025764, 0.1219637
21:50:04.7076, -0.08641243, 0.1201001
21:50:04.7370, -0.08166713, 0.1165788
21:50:04.7665, -0.0746268, 0.1125199
21:50:04.7965, -0.06987417, 0.1116392
21:50:04.8273, -0.06542301, 0.1100888
21:50:04.8568, -0.06233394, 0.1092205
21:50:04.8871, -0.05790901, 0.1082465
21:50:04.9174, -0.04763603, 0.1011187
21:50:04.9474, -0.03431267, 0.09315369
21:50:04.9787, -0.0252074, 0.08592007
21:50:05.0093, -0.01817209, 0.07826015
21:50:05.0378, -0.01182592, 0.0742321
21:50:05.0694, -0.008583724, 0.07013023
21:50:05.1003, -0.004813313, 0.06778884
21:50:05.1303, -0.002862573, 0.06598341
21:50:05.1598, 0.0001703501, 0.06213272
21:50:05.1911, 0.002722144, 0.06232265
21:50:05.2199, 0.004966617, 0.06139156
21:50:05.2492, 0.007390022, 0.06194904
21:50:05.2791, 0.0008683205, 0.06403801
21:50:05.3108, -0.005873919, 0.06663275
21:50:05.3401, -0.01890302, 0.06890786
21:50:05.3695, -0.03040826, 0.07158792
21:50:05.4013, -0.04554212, 0.08181426
21:50:05.4304, -0.06013298, 0.08609006
21:50:05.4621, -0.07201988, 0.08570182
21:50:05.4909, -0.0794611, 0.09043944
21:50:05.5231, -0.08982557, 0.09365129
21:50:05.5519, -0.09641922, 0.0972507
21:50:05.5820, -0.1014597, 0.09795573
21:50:05.6127, -0.1057016, 0.09829307
21:50:05.6422, -0.1076022, 0.09801009
21:50:05.6729, -0.1090639, 0.09773576
21:50:05.7046, -0.1107383, 0.09842122
21:50:05.7332, -0.1116594, 0.09736034
21:50:05.7629, -0.1109951, 0.09030998
21:50:05.7948, -0.1107825, 0.08678487
21:50:05.8230, -0.1113373, 0.08043909
21:50:05.8537, -0.1112365, 0.07564259
21:50:05.8839, -0.1129923, 0.06864154
21:50:05.9155, -0.1134682, 0.06370279
21:50:05.9441, -0.112739, 0.06221128
21:50:05.9749, -0.1129278, 0.0593321
21:50:06.0057, -0.1125221, 0.05520165
21:50:06.0357, -0.1140838, 0.05216768
21:50:06.0652, -0.1153755, 0.04846823
21:50:06.0965, -0.1147191, 0.04511189
21:50:06.1328, -0.1139583, 0.04349944
21:50:06.1567, -0.1140972, 0.0421429
21:50:06.1869, -0.1143279, 0.03828385
21:50:06.2177, -0.1151177, 0.03714564
21:50:06.2475, -0.1156075, 0.03834796
21:50:06.2778, -0.1161731, 0.03928688
21:50:06.3064, -0.1161662, 0.03791454
21:50:06.3389, -0.1161402, 0.03700212
21:50:06.3676, -0.1158772, 0.03373158
21:50:06.3983, -0.1161735, 0.03250721
21:50:06.4279, -0.1165061, 0.03124806
21:50:06.4580, -0.116058, 0.03214371
21:50:06.4894, -0.1159862, 0.03266764
21:50:06.5193, -0.1162164, 0.03222239
21:50:06.5492, -0.1107599, 0.02900982
21:50:06.5803, -0.1025773, 0.02480456
21:50:06.6094, -0.09249675, 0.02027893
21:50:06.6395, -0.08247948, 0.01806375
21:50:06.6702, -0.06990004, 0.01751062
21:50:06.6999, -0.06238496, 0.01502311
21:50:06.7291, -0.05749738, 0.01458785
21:50:06.7597, -0.05201524, 0.01562226
21:50:06.7913, -0.04896986, 0.0147661
21:50:06.8208, -0.05075294, -0.003465891
21:50:06.8506, -0.05376351, -0.01963377
21:50:06.8811, -0.05588967, -0.0348022
21:50:06.9121, -0.05918568, -0.04696417
21:50:06.9422, -0.06115794, -0.05527973
21:50:06.9707, -0.06486404, -0.06893921
21:50:07.0018, -0.06501204, -0.08022845
21:50:07.0316, -0.06432641, -0.08486235
21:50:07.0629, -0.06616664, -0.09067798
21:50:07.0932, -0.06681997, -0.09318233
21:50:07.1243, -0.06796014, -0.09084415
21:50:07.1529, -0.068084, -0.09077346
21:50:07.1822, -0.06881809, -0.09716082
21:50:07.2140, -0.06885791, -0.1018575
21:50:07.2441, -0.06987691, -0.1047716
21:50:07.2739, -0.0704993, -0.1069689
21:50:07.3034, -0.07013112, -0.1076818
21:50:07.3347, -0.06908309, -0.1089029
21:50:07.3645, -0.06375188, -0.1077622
21:50:07.3945, -0.0525226, -0.09976196
21:50:07.4238, -0.03620481, -0.09158933
21:50:07.4548, -0.01971507, -0.08239412
21:50:07.4915, -0.003746629, -0.06622493
21:50:07.5150, 0.008072376, -0.05794847
21:50:07.5469, 0.01656818, -0.05021715
21:50:07.5757, 0.02379751, -0.04200411
21:50:07.6057, 0.02876031, -0.03356028
21:50:07.6366, 0.03148425, -0.02659309
21:50:07.6669, 0.03169429, -0.01963329
21:50:07.6949, 0.03200316, -0.01356053
21:50:07.7276, 0.03191245, -0.006216407
21:50:07.7569, 0.03223157, 0.0001791716
21:50:07.7871, 0.02719378, 0.03023744
21:50:07.8164, 0.02118325, 0.05999061
21:50:07.8482, 0.01437736, 0.08857429
21:50:07.8767, 0.007506728, 0.1127846
21:50:07.9081, 0.002365828, 0.1291322
21:50:07.9375, 0.000967741, 0.144524
21:50:07.9686, -1.752377E-05, 0.1522622
21:50:07.9997, 0.01299036, 0.1877425
21:50:08.0290, 0.03942323, 0.2494949
21:50:08.0579, 0.05896235, 0.2990111
21:50:08.0885, 0.07126272, 0.3382371
21:50:08.1187, 0.07929564, 0.3655677
21:50:08.1494, 0.08419347, 0.3838553
21:50:08.1785, 0.08752465, 0.3974512
21:50:08.2098, 0.06888545, 0.3537869
21:50:08.2407, 0.05225408, 0.3182037
21:50:08.2694, 0.01482224, 0.2383473
21:50:08.3016, -0.02037537, 0.1501837
21:50:08.3313, -0.04108274, 0.08340785
21:50:08.3605, -0.06246746, 0.04312155
21:50:08.3920, -0.07701761, 0.01171839
21:50:08.4223, -0.08443689, 0.001222342
21:50:08.4520, -0.08447468, -0.007287145
21:50:08.4806, -0.08696729, -0.02860212
21:50:08.5126, -0.09245694, -0.04394877
21:50:08.5430, -0.09143072, -0.05501771
21:50:08.5733, -0.08969402, -0.06813455
21:50:08.6028, -0.08698845, -0.0901233
21:50:08.6328, -0.08439422, -0.1099747
21:50:08.6630, -0.08133191, -0.1231121
21:50:08.6920, -0.06513178, -0.1557798
21:50:08.7238, -0.04953086, -0.1973021
21:50:08.7545, -0.03326571, -0.2218065
21:50:08.7840, -0.02742028, -0.2420347
21:50:08.8148, -0.02950287, -0.252825
21:50:08.8454, -0.02915853, -0.2601928
21:50:08.8741, -0.02799559, -0.2603143
21:50:08.9061, -0.0306536, -0.2521594
21:50:08.9358, -0.03601009, -0.2171307
21:50:08.9647, -0.04748642, -0.1032999
21:50:08.9956, -0.06083834, 0.03161943
21:50:09.0258, -0.07568419, 0.118758
21:50:09.0557, -0.09063286, 0.1801385
21:50:09.0868, -0.09721929, 0.2148151
21:50:09.1151, -0.09818685, 0.2295599
21:50:09.1470, -0.09198105, 0.2372263
21:50:09.1776, -0.08829308, 0.242532
21:50:09.2066, -0.08427382, 0.2504058
21:50:09.2377, -0.08262926, 0.2577808
21:50:09.2689, -0.08215833, 0.262954
21:50:09.2978, -0.08271235, 0.2717994
21:50:09.3279, -0.08310175, 0.2727436
21:50:09.3577, -0.0839082, 0.278968
21:50:09.3870, -0.0824281, 0.2701632
21:50:09.4181, -0.07778007, 0.2368079
21:50:09.4474, -0.06783372, 0.1591468
21:50:09.4789, -0.0574708, 0.07687381
21:50:09.5095, -0.04886973, 0.02202532
21:50:09.5388, -0.04726923, -0.01178753
21:50:09.5701, -0.04283047, -0.04034352
21:50:09.6000, -0.04124999, -0.06621659
21:50:09.6288, -0.04170978, -0.06901026
21:50:09.6600, -0.04087019, -0.07486665
21:50:09.6901, -0.03642344, -0.07396162
21:50:09.7204, -0.01846159, -0.05410898
21:50:09.7502, -0.004771113, -0.03885186
21:50:09.7815, 0.008590817, -0.02496088
21:50:09.8097, 0.02077603, -0.001395226
21:50:09.8423, 0.02932644, 0.007135421
21:50:09.8700, 0.03866816, 0.01369512
21:50:09.9009, 0.04510903, 0.02284649
21:50:09.9324, 0.05092883, 0.03176191
21:50:09.9614, 0.05689645, 0.03890121
21:50:09.9925, 0.08009768, 0.06074741
21:50:10.0236, 0.1142148, 0.09630057
21:50:10.0531, 0.1451504, 0.1350522
21:50:10.0831, 0.1660905, 0.1616998
21:50:10.1135, 0.1799836, 0.1826516
21:50:10.1438, 0.189723, 0.1968801
21:50:10.1735, 0.1955303, 0.2047529
21:50:10.2111, 0.1993892, 0.2144368
21:50:10.2345, 0.2004473, 0.2243576
21:50:10.2635, 0.2016749, 0.2302678
21:50:10.2947, 0.2006707, 0.2342565
21:50:10.3250, 0.1837583, 0.2124526
21:50:10.3542, 0.1413777, 0.1596059
21:50:10.3856, 0.09105921, 0.09140623
21:50:10.4151, 0.04651141, 0.03333032
21:50:10.4450, 0.01846695, -0.006268024
21:50:10.4747, -0.003415465, -0.02975416
21:50:10.5047, -0.0142374, -0.04795945
21:50:10.5365, -0.01964486, -0.06154954
21:50:10.5651, -0.02455419, -0.07218134
21:50:10.5969, -0.02656102, -0.07818782
21:50:10.6268, -0.02830631, -0.07842493
21:50:10.6567, -0.02964747, -0.08362937
21:50:10.6879, -0.03053021, -0.08674467
21:50:10.7166, -0.03037757, -0.09049106
21:50:10.7482, -0.03010702, -0.09407926
21:50:10.7781, -0.02927029, -0.09690702
21:50:10.8089, -0.02797806, -0.09766448
21:50:10.8391, -0.02825439, -0.09697831
21:50:10.8687, -0.02823186, -0.09640074
21:50:10.8990, -0.02762961, -0.09694004
21:50:10.9283, -0.02774048, -0.09818649
21:50:10.9580, -0.0279355, -0.09991133
21:50:10.9900, -0.02755553, -0.1015415
21:50:11.0192, -0.02603984, -0.09317923
21:50:11.0503, -0.02156693, -0.07050622
21:50:11.0801, -0.01578438, -0.03567386
21:50:11.1103, -0.01042694, -0.006035566
21:50:11.1402, -0.001621783, 0.01826322
21:50:11.1713, 0.007744908, 0.03796411
21:50:11.2003, 0.01216924, 0.05271742
21:50:11.2307, 0.01384568, 0.06013298
21:50:11.2607, 0.02463746, 0.04483101
21:50:11.2906, 0.03068924, 0.02269319
21:50:11.3200, 0.03572226, 0.007421851
21:50:11.3517, 0.04129028, -0.01502979
21:50:11.3811, 0.04563069, -0.03413463
21:50:11.4111, 0.05048227, -0.05230176
21:50:11.4429, 0.05286217, -0.07065344
21:50:11.4737, 0.0566144, -0.08385062
21:50:11.5021, 0.0588572, -0.0970068
21:50:11.5324, 0.06090033, -0.1059048
21:50:11.5631, 0.06205082, -0.1141359
21:50:11.5926, 0.06385756, -0.122214
21:50:11.6226, 0.06499088, -0.1286198
21:50:11.6539, 0.0652138, -0.1306038
21:50:11.6840, 0.06645799, -0.1313525
21:50:11.7145, 0.06581283, -0.1378934
21:50:11.7451, 0.06660426, -0.1485357
21:50:11.7740, 0.06721544, -0.1560833
21:50:11.8058, 0.06529069, -0.1648841
21:50:11.8348, 0.06411123, -0.1684479
21:50:11.8652, 0.06221056, -0.1756626
21:50:11.8959, 0.05939472, -0.1842188
21:50:11.9244, 0.0542922, -0.1931409
21:50:11.9567, 0.04814625, -0.2055001
21:50:11.9852, 0.04210091, -0.2147746
21:50:12.0165, 0.0411005, -0.2209789
21:50:12.0451, 0.03636408, -0.2189544
21:50:12.0766, 0.03092146, -0.220629
21:50:12.1067, 0.02546656, -0.2208449
21:50:12.1369, 0.02051687, -0.2229383
21:50:12.1682, 0.01386714, -0.224797
21:50:12.1971, 0.009201527, -0.2269558
21:50:12.2282, 0.006679773, -0.2253925
21:50:12.2585, 0.004175782, -0.2260181
21:50:12.2877, 0.0008409023, -0.2269887
21:50:12.3194, -0.001320601, -0.2286694
21:50:12.3475, -0.002478778, -0.2285515
21:50:12.3793, -0.003488898, -0.2288593
21:50:12.4081, -0.005180001, -0.2292457
21:50:12.4385, -0.001450062, -0.2241515
21:50:12.4699, 0.006514072, -0.2064544
21:50:12.4986, 0.01967883, -0.1724118
21:50:12.5298, 0.03229344, -0.1385313
21:50:12.5604, 0.04462218, -0.1043527
21:50:12.5914, 0.05601764, -0.07833946
21:50:12.6202, 0.05924118, -0.05547106
21:50:12.6508, 0.06088233, -0.03544295
21:50:12.6812, 0.06284678, -0.02423072
21:50:12.7111, 0.06279492, -0.01801491
21:50:12.7422, 0.06147051, -0.01776624
21:50:12.7716, 0.05917692, -0.01340115
21:50:12.8007, 0.05693626, -0.007188797
21:50:12.8318, 0.03741765, -0.01872993
21:50:12.8613, 0.02072859, -0.02998197
21:50:12.8917, 0.003773212, -0.04022121
21:50:12.9211, -0.011585, -0.05364609
21:50:12.9521, -0.02587849, -0.06771684
21:50:12.9825, -0.04237992, -0.07633209
21:50:13.0139, -0.05597663, -0.08173692
21:50:13.0432, -0.06518447, -0.08471739
21:50:13.0746, -0.07137251, -0.08756232
21:50:13.1049, -0.07641256, -0.09050012
21:50:13.1338, -0.08161318, -0.0889492
21:50:13.1633, -0.08498597, -0.08749473
21:50:13.1953, -0.08475232, -0.09061682
21:50:13.2251, -0.08476162, -0.09738958
21:50:13.2546, -0.08710063, -0.1015766
21:50:13.2855, -0.08800793, -0.1049538
21:50:13.3142, -0.08852249, -0.1070364
21:50:13.3458, -0.08964878, -0.1089916
21:50:13.3761, -0.08966625, -0.1084336
21:50:13.4066, -0.09021747, -0.1081165
21:50:13.4367, -0.09016049, -0.1081567
21:50:13.4666, -0.08981764, -0.1081045
21:50:13.4965, -0.08569908, -0.1073396
21:50:13.5264, -0.07910633, -0.1064267
21:50:13.5555, -0.06966168, -0.1073755
21:50:13.5865, -0.06044471, -0.1100707
21:50:13.6165, -0.05104196, -0.11171
21:50:13.6468, -0.04214996, -0.1135837
21:50:13.6771, -0.03563118, -0.1154032
21:50:13.7066, -0.03122759, -0.1166716
21:50:13.7385, -0.02988529, -0.1154488
21:50:13.7679, -0.02719307, -0.1139841
21:50:13.7990, -0.02497387, -0.1136851
21:50:13.8268, -0.02287745, -0.1128846
21:50:13.8603, -0.0204649, -0.1124502
21:50:13.8912, -0.01870257, -0.1134783
21:50:13.9187, -0.01743495, -0.1188204
21:50:13.9502, -0.01567447, -0.1499494
21:50:13.9799, -0.01327181, -0.189999
21:50:14.0096, -0.01462448, -0.2236793
21:50:14.0405, -0.01503897, -0.2480841
21:50:14.0705, -0.01296329, -0.2685583
21:50:14.0994, -0.009112, -0.2856787
21:50:14.1308, -0.005966842, -0.301563
21:50:14.1607, -0.005880237, -0.3140398
21:50:14.1909, -0.005888224, -0.3261342
21:50:14.2222, -0.00423038, -0.3361566
21:50:14.2510, -0.00132525, -0.3453484
21:50:14.2809, -0.0008288026, -0.3527849
21:50:14.3111, 0.001559734, -0.3568298
21:50:14.3424, 0.01175296, -0.334375
21:50:14.3727, 0.0238955, -0.3056337
21:50:14.4027, 0.04071283, -0.2657242
21:50:14.4334, 0.05493999, -0.2302115
21:50:14.4629, 0.06369686, -0.2024999
21:50:14.4936, 0.07308197, -0.1849179
21:50:14.5234, 0.07646191, -0.1915141
21:50:14.6719, 0.06923509, -0.3043463
21:50:14.7038, 0.05904627, -0.2879184
21:50:14.7342, 0.04157138, -0.2346867
21:50:14.7666, 0.02225733, -0.184038
21:50:14.7941, 0.006388783, -0.1440672
21:50:14.8267, -0.007973671, -0.09447157
21:50:14.8550, -0.01679242, -0.07214999
21:50:14.8851, -0.02872378, -0.05384839
21:50:14.9159, -0.03507626, -0.03846729
21:50:14.9462, -0.0388329, -0.02570093
21:50:14.9774, -0.04289353, -0.009357572
21:50:15.0053, -0.04604137, -0.005901098
21:50:15.0351, -0.0438025, -0.006307483
21:50:15.0671, -0.04355621, -0.00811398
21:50:15.0969, -0.04133594, -0.007135868
21:50:15.1276, -0.03870571, -0.009807348
21:50:15.1575, -0.03772992, -0.007631302
21:50:15.1887, -0.03690624, -0.00678575
21:50:15.2176, -0.03728682, -0.005334735
21:50:15.2487, -0.03776383, -0.00558126
21:50:15.2781, -0.03887916, -0.005272269
21:50:15.3078, -0.03837687, -0.006049275
21:50:15.3391, -0.0379703, -0.006288886
21:50:15.3703, -0.03824556, -0.004451871
21:50:15.3982, -0.03739834, -0.003430128
21:50:15.4294, -0.03765607, -0.002126098
21:50:15.4604, -0.03814089, -0.0004262924
21:50:15.4887, -0.03802139, 0.00282836
21:50:15.5190, -0.0380739, 0.003539532
21:50:15.5489, -0.03808606, 0.006386518
21:50:15.5802, -0.03824186, 0.009273976
21:50:15.6114, -0.03606808, 0.008563787
21:50:15.6425, -0.02316833, -0.03249145
21:50:15.6725, 0.002191424, -0.1109658
21:50:15.7022, 0.03044939, -0.1927571
21:50:15.7319, 0.04296589, -0.2406048
21:50:15.7621, 0.05076265, -0.2725201
21:50:15.7912, 0.05744267, -0.2843742
21:50:15.8229, 0.06145608, -0.2922404
21:50:15.8527, 0.06381917, -0.3086474
21:50:15.8827, 0.06066012, -0.313448
21:50:15.9118, 0.05873334, -0.3240222
21:50:15.9423, 0.05941916, -0.3223315
21:50:15.9731, 0.06074667, -0.3242646
21:50:16.0026, 0.06211817, -0.327395
21:50:16.0344, 0.04949403, -0.3242379
21:50:16.0636, 0.03954184, -0.3198975
21:50:16.0953, 0.02896059, -0.3146266
21:50:16.1239, 0.01650238, -0.3083663
21:50:16.1536, 0.005851388, -0.2994925
21:50:16.1852, -0.0008856058, -0.2962314
21:50:16.2148, -0.007936954, -0.2923533
21:50:16.2451, -0.01366389, -0.2833678
21:50:16.2743, -0.01908302, -0.2773651
21:50:16.3058, -0.02127761, -0.2755061
21:50:16.3360, -0.02378988, -0.2771657
21:50:16.3649, -0.0254637, -0.2743714
21:50:16.3957, -0.02924037, -0.2710705
21:50:16.4269, -0.03176832, -0.2710265
21:50:16.4569, -0.03235996, -0.2700644
21:50:16.4875, -0.03227365, -0.2699864
21:50:16.5173, -0.03197521, -0.270353
21:50:16.5479, -0.04514158, -0.2558335
21:50:16.5766, -0.08008361, -0.1893132
21:50:16.6083, -0.1166294, -0.1206901
21:50:16.6374, -0.1439546, -0.06414223
21:50:16.6680, -0.1648837, -0.04336774
21:50:16.6998, -0.1733663, -0.02004313
21:50:16.7289, -0.1777596, -0.007368088
21:50:16.7582, -0.1800256, -0.005979538
21:50:16.7888, -0.1773868, 0.01045373
21:50:16.8194, -0.1776372, 0.01673067
21:50:16.8500, -0.1823761, 0.01789334
21:50:16.8795, -0.1890427, 0.02755678
21:50:16.9108, -0.1948027, 0.03904387
21:50:16.9404, -0.1951694, 0.04926297
21:50:16.9706, -0.1962255, 0.05314422
21:50:17.0012, -0.1969904, 0.05491114
21:50:17.0298, -0.1971909, 0.05065632
21:50:17.0606, -0.198017, 0.04931995
21:50:17.0896, -0.2009007, 0.04903913
21:50:17.1231, -0.2056085, 0.04912066
21:50:17.1519, -0.2072321, 0.05013636
21:50:17.1832, -0.1946748, 0.002186507
21:50:17.2118, -0.1752369, -0.07308173
21:50:17.2421, -0.1541892, -0.1390605
21:50:17.2715, -0.1484771, -0.2005723
21:50:17.3013, -0.1406626, -0.2478344
21:50:17.3328, -0.1394864, -0.2688999
21:50:17.3631, -0.1371232, -0.2847497
21:50:17.3936, -0.1399594, -0.2854815
21:50:17.4227, -0.1360493, -0.2944876
21:50:17.4539, -0.1328896, -0.2997586
21:50:17.4834, -0.1316222, -0.2963581
21:50:17.5137, -0.1296309, -0.2979532
21:50:17.5432, -0.1282399, -0.2949471
21:50:17.5731, -0.127546, -0.2952014
21:50:17.6052, -0.1283886, -0.2925994
21:50:17.6355, -0.1241738, -0.2584058
21:50:17.6647, -0.1174838, -0.1756649
21:50:17.6954, -0.1103439, -0.08000064
21:50:17.7260, -0.1042713, -0.004255772
21:50:17.7554, -0.103719, 0.02261698
21:50:17.7861, -0.1045456, 0.04381502
21:50:17.8159, -0.1018702, 0.05949906
21:50:17.8466, -0.0981977, 0.06341481
21:50:17.8765, -0.0978142, 0.06325603
21:50:17.9079, -0.09915996, 0.06855938
21:50:17.9374, -0.09311306, 0.07365915
21:50:17.9656, -0.05817521, 0.0373621
21:50:17.9980, -0.0161773, 0.00158608
21:50:18.0276, 0.02340746, -0.03274465
21:50:18.0575, 0.05899239, -0.05758715
21:50:18.0882, 0.08533418, -0.07577407
21:50:18.1178, 0.1029344, -0.09437382
21:50:18.1477, 0.1152053, -0.1057074
21:50:18.1790, 0.122345, -0.116063
21:50:18.2090, 0.1234237, -0.1194618
21:50:18.2398, 0.1125935, -0.1144817
21:50:18.2697, 0.1067665, -0.1141217
21:50:18.2986, 0.1029682, -0.1109208
21:50:18.3298, 0.1005077, -0.1101538
21:50:18.3598, 0.0977428, -0.1087211
21:50:18.3977, 0.09506965, -0.1050663
21:50:18.4193, 0.09136689, -0.1010801
21:50:18.4509, 0.08615196, -0.09850562
21:50:18.4807, 0.07992792, -0.09398174
21:50:18.5112, 0.06500649, -0.1004592
21:50:18.5411, 0.02538562, -0.1115316
21:50:18.5706, -0.006027222, -0.125296
21:50:18.6016, -0.03027356, -0.138027
21:50:18.6319, -0.05201042, -0.1404984
21:50:18.6615, -0.07141882, -0.1428447
21:50:18.6924, -0.08539665, -0.1470006
21:50:18.7211, -0.09365952, -0.1523272
21:50:18.7534, -0.1011122, -0.1570191
21:50:18.7828, -0.1043737, -0.1609123
21:50:18.8141, -0.1064547, -0.1618668
21:50:18.8424, -0.1094638, -0.1603863
21:50:18.8722, -0.1119601, -0.1565117
21:50:18.9025, -0.113629, -0.1531562
21:50:18.9344, -0.1172341, -0.1485189
21:50:18.9637, -0.1196504, -0.1351844
21:50:18.9935, -0.1229597, -0.122277
21:50:19.0244, -0.1268355, -0.1092415
21:50:19.0552, -0.1308917, -0.09877467
21:50:19.0851, -0.1342736, -0.08560121
21:50:19.1148, -0.1349334, -0.07241559
21:50:19.1438, -0.1355277, -0.0554657
21:50:19.1751, -0.1391578, -0.04505646
21:50:19.2067, -0.1452449, -0.03818119
21:50:19.2353, -0.1469664, -0.03391457
21:50:19.2657, -0.1843842, -0.07034886
21:50:19.2968, -0.230595, -0.1399938
21:50:19.3259, -0.2714227, -0.1987722
21:50:19.3566, -0.3070169, -0.2453707
21:50:19.3857, -0.3281551, -0.2740574
21:50:19.4182, -0.3378782, -0.2988003
21:50:19.4479, -0.3476878, -0.3126342
21:50:19.4766, -0.3550109, -0.3240998
21:50:19.5069, -0.357743, -0.3284786
21:50:19.5383, -0.3790609, -0.3312124
21:50:19.5675, -0.3932872, -0.3365966
21:50:19.5981, -0.4033153, -0.3525467
21:50:19.6288, -0.4079662, -0.3549902
21:50:19.6580, -0.4063307, -0.3577342
21:50:19.6894, -0.4096144, -0.3589114
21:50:19.7193, -0.4106146, -0.363966
21:50:19.7495, -0.4118203, -0.3708004
21:50:19.7798, -0.4141874, -0.371218
21:50:19.8093, -0.4142631, -0.3695636
21:50:19.8387, -0.4140762, -0.372566
21:50:19.8699, -0.4138985, -0.3773764
21:50:19.8986, -0.4144329, -0.3809769
21:50:19.9317, -0.4164165, -0.3858196
21:50:19.9616, -0.4185766, -0.3916134
21:50:19.9906, -0.4207996, -0.3958963
21:50:20.0206, -0.4208138, -0.3982849
21:50:20.0509, -0.4202214, -0.4020833
21:50:20.0815, -0.4195396, -0.4047993
21:50:20.1109, -0.4025545, -0.3977181
21:50:20.1412, -0.302983, -0.3290253
21:50:20.1730, -0.1672753, -0.2108657
21:50:20.2028, -0.07376099, -0.111873
21:50:20.2313, -0.01785874, -0.05447018
21:50:20.2628, 0.01930749, -0.02544308
21:50:20.2935, 0.09250998, 0.07527387
21:50:20.3227, 0.1502776, 0.1600612
21:50:20.3521, 0.1619924, 0.1942898
21:50:20.3831, 0.173299, 0.222454
21:50:20.4133, 0.190685, 0.2665389
21:50:20.4428, 0.2032478, 0.2976913
21:50:20.4751, 0.2143657, 0.3133466
21:50:20.5039, 0.2214115, 0.3263147
21:50:20.5347, 0.225292, 0.3452184
21:50:20.5644, 0.2274072, 0.3544127
21:50:20.5944, 0.2286608, 0.3612833
21:50:20.6259, 0.2300041, 0.3684006
21:50:20.6550, 0.2298427, 0.3732152
21:50:20.6856, 0.2195652, 0.3702001
21:50:20.7146, 0.1524216, 0.3200914
21:50:20.7465, 0.01199579, 0.1903068
21:50:20.7769, -0.104248, 0.07719684
21:50:20.8051, -0.175287, -0.001532912
21:50:20.8364, -0.2120308, -0.03119922
21:50:20.8665, -0.2264032, -0.06989801
21:50:21.0168, -0.4327185, -0.468923
21:50:21.0465, -0.4137864, -0.4262906
21:50:21.0773, -0.4119363, -0.4090159
21:50:21.1073, -0.4128718, -0.4075487
21:50:21.1369, -0.4100864, -0.4000126
21:50:21.1677, -0.404438, -0.3896278
21:50:21.1989, -0.3945916, -0.3834145
21:50:21.2292, -0.3842068, -0.3723409
21:50:21.2599, -0.3797232, -0.3640242
21:50:21.2907, -0.3816447, -0.3561553
21:50:21.3215, -0.379301, -0.3494416
21:50:21.3499, -0.3755605, -0.3433192
21:50:21.3803, -0.3759577, -0.3418058
21:50:21.4110, -0.3440782, -0.3176961
21:50:21.4411, -0.2667991, -0.2627841
21:50:21.4715, -0.189221, -0.1969249
21:50:21.5016, -0.1276885, -0.144624
21:50:21.5298, -0.09254056, -0.1172734
21:50:21.5623, -0.07317865, -0.09945285
21:50:21.5922, -0.06195986, -0.08619118
21:50:21.6225, -0.05885518, -0.07296908
21:50:21.6530, -0.00565511, -0.02920544
21:50:21.6824, 0.04608703, 0.05335116
21:50:21.7120, 0.08162427, 0.1159742
21:50:21.7438, 0.1037514, 0.1582756
21:50:21.7722, 0.1178759, 0.1754509
21:50:21.8023, 0.1255209, 0.1767894
21:50:21.8327, 0.1270416, 0.1845322
21:50:21.8638, 0.09341621, 0.1646866
21:50:21.8943, 0.0771327, 0.1516565
21:50:21.9249, 0.05788231, 0.1372333
21:50:21.9527, 0.03187943, 0.1213201
21:50:21.9840, 0.009310484, 0.1078672
21:50:22.0144, -0.01253271, 0.08900002
21:50:22.0450, -0.02923286, 0.07912537
21:50:22.0749, -0.04412818, 0.07067111
21:50:22.1044, -0.05398667, 0.06532958
21:50:22.1358, -0.06214595, 0.0605655
21:50:22.1665, -0.07026917, 0.05937827
21:50:22.1969, -0.07462454, 0.05675963
21:50:22.2275, -0.09248102, 0.03406954
21:50:22.2571, -0.122283, -0.01209199
21:50:22.2859, -0.1453616, -0.03191054
21:50:22.3180, -0.1665847, -0.05024254
21:50:22.3465, -0.1804397, -0.05961311
21:50:22.3767, -0.1935185, -0.07528782
21:50:22.4082, -0.2053679, -0.09188437
21:50:22.4370, -0.2073423, -0.09367919
21:50:22.4687, -0.2077108, -0.09525406
21:50:22.4980, -0.2082009, -0.09883487
21:50:22.5279, -0.2087697, -0.1006174
21:50:22.5585, -0.2090937, -0.1031345
21:50:22.5882, -0.2046254, -0.1017824
21:50:22.6178, -0.1984454, -0.0967257
21:50:22.6494, -0.1916932, -0.09099996
21:50:22.6811, -0.1802491, -0.08277667
21:50:22.7088, -0.1684704, -0.07282841
21:50:22.7398, -0.157195, -0.06341565
21:50:22.7700, -0.1488556, -0.06011128
21:50:22.7998, -0.1406219, -0.054245
21:50:22.8300, -0.1326771, -0.05117798
21:50:22.8604, -0.1277354, -0.05068529
21:50:22.8909, -0.1242985, -0.04803371
21:50:22.9212, -0.1232213, -0.04807234
21:50:22.9515, -0.1224434, -0.04839849
21:50:22.9810, -0.1217561, -0.0478003
21:50:23.0118, -0.1197281, -0.04900062
21:50:23.0416, -0.121099, -0.05878878
21:50:23.0721, -0.1386552, -0.102077
21:50:23.1017, -0.1618544, -0.1590996
21:50:23.1319, -0.1778654, -0.2100662
21:50:23.1632, -0.1931033, -0.2451947
21:50:23.1921, -0.2049921, -0.2678596
21:50:23.2234, -0.2137778, -0.2782297
21:50:23.2540, -0.2181967, -0.2844903
21:50:23.2835, -0.2232385, -0.2844719
21:50:23.3138, -0.2269713, -0.2881446
21:50:23.3440, -0.2303166, -0.2909843
21:50:23.3746, -0.2818215, -0.3227206
21:50:23.4049, -0.3338772, -0.3499457
21:50:23.4342, -0.3702549, -0.3694657
21:50:23.4654, -0.3971616, -0.3763363
21:50:23.4956, -0.4105028, -0.3946006
21:50:23.5246, -0.3671165, -0.3635712
21:50:23.5549, -0.345495, -0.3498853
21:50:23.5854, -0.2981154, -0.3148721
21:50:23.6164, -0.2483687, -0.2758409
21:50:23.6467, -0.2061735, -0.2429749
21:50:23.6768, -0.1762285, -0.2238504
21:50:23.7055, -0.154334, -0.2106218
21:50:23.7371, -0.1382179, -0.2035879
21:50:23.7668, -0.1277252, -0.2017369
21:50:23.7969, -0.1187725, -0.1975781
21:50:23.8267, -0.06025124, -0.1744541
21:50:23.8578, -0.01076335, -0.1634808
21:50:23.8867, 0.02423871, -0.1470034
21:50:23.9171, 0.04709911, -0.1424766
21:50:23.9476, 0.06105852, -0.1360195
21:50:23.9776, 0.07323623, -0.126083
21:50:24.0087, 0.08104086, -0.1183827
21:50:24.0401, 0.0855329, -0.1162851
21:50:24.0684, 0.08830857, -0.1128035
21:50:24.0983, 0.07364821, -0.1240218
21:50:24.1298, 0.06711125, -0.1291832
21:50:24.1594, 0.05923235, -0.1339437
21:50:24.1903, 0.04674733, -0.1385506
21:50:24.2204, 0.03284431, -0.145152
21:50:24.2490, 0.01798248, -0.1559191
21:50:24.2798, 0.005899191, -0.1620594
21:50:24.3112, -0.003296733, -0.1696163
21:50:24.3410, -0.00976491, -0.1754972
21:50:24.3725, -0.01384139, -0.1762739
21:50:24.4009, 0.001070619, -0.1626294
21:50:24.4307, 0.01562929, -0.1456238
21:50:24.4607, 0.04041159, -0.1149508
21:50:24.4913, 0.0650053, -0.08263469
21:50:24.5208, 0.0875386, -0.05247581
21:50:24.5511, 0.1012847, -0.03866565
21:50:24.5820, 0.1120412, -0.02521098
21:50:24.6127, 0.1206834, -0.0182066
21:50:24.6413, 0.1272126, -0.01226938
21:50:24.6734, 0.1301062, -0.009455323
21:50:24.7040, 0.1340568, -0.006615043
21:50:24.7341, 0.1352304, -0.005002499
21:50:24.7636, 0.1365495, -0.003801227
21:50:24.7944, 0.1371852, -0.003896832
21:50:24.8228, 0.1386423, -0.004566431
21:50:24.8551, 0.1394614, -0.004341483
21:50:24.8854, 0.1400349, -0.004602313
21:50:24.9133, 0.1400428, -0.003400087
21:50:24.9450, 0.1306963, -0.01472795
21:50:24.9757, 0.1092901, -0.04017258
21:50:25.0049, 0.08295703, -0.06986308
21:50:25.0365, 0.06091869, -0.1015925
21:50:25.0667, 0.04234827, -0.1212335
21:50:25.0958, 0.02831125, -0.1281636
21:50:25.1268, 0.01632154, -0.1317164
21:50:25.1553, 0.008473635, -0.1339097
21:50:25.1866, -0.01411915, -0.1328511
21:50:25.2168, -0.03950518, -0.1085818
21:50:25.2474, -0.06043792, -0.08670712
21:50:25.2767, -0.07511747, -0.07980275
21:50:25.3068, -0.08756483, -0.07230866
21:50:25.3365, -0.09489191, -0.06410539
21:50:25.3684, -0.09879303, -0.05728221
21:50:25.3976, -0.1032807, -0.05087483
21:50:25.4268, -0.1054471, -0.04616368
21:50:25.4587, -0.1069866, -0.04007769
21:50:25.4884, -0.1088127, -0.03593373
21:50:25.5179, -0.1107913, -0.03391242
21:50:25.5483, -0.1125062, -0.03173053
21:50:25.5785, -0.1135637, -0.02869034
21:50:25.6083, -0.1140962, -0.02751899
21:50:25.6397, -0.1150833, -0.02584612
21:50:25.6687, -0.1158143, -0.02256632
21:50:25.7000, -0.1164948, -0.02022135
21:50:25.7298, -0.1174134, -0.01935518
21:50:25.7589, -0.117545, -0.01932168
21:50:25.7907, -0.1171383, -0.01904905
21:50:25.8210, -0.117476, -0.01996052
21:50:25.8515, -0.1176805, -0.02041602
21:50:25.8804, -0.05854684, -0.03180218
21:50:25.9116, 0.1904755, -0.1098229
21:50:25.9419, 0.4020365, -0.175045
21:50:25.9713, 0.5139158, -0.2025371
21:50:26.0011, 0.5773237, -0.2091955
21:50:26.0316, 0.6125674, -0.2170339
21:50:26.0634, 0.63052, -0.2208247
21:50:26.0928, 0.6394923, -0.2220253
21:50:26.1230, 0.6438463, -0.2214029
21:50:26.1536, 0.6473882, -0.2201196
21:50:26.1846, 0.647799, -0.2235548
21:50:26.2144, 0.6511298, -0.2218606
21:50:26.2447, 0.6521142, -0.2213397
21:50:26.2734, 0.6512798, -0.2204597
21:50:26.3041, 0.6489692, -0.2209806
21:50:26.3346, 0.6393598, -0.2203852
21:50:26.3617, 0.5537167, -0.2132783
21:50:26.3943, 0.2753205, -0.1448333
21:50:26.4249, 0.05771542, -0.08875513
21:50:26.4547, -0.06162393, -0.05541909
21:50:26.4842, -0.1132814, -0.08671498
21:50:26.6355, -0.04193687, -0.3430309
21:50:26.6657, -0.05928516, -0.272463
21:50:26.6964, -0.06099612, -0.2165165
21:50:26.7266, -0.07166696, -0.2106043
21:50:26.7575, -0.08100212, -0.1919399
21:50:26.7868, -0.08912182, -0.1632215
21:50:26.8169, -0.09114587, -0.1436417
21:50:26.8475, -0.09575129, -0.1210918
21:50:26.8781, -0.09709942, -0.1085331
21:50:26.9069, -0.1003796, -0.09720278
21:50:26.9383, -0.101107, -0.08847511
21:50:26.9689, -0.1035709, -0.08380938
21:50:26.9985, -0.1019717, -0.07781184
21:50:27.0289, -0.1017714, -0.07521117
21:50:27.0599, -0.1025486, -0.07439315
21:50:27.0885, -0.1025553, -0.07083654
21:50:27.1195, -0.101159, -0.06687033
21:50:27.1483, -0.1019646, -0.06334734
21:50:27.1800, -0.1001562, -0.06268907
21:50:27.2099, -0.09393799, -0.05849302
21:50:27.2406, -0.08867025, -0.05746222
21:50:27.2708, -0.0832873, -0.05598509
21:50:27.3011, -0.0775817, -0.05291986
21:50:27.3300, -0.07326841, -0.05161548
21:50:27.3605, -0.07017052, -0.04772079
21:50:27.3921, -0.06602269, -0.04519677
21:50:27.4217, -0.06219757, -0.04074049
21:50:27.4515, -0.05891031, -0.04003799
21:50:27.4833, -0.05528933, -0.03418946
21:50:27.5129, -0.05282778, -0.03042614
21:50:27.5478, -0.04954344, -0.0268358
21:50:27.5713, -0.04784286, -0.02473569
21:50:27.6030, -0.04793739, -0.02398646
21:50:27.6332, -0.04745066, -0.02307701
21:50:27.6641, -0.04769874, -0.01998961
21:50:27.6929, -0.04804564, -0.01767468
21:50:27.7233, -0.04825521, -0.01724637
21:50:27.7548, -0.04842061, -0.01866388
21:50:27.7835, -0.04848218, -0.01760042
21:50:27.8142, -0.04841822, -0.01667702
21:50:27.8439, -0.04830766, -0.0168041
21:50:27.8747, -0.04883295, -0.01605904
21:50:27.9056, -0.04861653, -0.01597631
21:50:27.9350, -0.04856777, -0.01620126
21:50:27.9653, -0.05489087, -0.02095032
21:50:27.9955, -0.1072998, -0.04552627
21:50:28.0259, -0.1704407, -0.07094753
21:50:28.0567, -0.2240509, -0.1001581
21:50:28.0865, -0.268411, -0.1135653
21:50:28.1165, -0.2971203, -0.1135489
21:50:28.1478, -0.3156788, -0.122139
21:50:28.1766, -0.3310937, -0.1171402
21:50:28.2084, -0.3338666, -0.1241468
21:50:28.2390, -0.3377646, -0.1234453
21:50:28.2680, -0.3421048, -0.1282058
21:50:28.2966, -0.3372635, -0.1284548
21:50:28.3279, -0.2993234, -0.1521965
21:50:28.3575, -0.2422819, -0.1858308
21:50:28.3882, -0.1850129, -0.2241131
21:50:28.4188, -0.1394247, -0.2483189
21:50:28.4490, -0.106645, -0.2672056
21:50:28.4787, -0.08677852, -0.2795267
21:50:28.5093, -0.07515931, -0.2886634
21:50:28.5384, -0.05687594, -0.2955965
21:50:28.5703, -0.045555, -0.3010691
21:50:28.6001, -0.04261994, -0.3014851
21:50:28.6295, -0.03918642, -0.3003145
21:50:28.6594, -0.02076185, -0.2692887
21:50:28.6911, -0.005455613, -0.2476017
21:50:28.7211, 0.009968758, -0.2165885
21:50:28.7500, 0.02188921, -0.1968882
21:50:28.7799, 0.03111529, -0.1891874
21:50:28.8115, 0.04239273, -0.1794966
21:50:28.8413, 0.0490334, -0.1785593
21:50:28.8721, 0.04998982, -0.1748604
21:50:28.9024, 0.05024672, -0.1662309
21:50:28.9334, 0.04941082, -0.1611367
21:50:28.9636, 0.04755616, -0.1566435
21:50:28.9916, 0.04589081, -0.1559908
21:50:29.0229, 0.04398513, -0.155606
21:50:29.0520, 0.04295301, -0.1554289
21:50:29.0815, 0.04290998, -0.1567371
21:50:29.1137, 0.04351354, -0.1585121
21:50:29.1434, 0.0439204, -0.1588382
21:50:29.1730, 0.04293609, -0.1550913
21:50:29.2051, 0.04616809, -0.1307924
21:50:29.2343, 0.04860282, -0.0948385
21:50:29.2639, 0.04999399, -0.06208479
21:50:29.2951, 0.04762363, -0.04402554
21:50:29.3241, 0.0427537, -0.02797866
21:50:29.3553, 0.04153657, -0.01711893
21:50:29.3855, 0.0438323, -0.006496549
21:50:29.4156, 0.04596996, 0.0002452135
21:50:29.4458, 0.04630923, 0.005562305
21:50:29.4764, 0.04558969, 0.008876801
21:50:29.5066, 0.04608822, 0.01365495
21:50:29.5354, 0.02461386, 0.04673457
21:50:29.5676, -0.003626466, 0.1113277
21:50:29.5972, -0.02551877, 0.1658123
21:50:29.6256, -0.03994334, 0.2094145
21:50:29.6565, -0.05212128, 0.235492
21:50:29.6880, -0.05977654, 0.2533498
21:50:29.7189, -0.06490898, 0.2671156
21:50:29.7475, -0.06736875, 0.2717789
21:50:29.7791, -0.07066458, 0.2756479
21:50:29.8083, -0.07164353, 0.2819887
21:50:29.8388, -0.07130009, 0.293684
21:50:29.8690, -0.07140791, 0.3033944
21:50:29.8986, -0.07033837, 0.3052557
21:50:29.9304, -0.07133663, 0.3061997
21:50:29.9603, -0.07250702, 0.3041914
21:50:29.9899, -0.0722568, 0.3029191
21:50:30.0208, -0.07167971, 0.3051674
21:50:30.0495, -0.07097679, 0.3097566
21:50:30.0808, -0.07119894, 0.3102191
21:50:30.1092, -0.0705055, 0.3097595
21:50:30.1405, -0.0440231, 0.2982773
21:50:30.1709, -0.007379055, 0.2838404
21:50:30.2021, 0.03210211, 0.2664631
21:50:30.2309, 0.06627011, 0.2560112
21:50:30.2616, 0.09371066, 0.2525419
21:50:30.2908, 0.1106014, 0.2484446
21:50:30.3209, 0.1204031, 0.2454973
21:50:30.3526, 0.1301366, 0.2413764
21:50:30.3816, 0.1092079, 0.2022351
21:50:30.4127, 0.0798856, 0.1427948
21:50:30.4425, 0.04593921, 0.09908843
21:50:30.4742, 0.0197823, 0.04628059
21:50:30.5037, -0.0008826256, 0.02225021
21:50:30.5328, -0.01298189, 0.002552748
21:50:30.5625, -0.02268529, -0.00951767
21:50:30.5932, -0.03087527, -0.01988637
21:50:30.6232, -0.03686118, -0.02999377
21:50:30.6540, -0.04168725, -0.03483343
21:50:30.6844, -0.04294592, -0.03613734
21:50:30.7146, -0.04324746, -0.03543437
21:50:30.7452, -0.04407144, -0.03629768
21:50:30.7746, -0.04453492, -0.04065514
21:50:30.8048, -0.04531616, -0.04445982
21:50:30.8355, -0.04533708, -0.04611158
21:50:30.8657, -0.04543865, -0.04963696
21:50:30.8958, -0.04592144, -0.05176866
21:50:30.9254, -0.04587531, -0.05267346
21:50:30.9553, -0.04565018, -0.0533812
21:50:30.9859, -0.04550326, -0.05392623
21:50:31.0158, -0.04494798, -0.05493486
21:50:31.0465, -0.044231, -0.05508757
21:50:31.0769, -0.0438453, -0.05434072
21:50:31.1067, -0.04329515, -0.05386662
21:50:31.2858, -0.00365597, -0.06752968
21:50:31.3157, 0.004926205, -0.05569351
21:50:31.3481, 0.01478481, -0.03860664
21:50:31.3788, -0.002791643, -0.006775141
21:50:31.4088, 0.0004612207, 0.009129971
21:50:31.4395, -0.005386353, 0.0178709
21:50:31.4689, -0.009813368, 0.02887055
21:50:31.4988, -0.01841533, 0.04530385
21:50:31.5297, -0.02395821, 0.05285618
21:50:31.5596, -0.02976608, 0.0575659
21:50:31.5902, -0.03638756, 0.06358862
21:50:31.6212, -0.04219449, 0.06327617
21:50:31.6503, -0.06203306, 0.02391887
21:50:31.6809, -0.09693849, -0.0549221
21:50:31.7120, -0.1309893, -0.127301
21:50:31.7410, -0.1590644, -0.1838461
21:50:31.7708, -0.1788732, -0.2240999
21:50:31.8012, -0.1928885, -0.2610308
21:50:31.8313, -0.1990101, -0.2774202
21:50:31.8619, -0.2044564, -0.2820162
21:50:31.8923, -0.1852646, -0.2658317
21:50:31.9219, -0.1710778, -0.2500795
21:50:31.9524, -0.1627526, -0.241462
21:50:31.9815, -0.1515362, -0.2302285
21:50:32.0126, -0.1386058, -0.2159722
21:50:32.0413, -0.1236194, -0.2040409
21:50:32.0751, -0.1124375, -0.1895074
21:50:32.1031, -0.1004436, -0.1779109
21:50:32.1332, -0.08623093, -0.1572168
21:50:32.1630, -0.07507044, -0.1389179
21:50:32.1934, -0.06536591, -0.1206049
21:50:32.2243, -0.05871081, -0.1115396
21:50:32.2544, -0.0513134, -0.1036658
21:50:32.2852, -0.04444343, -0.09790599
21:50:32.3147, -0.04162693, -0.09218872
21:50:32.3441, -0.0388456, -0.09045184
21:50:32.3758, -0.0373978, -0.08828962
21:50:32.4050, -0.03700912, -0.08842731
21:50:32.4367, -0.03736246, -0.0865351
21:50:32.4668, -0.03690326, -0.0856657
21:50:32.4967, -0.03626215, -0.08465767
21:50:32.5251, -0.03529203, -0.08450842
21:50:32.5554, -0.03479099, -0.08519018
21:50:32.5864, -0.03420424, -0.08497608
21:50:32.6168, -0.03387505, -0.0840838
21:50:32.6464, -0.03363431, -0.08318329
21:50:32.6765, -0.03330952, -0.08311343
21:50:32.7081, -0.03560388, -0.08961749
21:50:32.7379, -0.04402721, -0.1059731
21:50:32.7669, -0.05519164, -0.1287574
21:50:32.7981, -0.062828, -0.1430477
21:50:32.8291, -0.07050157, -0.1575938
21:50:32.8574, -0.07612646, -0.1723127
21:50:32.8886, -0.08162111, -0.1840971
21:50:32.9184, -0.08839643, -0.1955997
21:50:32.9500, -0.09585559, -0.2015777
21:50:32.9787, -0.1014059, -0.2078875
21:50:33.0105, -0.1046147, -0.2112385
21:50:33.0402, -0.1065627, -0.2153946
21:50:33.0709, -0.1074713, -0.2182869
21:50:33.0997, -0.1075659, -0.218715
21:50:33.1303, -0.1095245, -0.2238036
21:50:33.1603, -0.1207861, -0.2462403
21:50:33.1911, -0.1369733, -0.2708426
21:50:33.2199, -0.144734, -0.2985896
21:50:33.2526, -0.1482042, -0.3148808
21:50:33.2807, -0.1520295, -0.3313527
21:50:33.3135, -0.158658, -0.3410076
21:50:33.3423, -0.1659889, -0.3476146
21:50:33.3711, -0.169683, -0.3557439
21:50:33.4021, -0.15793, -0.343302
21:50:33.4340, -0.1525851, -0.3358102
21:50:33.4640, -0.1452777, -0.323719
21:50:33.4923, -0.1343269, -0.3084344
21:50:33.5237, -0.1215546, -0.2917105
21:50:33.5539, -0.1084996, -0.2769631
21:50:33.5850, -0.100713, -0.2603698
21:50:33.6134, -0.09622765, -0.243974
21:50:33.6439, -0.09198952, -0.2332398
21:50:33.6752, -0.0896638, -0.2223392
21:50:33.7059, -0.09102225, -0.2217057
21:50:33.7349, -0.1051912, -0.240068
21:50:33.7660, -0.1284111, -0.2741246
21:50:33.7964, -0.159614, -0.3280604
21:50:33.8254, -0.1881194, -0.3755038
21:50:33.8554, -0.2110147, -0.4105129
21:50:33.8864, -0.2266501, -0.4373058
21:50:33.9164, -0.2333807, -0.4434674
21:50:33.9482, -0.2091614, -0.410063
21:50:33.9765, -0.2016327, -0.3977166
21:50:34.0067, -0.1887026, -0.3717922
21:50:34.0380, -0.166193, -0.3327348
21:50:34.0669, -0.1459748, -0.2925303
21:50:34.0986, -0.1303719, -0.2663187
21:50:34.1278, -0.120653, -0.2464377
21:50:34.1579, -0.1109563, -0.2302606
21:50:34.1879, -0.1052781, -0.2159979
21:50:34.2169, -0.1012906, -0.2092112
21:50:34.2472, -0.1007968, -0.2050564
21:50:34.2779, -0.09999692, -0.2038822
21:50:34.3097, -0.09942436, -0.203112
21:50:34.3391, -0.09675771, -0.2026143
21:50:34.3691, -0.09605938, -0.2010565
21:50:34.3993, -0.09616327, -0.2000151
21:50:34.4294, -0.09740758, -0.1977595
21:50:34.4596, -0.09719968, -0.1968541
21:50:34.4889, -0.09225857, -0.1806952
21:50:34.5195, -0.08748531, -0.1540602
21:50:34.5506, -0.0817551, -0.1223655
21:50:34.5805, -0.07595164, -0.1048577
21:50:34.6104, -0.07454628, -0.09214175
21:50:34.6416, -0.07461751, -0.0829767
21:50:34.6709, -0.0747565, -0.07247531
21:50:34.7001, -0.07201189, -0.066221
21:50:34.7319, -0.07055378, -0.06452608
21:50:34.7615, -0.07046545, -0.06134009
21:50:34.7906, -0.07151103, -0.06146491
21:50:34.8223, -0.07175231, -0.06009185
21:50:34.8534, -0.07125962, -0.05877829
21:50:34.8822, -0.07042503, -0.05708265
21:50:34.9126, -0.07043141, -0.05578101
21:50:34.9436, -0.07097805, -0.05562985
21:50:34.9740, -0.06986666, -0.06714261
